item_id,order_id,product_id,quantity,unit_price,discount_percent
1,704,542,5,1832.51,90.73
2,1789,202,5,1092.53,35.97
3,2790,69,1,828.56,43.11
4,3599,102,6,1670.79,72.7
5,488,338,9,452.42,80.3
6,702,599,10,2158.34,64.31
7,1311,585,2,1461.41,60.76
8,903,292,9,27.03,8.41
9,3251,592,9,1456.89,58.05
10,3377,330,5,393.05,90.58
11,251,111,3,1131.06,89.0
12,4146,310,3,1757.58,43.58
13,4265,401,9,1014.08,62.42
14,4444,151,9,1163.74,93.95
15,3159,469,10,2218.42,32.69
16,3411,320,10,2391.91,69.38
17,2568,196,10,1991.78,71.93
18,780,101,9,484.81,51.74
19,2944,413,3,2073.77,53.36
20,1932,297,3,465.75,25.07
21,1209,258,1,992.39,94.27
22,1989,162,8,34.97,13.94
23,2074,163,4,611.94,42.39
24,3884,395,1,83.8,77.28
25,1622,549,10,1238.8,70.61
26,3849,310,7,139.0,53.91
27,1099,77,8,108.9,65.03
28,425,21,3,610.34,21.87
29,3035,75,1,56.49,67.32
30,4040,149,10,716.31,46.2
31,1498,443,3,872.42,88.54
32,4357,213,7,1487.88,48.54
33,1917,595,7,1381.76,69.93
34,848,565,4,431.46,92.79
35,3124,197,10,2425.91,62.66
36,3494,529,8,63.14,88.46
37,1903,361,1,2260.43,45.66
38,4933,377,4,1451.25,7.08
39,4740,192,2,1689.41,65.08
40,3831,59,6,871.99,81.51
41,3072,7,1,1810.8,55.16
42,4734,410,5,502.57,34.65
43,3397,129,7,1924.06,23.77
44,4742,368,1,191.67,78.11
45,2941,285,5,1873.15,16.29
46,2758,104,6,498.4,84.61
47,2683,69,4,884.04,9.63
48,2904,113,7,2302.59,70.4
50,3514,235,4,1010.74,35.55
52,1167,145,8,600.77,13.43
53,3819,41,8,2482.69,19.87
54,4465,115,3,358.42,8.02
55,4312,584,2,1877.79,35.33
56,2623,143,5,2386.0,12.0
57,2599,596,3,1063.55,75.74
58,1782,73,8,228.32,60.63
59,862,17,4,2490.82,50.39
60,442,443,3,1832.69,33.43
61,216,28,10,594.84,92.78
62,154,250,2,1765.41,29.78
63,307,46,6,331.18,50.08
64,2072,25,5,1364.49,44.77
65,3463,65,3,1067.28,55.02
66,1570,189,9,1901.13,28.15
67,89,215,10,1665.2,96.26
68,2551,508,5,646.97,72.42
69,856,45,5,1034.28,6.63
70,2411,405,1,14.84,1.2
71,1000,241,5,847.21,33.4
72,1091,49,8,1804.67,75.98
73,1048,238,3,1496.02,35.73
74,698,501,8,950.65,78.11
75,4915,573,9,2352.95,55.43
76,3719,503,9,1064.56,73.55
77,1784,513,6,1206.15,65.63
78,4969,550,3,219.22,97.1
79,1317,43,4,701.56,47.66
80,958,259,1,804.52,73.93
81,693,468,7,2072.47,22.33
82,251,511,2,2404.98,57.87
83,329,254,7,1569.68,79.54
84,2614,523,6,835.31,19.27
85,4419,334,10,603.68,39.13
86,2285,314,3,1506.37,76.72
87,665,578,10,797.34,3.11
88,2573,431,7,2242.05,0.84
89,612,364,1,501.08,55.89
90,2838,368,5,1709.28,34.82
91,2619,274,6,713.21,75.93
92,4229,424,1,1145.52,69.85
93,4408,169,9,1614.42,89.75
94,868,33,3,1853.27,45.55
95,75,284,3,63.94,75.61
96,558,128,5,1957.9,29.5
97,3007,504,2,1348.16,1.56
98,189,319,5,1384.36,40.89
99,2107,280,2,380.85,43.34
100,4077,61,5,1742.3,56.3
101,942,17,7,2449.36,50.21
102,1892,249,8,401.01,46.32
103,2407,230,1,1966.72,2.91
104,3082,434,4,1933.97,56.63
105,2101,62,10,1889.36,63.91
106,1865,526,1,2456.7,80.28
107,4098,588,8,365.4,40.39
108,3827,23,10,713.45,52.74
109,1570,61,2,242.18,42.6
110,2028,86,5,2037.04,92.23
111,794,523,7,1969.98,16.61
112,3889,59,6,63.72,27.12
113,1267,363,8,2221.87,80.61
114,2709,216,8,956.06,31.52
115,599,345,3,652.01,63.7
116,222,141,2,79.14,1.16
117,3294,598,2,517.72,78.41
118,1447,78,6,2444.65,30.93
119,3473,449,3,1638.42,94.62
120,4592,272,6,1677.74,31.6
121,3354,112,7,2408.67,31.27
122,2549,277,10,1839.05,41.31
123,2699,323,2,532.04,76.32
124,1264,412,6,1329.62,71.98
125,4374,110,10,681.58,61.2
126,1499,197,5,342.58,34.73
127,2850,524,6,149.35,20.63
128,1405,521,6,1299.5,33.61
129,4073,521,8,229.19,68.61
130,2955,266,8,1973.02,82.24
131,2298,485,3,1235.93,48.24
132,2241,580,5,982.39,79.43
133,3500,290,4,2018.76,4.88
134,4359,524,1,2310.58,39.02
135,3748,373,9,2017.51,80.23
136,1867,576,8,885.57,65.16
137,3112,22,5,1461.2,13.97
138,2083,25,1,1174.79,85.97
139,2902,203,5,1511.6,4.35
140,1824,145,7,2107.59,74.32
141,4618,147,8,998.88,13.61
142,2431,207,2,319.69,39.42
143,3046,61,1,1626.22,23.11
144,4895,521,10,2336.71,25.87
145,3768,571,5,1437.29,15.53
146,4091,271,4,1429.07,72.59
147,2510,363,6,1781.02,35.4
148,951,178,8,1127.08,19.3
149,2359,148,2,1104.23,10.65
150,1189,287,4,2256.57,16.14
151,3229,133,10,1194.73,10.24
152,2217,32,7,1918.45,27.68
153,3191,345,1,1662.81,9.93
154,1896,517,3,207.84,12.28
155,1113,135,1,1334.42,60.31
156,2392,347,1,1473.28,16.97
157,1105,453,9,1951.81,89.99
158,2236,187,8,523.63,21.02
159,1878,468,5,491.88,78.75
160,1770,429,8,1926.64,57.85
161,2824,123,2,112.25,13.8
162,1353,70,1,651.07,89.4
163,4276,395,5,2391.47,56.93
164,2813,222,7,2187.72,6.83
165,913,27,6,896.68,0.43
166,537,570,10,1138.41,3.03
167,424,488,10,1560.52,84.13
168,1866,108,8,2456.19,61.23
169,2255,88,4,1857.77,51.72
170,1310,465,1,1677.91,99.77
171,220,539,10,381.95,54.41
173,1284,125,8,1310.89,84.53
174,2010,332,5,1429.88,77.24
175,618,336,3,2028.62,90.69
176,3806,360,10,296.32,36.08
178,3555,4,9,2216.11,28.3
179,97,174,2,2387.31,73.42
180,197,49,2,1114.82,62.53
181,2864,529,7,1754.66,48.46
182,2770,6,6,1473.38,57.5
183,354,304,2,1550.35,90.87
184,3202,423,3,1558.84,67.72
185,4110,440,3,2389.03,10.44
186,1101,41,2,778.08,96.76
187,2216,332,4,2284.13,68.2
188,1198,109,5,1222.61,38.61
189,4955,207,4,2147.2,90.43
190,3094,460,2,648.46,3.35
191,4586,430,9,1413.46,73.58
192,3658,278,6,1555.28,95.77
193,3578,469,2,1606.35,97.83
194,4129,459,5,1565.79,65.31
195,2598,222,8,1141.74,5.24
196,1743,113,3,1083.59,26.6
197,1207,265,10,2455.62,98.66
198,2216,451,8,16.83,3.93
199,2823,70,10,2006.48,83.8
200,4751,183,6,2464.52,89.99
201,412,226,10,1673.89,94.85
202,1707,351,3,1943.02,11.78
203,3964,190,6,2472.63,15.43
205,4809,118,10,924.85,14.19
206,3182,390,5,59.11,58.03
207,2734,503,1,2029.88,21.29
208,1684,32,10,513.44,91.0
209,2015,416,2,852.56,18.9
210,3553,549,10,674.75,89.0
211,3636,452,10,2042.75,2.76
212,3492,46,8,71.99,27.24
213,2278,246,7,626.33,44.51
214,4844,82,1,1826.63,66.05
215,2325,202,5,974.92,43.77
216,3756,448,7,474.28,7.93
217,4013,309,6,2082.8,73.91
218,4110,448,5,1078.42,52.35
219,4092,315,5,177.0,17.03
220,1916,66,9,634.22,72.58
221,3852,178,10,1051.48,70.88
222,1320,140,10,520.34,21.88
223,4294,164,10,315.46,56.32
225,2238,524,1,653.83,78.06
226,3957,73,7,914.81,82.76
227,3807,389,5,982.56,29.67
228,1890,591,7,220.45,9.87
229,3283,504,5,2302.36,81.92
230,3273,382,8,2042.89,71.96
231,2062,493,7,2431.93,4.69
232,4098,351,6,2126.17,13.97
233,2627,190,7,185.82,36.38
234,4402,532,5,1242.82,13.44
235,1177,480,9,907.88,74.04
236,3532,79,3,1720.48,55.4
237,4976,175,1,1491.33,53.62
238,3538,283,4,96.41,37.99
239,3399,443,8,513.4,3.74
240,719,264,3,625.46,19.4
241,4643,245,9,612.12,1.98
242,918,521,2,664.48,2.15
243,4357,332,6,864.41,49.82
244,2372,365,6,392.16,39.27
245,1580,422,6,1525.45,93.64
246,4287,217,6,800.28,93.75
247,1637,514,10,1146.13,92.54
248,3256,435,4,2285.53,43.2
249,1666,556,4,1783.0,57.52
250,2051,70,9,1165.3,53.39
251,3171,48,3,1734.33,60.0
252,3541,133,10,666.71,42.46
253,3855,432,10,1762.17,16.81
254,4397,291,4,352.1,52.52
255,3976,469,6,486.19,48.14
256,399,93,10,2033.51,0.39
257,4971,60,8,1702.39,99.68
258,1043,10,6,477.8,95.51
259,1054,128,8,1941.86,80.17
260,2245,361,2,1830.21,38.27
261,2218,428,5,1724.68,15.05
262,3482,418,2,550.49,79.2
263,2891,38,10,1309.59,28.79
264,2647,247,3,1687.26,9.13
266,2326,68,10,1684.68,89.4
267,2320,542,1,750.84,75.3
268,2294,378,6,46.06,95.48
269,2022,189,10,1293.57,85.5
270,3815,26,10,357.89,26.98
271,1657,89,5,69.88,61.97
272,4566,179,8,596.67,32.85
273,1059,501,4,1192.04,64.31
274,2812,264,8,1107.68,6.49
275,3898,231,3,850.51,31.0
276,798,185,2,2273.75,40.63
277,2024,595,2,550.72,77.19
278,1469,474,3,1772.43,83.23
279,805,213,2,2212.91,83.05
280,4665,52,4,1097.29,47.25
281,2708,517,9,460.53,28.8
282,1764,579,8,183.98,13.16
283,1811,461,10,2298.21,68.87
284,3618,355,2,1502.64,56.74
285,718,295,6,2007.08,8.43
286,1532,182,2,93.66,92.61
287,2665,91,7,124.19,71.71
288,2058,221,5,986.82,29.01
289,4616,429,4,1474.72,25.29
290,62,58,3,1163.84,15.02
291,4098,245,8,804.66,46.18
292,4156,457,1,2305.13,31.96
293,4929,224,8,479.0,75.06
294,358,45,4,2249.79,66.56
295,1152,351,4,1291.05,86.05
296,2710,291,8,1012.19,55.15
297,4529,317,2,2410.18,65.42
298,3451,222,4,558.35,71.17
299,3385,542,7,719.76,82.23
300,3366,206,2,838.91,46.55
301,557,528,8,922.46,78.76
302,3168,368,8,1762.05,56.63
303,3374,13,10,114.02,92.86
304,3668,323,4,392.08,56.94
305,4226,263,7,1597.19,8.83
306,1048,334,10,240.53,26.56
307,4816,378,6,2099.56,19.8
308,3249,424,3,122.23,7.01
309,2515,220,3,152.97,61.88
310,635,226,8,1977.29,15.53
311,999,17,10,1553.63,20.03
312,1559,157,3,423.83,63.8
313,2504,582,1,991.37,13.31
315,1741,302,9,1881.3,40.29
317,3091,317,7,1722.7,22.2
318,4630,317,1,533.8,40.85
319,2917,17,3,1328.15,33.54
320,3500,170,3,1431.45,79.28
321,1199,216,7,2019.91,77.81
322,1302,500,6,620.17,94.55
323,4963,170,7,1189.21,5.49
324,1577,247,5,640.76,25.14
325,864,48,7,890.06,93.73
326,3165,90,5,1371.65,98.03
327,4114,563,9,971.42,73.88
328,3858,174,9,686.88,25.06
329,2014,369,5,217.63,95.71
330,3417,89,10,581.57,29.97
331,4426,234,1,1741.55,23.53
332,4461,29,2,312.05,57.93
333,3448,600,4,179.61,13.52
334,4046,254,4,1582.78,60.99
335,1293,164,1,2326.65,2.78
336,4106,376,7,459.15,0.59
337,815,373,3,388.24,7.32
338,3236,223,4,1700.43,29.11
339,1454,82,1,428.22,4.55
340,4873,437,4,1214.93,3.5
341,2849,19,2,2244.94,94.86
342,3740,498,2,1592.65,39.89
343,113,8,10,1750.9,69.03
344,649,475,10,946.78,34.28
345,1427,302,4,2126.34,52.96
346,4181,493,5,293.19,91.31
347,4038,312,6,1094.05,11.53
348,480,566,8,1135.97,13.34
349,1527,34,3,2110.98,5.32
350,4258,10,10,2154.01,54.53
351,4653,117,4,455.02,20.49
352,104,26,2,942.9,60.03
353,624,560,4,591.26,68.32
354,3694,394,6,408.84,14.76
355,724,226,1,288.14,43.67
356,2377,170,10,1327.54,90.54
357,3165,506,4,1702.29,10.15
358,4142,114,2,291.22,43.3
359,4400,422,8,1844.77,95.31
360,786,342,1,480.12,39.7
361,3542,454,5,592.32,1.57
362,4698,307,3,218.34,68.58
363,190,290,6,2364.11,1.19
364,4276,288,4,1950.47,6.06
366,2386,423,6,2323.43,44.66
367,4131,257,4,1096.05,61.0
368,4581,233,1,2490.51,65.04
369,2410,42,7,855.96,50.99
370,64,87,6,1248.9,16.34
371,4874,454,3,613.51,72.51
372,212,121,9,2118.41,54.71
373,2958,111,4,234.08,15.77
374,3500,201,4,2126.08,53.42
375,4887,41,2,916.05,17.88
376,527,68,1,1689.28,63.8
377,3889,80,5,1800.35,46.09
378,2881,451,7,1421.18,91.24
379,1600,92,9,417.18,95.53
380,3669,26,5,776.68,29.78
381,4444,534,2,309.97,6.24
382,2248,344,2,1749.77,49.98
383,3409,73,7,1465.33,33.83
384,238,99,5,1215.01,56.82
385,2511,340,2,197.0,89.95
386,329,133,8,2211.93,66.55
388,1114,331,3,2156.47,72.85
389,2895,187,1,1334.97,52.41
390,1932,370,9,1774.8,49.89
391,4979,195,8,545.25,72.48
392,131,168,8,1753.07,25.49
393,4121,411,10,1668.29,19.54
394,2526,394,10,722.59,28.6
395,2036,600,3,1397.52,31.91
396,2842,135,7,1778.18,60.28
397,3411,465,9,1019.1,78.9
398,2732,232,3,2077.79,85.69
399,1295,58,1,2131.73,41.1
400,485,120,4,661.89,87.75
401,1608,262,2,2206.77,98.49
402,3405,217,3,1008.87,79.97
403,1491,223,9,495.45,45.94
404,2981,372,5,2000.04,11.72
405,2380,151,5,219.29,10.53
406,4718,272,6,739.64,56.76
407,1366,83,8,1583.12,53.15
408,2460,388,5,601.72,10.97
409,912,126,6,2446.97,40.79
410,1423,258,8,1654.96,28.83
411,4106,453,10,442.09,44.09
412,4328,508,4,942.9,64.51
413,18,63,2,1167.15,80.95
414,617,542,5,558.4,27.8
415,1922,50,10,855.61,46.55
416,2657,202,9,2494.13,2.57
417,2057,415,9,2449.43,90.41
418,4384,394,4,2350.03,30.85
419,582,276,1,1583.44,1.32
420,4837,399,7,294.44,2.65
421,1986,457,10,2283.71,60.71
422,524,532,3,2283.03,59.77
423,74,435,1,203.04,77.27
424,4763,10,8,264.91,90.04
426,1534,493,5,420.99,92.84
427,4190,233,10,1600.79,11.28
428,3204,82,3,668.04,70.2
429,3047,38,9,2127.66,61.85
430,3709,518,7,2188.99,16.39
431,2343,87,1,702.88,26.97
432,3897,229,5,2107.05,16.96
433,555,363,9,1451.25,16.97
434,4913,280,6,1147.82,32.37
435,1748,502,8,1758.8,60.88
436,236,349,3,792.84,47.79
437,4922,548,8,2123.06,20.9
438,3843,320,8,1802.53,9.97
439,4959,280,6,1827.11,53.55
441,3553,27,6,2187.69,53.07
442,3139,436,9,1794.55,85.46
443,2518,480,7,2268.93,39.28
444,671,176,8,226.81,8.86
445,1354,141,5,955.43,83.85
446,4313,24,5,2192.36,13.07
447,2404,63,5,1259.26,98.27
448,2635,416,10,940.02,33.64
449,3856,465,5,1911.82,94.52
450,3664,428,6,2303.66,92.65
451,1831,498,6,2189.95,25.2
452,1268,339,6,199.36,17.05
453,4513,298,6,1054.08,79.31
454,4029,333,1,1934.42,85.21
455,1435,281,8,1410.89,76.08
456,1328,215,7,1968.48,39.74
457,4791,578,5,1545.24,14.22
458,2781,276,4,104.74,0.09
459,735,351,9,1430.17,8.21
460,3399,578,3,1852.09,46.98
461,4452,349,6,182.28,99.32
462,3073,254,10,840.94,61.5
463,1072,445,7,1872.11,2.18
464,1153,23,1,1000.7,24.61
465,625,71,5,1322.75,49.82
466,1180,534,8,457.1,38.24
467,1545,224,6,1731.94,4.11
468,541,493,2,221.72,88.43
469,2009,208,7,2463.69,73.8
470,3062,299,4,710.61,52.91
471,3522,56,5,1665.78,67.7
472,715,228,10,1183.35,55.33
473,548,33,1,1455.08,92.98
474,3385,511,8,2349.46,78.31
475,3409,351,8,1915.46,45.61
476,2448,339,5,1547.53,5.82
477,4131,114,5,1537.32,80.59
478,910,111,5,2255.34,13.97
479,2582,381,10,521.5,82.26
480,1109,197,9,1730.96,18.86
481,573,319,2,2434.77,52.0
482,234,476,6,66.87,37.65
483,3462,15,1,969.91,28.14
484,1011,305,2,771.22,50.7
485,3442,293,7,1410.59,24.47
486,3713,593,5,1139.49,5.45
487,3579,581,10,824.71,47.8
488,276,162,3,579.94,79.76
489,1690,465,6,1160.62,11.17
490,4400,271,6,1331.5,76.65
491,4848,308,10,2077.08,35.82
492,2735,597,2,177.38,70.69
493,3225,301,10,2496.11,43.26
494,4786,7,6,85.13,7.26
495,1280,539,6,945.45,53.83
496,77,71,6,1260.25,46.99
497,2840,47,8,321.09,68.49
498,357,234,7,1064.56,14.33
499,1051,516,6,1747.22,5.73
500,3781,496,5,2251.77,3.25
501,3469,44,8,1685.57,10.58
502,2442,13,2,1868.85,58.74
503,720,395,3,2214.25,35.01
504,3997,354,6,728.57,17.92
505,1649,129,9,1903.1,75.44
506,4114,347,8,2301.86,95.95
507,3206,534,1,2339.49,7.02
508,900,333,6,918.37,41.59
509,3452,425,7,1403.6,58.23
510,4634,246,5,1057.24,74.63
511,116,350,7,1426.0,37.05
512,955,74,2,555.52,58.7
513,1535,135,7,659.39,37.15
514,3058,405,2,1521.41,6.74
515,1191,440,3,2259.82,45.1
516,3178,594,5,1220.35,30.42
517,4158,419,8,1851.42,8.53
518,479,356,7,413.47,62.7
519,3185,585,5,2188.88,98.92
520,4616,81,3,1060.67,13.31
521,1099,495,1,711.1,58.64
522,3199,209,1,2432.84,75.31
523,4116,436,2,616.86,99.62
524,2973,355,1,573.29,38.83
525,1424,198,7,40.06,18.86
526,2891,503,7,1142.39,39.16
527,4981,534,5,780.38,6.49
528,290,223,5,2139.31,15.93
530,3121,212,8,1872.89,32.49
531,3385,83,4,298.68,51.49
533,3384,143,10,1656.68,56.22
534,525,106,4,243.78,93.01
535,3823,497,9,1989.97,3.0
536,3473,395,4,989.18,39.23
537,1436,520,10,193.36,24.63
538,2674,596,7,1293.4,33.63
539,4026,51,4,1795.64,66.78
540,253,231,10,1231.51,21.87
541,882,206,4,396.7,25.09
542,3672,338,6,1042.23,83.05
543,389,256,10,145.74,40.28
544,3737,69,8,323.25,85.81
545,2327,300,7,1990.75,60.36
546,4911,518,9,602.52,50.28
547,605,336,3,310.8,58.71
548,2198,589,8,232.24,40.0
549,2884,452,2,1040.69,34.64
550,1365,138,9,1760.81,80.5
551,4649,336,7,1644.81,70.84
552,195,135,10,1411.18,56.19
553,2429,195,5,1680.55,74.47
554,2621,470,5,1205.84,80.88
555,630,244,7,2297.21,53.61
556,2785,17,7,1944.59,95.66
557,4773,93,1,1746.62,59.43
558,4224,193,7,362.7,20.83
559,4843,193,6,965.22,1.53
560,2333,90,2,394.04,45.97
561,4604,336,7,1681.67,40.98
562,341,449,9,348.17,66.89
563,1831,220,1,1380.95,54.91
564,4734,438,2,996.08,47.67
565,143,205,4,1620.7,22.35
566,3075,371,5,1057.11,0.1
567,21,356,2,1020.02,85.71
568,1588,418,8,1227.91,3.4
569,3692,207,5,1506.58,7.59
570,47,350,5,683.66,42.57
571,4057,247,9,1799.52,5.01
572,4118,440,6,1339.16,5.81
573,775,140,3,2419.35,80.08
574,3438,131,7,797.43,98.44
575,268,578,9,826.17,5.17
576,2408,396,1,314.15,31.55
577,107,42,8,73.68,91.64
578,287,462,1,531.99,50.65
579,3613,238,6,1580.7,72.85
580,3293,587,5,587.62,57.37
581,2264,108,1,534.56,57.44
582,3097,510,6,178.53,21.9
583,109,359,2,741.54,93.25
584,1435,368,9,1579.34,10.36
585,1609,362,10,1506.9,85.98
586,1361,592,1,713.89,82.57
587,4831,38,6,1824.46,22.83
588,4443,459,3,1701.66,98.73
589,298,397,7,2080.16,84.15
590,2623,73,9,2236.67,78.11
592,3778,294,9,732.59,69.97
594,3668,9,10,459.1,75.21
595,37,484,4,314.8,93.34
596,2669,121,9,563.93,82.49
597,3850,522,2,1043.25,34.11
598,3706,506,8,187.98,13.66
599,1105,35,9,2187.68,5.91
600,3637,328,3,2011.53,26.98
601,1522,244,6,1702.14,1.29
603,4892,484,3,1659.35,17.5
604,3813,66,6,481.46,40.49
605,3905,265,10,1748.05,9.47
606,3708,365,5,1916.14,35.54
607,2435,531,5,1334.29,98.31
608,3435,588,6,2418.18,70.72
609,854,106,9,2049.15,31.47
610,2046,238,7,1363.18,34.43
611,2350,431,6,1241.17,3.71
612,3390,545,6,33.02,60.85
613,1717,70,4,2150.11,22.33
614,496,182,7,1900.91,32.0
615,2452,353,7,948.29,68.82
616,4736,155,4,618.08,62.37
617,2630,463,6,143.46,7.71
618,4346,137,6,1012.05,53.54
619,1660,171,1,2404.17,99.54
620,3093,113,3,1666.08,74.74
621,4189,387,7,1454.21,46.27
622,1474,221,5,1585.16,2.46
623,2287,481,9,1405.06,44.39
624,787,585,3,2477.28,18.92
625,1270,184,2,1812.52,95.14
626,1440,229,2,357.35,75.37
627,3210,190,1,877.81,68.52
628,777,514,5,907.72,34.17
629,4417,169,5,802.56,89.75
630,30,53,4,2227.45,34.72
632,75,316,6,2459.8,57.96
633,2952,454,9,259.65,82.83
634,3578,143,9,240.02,14.78
635,3423,177,6,2127.58,40.78
636,2394,216,9,752.16,38.66
637,4410,180,9,535.14,57.66
638,1451,534,6,1498.98,65.11
639,1749,403,5,531.25,39.66
641,1248,527,3,1926.02,23.56
642,3320,320,4,1525.58,51.56
643,4093,289,5,1431.7,63.17
644,1963,261,7,2134.55,70.74
645,779,63,1,1786.19,68.97
646,3075,442,7,455.52,75.17
647,2973,326,3,772.01,29.01
648,2714,465,1,1542.15,92.64
649,4710,361,7,199.12,83.75
650,4318,438,1,208.7,38.26
651,493,188,7,2167.1,89.1
652,145,107,5,1111.07,61.25
653,868,389,6,2229.11,13.41
654,196,427,5,978.27,49.16
655,3856,227,9,2122.44,14.75
656,459,182,2,2278.83,27.38
657,4688,200,4,872.9,74.25
658,555,16,1,1720.67,75.59
659,197,173,10,617.27,65.88
660,250,436,6,1089.97,9.43
661,1822,204,9,1942.75,49.96
662,4710,325,2,898.51,73.55
663,4526,170,2,738.84,75.84
664,1474,520,3,2395.94,90.05
665,1483,49,2,1277.44,85.95
666,3609,402,6,1373.38,12.02
667,3524,171,3,842.07,4.55
668,3910,234,6,2467.26,13.59
669,4922,303,10,604.14,24.71
670,1380,499,3,634.0,39.74
671,1964,575,3,583.58,96.03
672,1901,494,5,1609.47,35.48
673,4849,273,4,394.36,73.13
674,157,196,6,569.66,2.63
675,787,295,7,1396.0,65.54
676,384,528,3,805.12,2.04
677,2232,524,1,2138.8,66.08
678,2581,121,6,1397.16,91.13
679,859,61,8,1539.58,48.33
680,4690,238,5,1424.32,69.18
681,2060,11,8,83.61,71.0
682,4130,284,6,2289.24,53.0
683,3988,214,6,1202.37,78.07
684,3089,6,10,1111.78,21.91
685,2394,482,7,665.66,14.8
686,13,198,9,1096.53,59.42
687,2913,136,9,1978.39,67.84
688,39,314,10,547.7,24.71
689,150,141,6,995.85,77.42
690,3614,383,6,339.67,91.8
691,4579,53,7,550.4,74.06
692,3850,536,7,183.05,31.51
693,4535,69,5,628.75,24.41
694,1284,528,7,582.79,61.33
695,2932,247,1,1502.54,13.56
696,4402,355,7,478.63,60.01
697,1940,298,9,1764.99,3.02
698,4935,501,2,2091.06,30.46
699,4010,207,6,1683.19,65.42
700,4821,41,8,1444.05,41.7
701,2540,374,9,2058.97,38.94
702,3693,239,6,1527.9,9.41
703,2055,22,1,864.38,20.56
704,4756,99,7,2307.06,51.89
705,898,509,1,2416.28,31.38
706,1758,33,10,1189.76,71.34
707,4120,519,3,1146.23,45.39
708,3477,591,2,1474.6,38.72
709,1898,421,9,625.65,76.32
710,4408,340,2,1104.74,55.59
711,905,149,7,968.74,80.92
712,547,567,3,2422.31,84.1
713,1362,503,10,1897.77,62.38
714,1349,265,9,1447.86,67.38
715,3313,27,2,1599.06,29.22
716,4590,343,6,2190.41,19.33
717,2279,220,4,1144.78,41.63
718,3019,580,2,1014.86,49.4
719,3566,262,8,645.62,71.0
720,2503,3,2,21.9,74.63
721,3642,379,5,1031.64,14.9
722,3464,320,2,2422.79,4.04
723,4787,421,10,1314.9,16.13
724,2705,313,9,393.13,92.39
725,4823,498,5,1443.55,74.09
726,3071,118,3,1994.44,64.21
727,1597,421,10,1025.58,82.4
728,3649,376,6,1276.74,83.58
729,1994,496,9,2275.37,91.03
730,4809,147,6,892.97,71.39
731,4060,471,1,309.73,32.38
733,1293,359,1,948.78,79.33
734,1647,102,1,1028.43,39.68
735,1210,492,8,1943.26,0.06
736,3670,590,2,2482.28,73.5
737,3523,219,8,1855.81,32.58
738,2422,183,7,2498.96,45.85
739,193,302,10,534.54,54.78
740,3336,473,2,1000.12,93.29
741,3592,36,3,368.15,34.77
742,3247,238,4,1440.64,31.86
743,2235,495,5,324.02,41.85
744,3829,525,5,402.36,65.34
745,176,401,4,1737.32,10.75
746,1514,403,6,2276.61,23.76
747,3861,232,1,243.06,13.51
748,3539,394,1,1103.24,40.59
749,35,333,6,593.44,63.49
750,934,422,5,2444.81,27.75
751,1366,513,6,1866.08,91.35
752,99,375,8,1389.51,6.78
753,2728,464,9,568.63,11.57
754,3634,572,7,1895.45,91.26
755,2924,341,9,2082.08,13.34
756,248,452,2,37.72,73.51
757,69,373,6,2410.41,15.64
758,3265,545,6,1236.85,79.78
759,1565,352,5,2321.68,58.67
760,1420,326,9,1407.68,59.67
761,3530,26,7,97.13,64.82
762,516,375,6,227.61,80.03
763,3660,372,10,198.14,58.5
764,2052,343,8,552.52,83.51
765,1622,274,3,1915.43,25.12
766,163,68,6,1564.79,49.25
767,2203,427,3,1910.6,39.67
768,1219,442,7,1927.35,24.83
769,2144,461,3,107.42,67.65
770,20,110,2,681.73,69.1
771,3627,75,3,1542.4,53.52
772,4552,258,1,623.18,76.81
773,979,140,5,2236.66,51.53
774,4928,256,8,30.63,1.42
775,4439,13,1,830.95,65.44
776,990,275,9,50.04,21.66
777,274,567,1,2098.73,11.23
778,1814,350,1,2393.42,51.82
779,4845,39,7,1590.56,96.14
780,797,421,4,1757.12,56.84
782,3671,433,5,1941.69,14.42
783,2841,580,2,1313.98,19.01
784,2192,522,3,2060.73,78.34
785,2630,77,5,2119.62,38.88
786,2005,230,10,206.8,84.34
787,2900,508,7,1791.43,87.17
788,4023,525,7,1582.98,21.11
789,2830,59,5,764.98,92.71
790,3245,298,10,1626.62,39.79
791,3159,148,6,2190.34,70.64
792,1557,134,10,1924.47,84.7
793,1211,278,1,2234.43,97.9
794,3159,261,9,244.12,18.63
795,4658,373,2,2038.71,93.24
796,2627,558,6,998.18,50.4
797,4129,205,1,1445.76,31.23
798,3023,278,1,1587.39,92.55
799,3882,528,3,1330.7,56.46
800,1409,16,9,1089.09,38.31
801,1457,380,7,1664.12,59.79
802,3569,168,3,355.75,41.43
803,1426,482,4,857.74,90.58
804,4976,353,2,2413.48,63.48
805,269,165,8,2263.66,78.34
806,146,91,3,2153.63,49.71
807,4621,304,1,913.51,91.42
808,4681,294,3,675.97,22.32
809,2274,98,6,2485.01,83.89
810,600,32,5,1860.03,18.63
811,1014,542,4,1083.65,66.3
812,4695,52,7,2222.2,42.2
813,2106,482,8,1210.36,63.47
814,800,82,1,1658.05,6.15
815,4173,257,1,624.78,46.83
816,147,87,9,1609.6,44.7
817,2833,228,8,479.09,93.32
818,2659,217,5,1482.77,94.12
819,1050,369,3,2213.83,49.25
820,3736,468,8,638.11,44.59
821,874,534,6,1318.6,34.43
822,2310,539,2,779.44,99.53
823,1554,544,4,583.43,82.71
824,4142,305,9,449.1,78.38
825,4816,574,5,623.99,66.34
826,3890,58,10,2202.35,57.62
827,1456,539,4,857.43,13.08
828,2599,318,1,1024.18,85.22
829,2375,422,8,1867.86,44.51
830,560,533,8,2484.22,56.95
831,3394,81,7,2184.04,86.97
832,2381,336,6,2445.57,58.58
833,4590,344,2,1873.32,17.29
834,424,90,6,1550.74,46.06
835,3462,141,8,1008.56,19.67
836,2893,300,10,1916.82,56.27
837,3808,584,10,223.88,47.87
838,1108,21,3,119.54,71.81
840,4884,60,7,993.83,31.97
841,4802,349,6,278.12,86.7
842,3257,456,1,254.41,69.73
843,65,2,1,1785.8,63.12
844,3963,188,6,689.51,65.9
845,2401,404,8,1064.61,70.38
846,4230,204,3,2135.17,94.99
847,1019,476,6,396.67,33.19
848,2098,211,3,1899.58,23.5
849,3796,383,4,1692.03,67.98
850,2054,134,8,976.13,83.3
851,3950,331,6,129.74,66.56
852,4836,449,1,1502.17,25.68
853,615,187,8,2169.95,2.98
854,4723,37,7,1208.61,26.42
855,3378,510,7,2082.99,27.29
856,739,471,3,308.07,93.57
857,3017,400,5,1063.76,65.64
858,414,224,4,392.56,75.72
859,4693,381,7,1790.67,88.36
860,3111,502,6,525.13,72.93
861,767,57,8,1656.35,17.59
862,2438,473,4,2104.43,26.8
863,590,188,7,1702.86,8.82
864,4977,210,10,1644.09,67.02
865,4695,405,4,448.38,96.21
866,2443,262,8,565.18,86.75
867,522,345,1,989.19,99.21
868,506,404,4,510.12,14.51
869,441,368,2,1700.27,38.88
870,3788,57,1,2179.03,83.93
871,1676,373,9,1915.22,89.2
872,3903,253,4,1514.84,36.49
873,1337,325,3,1456.05,54.41
874,502,343,8,907.75,51.68
875,303,486,10,232.04,18.21
876,3148,99,10,820.89,70.38
877,3918,10,3,133.57,12.73
878,860,218,4,2451.72,39.11
879,2145,431,10,59.08,6.43
880,4389,295,7,198.6,49.97
881,4977,70,2,1320.49,17.28
882,4837,362,6,1993.28,75.29
883,2987,345,8,1399.36,15.65
884,2962,133,4,1730.1,32.32
885,3582,200,8,24.3,66.69
886,1453,229,3,1995.47,35.68
887,3595,540,3,1535.04,10.39
888,4904,420,4,757.8,94.32
889,2538,511,7,672.55,27.7
890,3727,155,6,2243.2,24.54
891,1007,564,1,2373.48,72.6
892,403,553,1,1205.66,40.31
893,2873,27,5,1870.46,33.84
894,2622,543,2,36.24,0.15
895,3445,499,9,1490.41,80.37
896,3566,82,5,1474.8,44.65
897,3088,199,9,2076.89,78.58
898,2708,249,5,2340.7,23.4
899,4703,419,8,2435.43,19.86
900,1212,160,8,1985.1,93.14
901,1395,515,7,294.96,92.49
903,2566,52,8,814.6,16.46
904,2618,4,10,638.72,13.06
906,4813,499,5,1132.73,97.65
907,4687,546,7,1880.18,93.58
908,4561,96,10,1103.32,29.8
909,2989,210,4,1538.85,64.55
910,3690,307,9,1269.85,59.56
911,2968,464,6,300.01,11.32
912,2150,271,10,2395.66,72.28
913,3565,249,7,2112.19,32.01
914,3912,489,6,1213.6,23.7
915,1821,520,3,692.67,45.51
916,596,84,6,2320.15,75.6
917,3059,505,9,1485.64,66.88
918,1536,42,4,1601.73,2.85
919,101,328,1,723.76,73.94
920,2639,564,8,917.16,3.24
921,1836,284,10,764.26,18.49
922,3845,106,7,2451.88,18.84
923,454,417,4,847.22,20.22
924,3019,484,4,791.28,90.68
925,165,585,10,995.92,81.06
926,984,414,9,2291.4,52.53
927,2665,482,9,1265.58,85.96
928,3901,195,3,1168.02,93.94
929,3841,467,4,556.54,64.12
930,3583,395,9,1035.67,56.92
931,4123,334,10,2325.53,97.61
932,2395,285,1,2489.92,66.18
933,4921,410,8,401.12,60.98
934,142,453,1,1534.26,71.07
935,1211,460,3,1296.82,34.56
936,2725,312,7,1680.07,73.78
937,555,470,7,1110.77,20.33
938,3624,169,9,702.12,63.75
939,4836,567,9,1156.28,3.43
940,2492,8,9,1242.16,71.18
941,19,374,4,497.53,39.19
942,1163,448,10,1308.72,87.04
943,3715,25,6,879.51,79.75
944,3404,460,1,462.36,77.95
945,3180,561,9,613.41,44.99
946,1501,496,1,2163.98,52.07
947,4663,571,6,1929.56,11.16
948,692,229,10,1188.1,47.94
949,3491,197,1,1420.23,82.89
950,1768,35,9,1025.91,26.08
951,3483,529,9,2322.87,42.34
952,3234,436,3,846.57,41.38
953,3043,359,7,1414.66,44.89
954,2680,298,4,260.2,0.3
955,1072,363,8,2443.28,29.37
956,4368,515,3,1374.83,2.58
957,2666,542,9,1124.41,21.12
958,2948,484,8,1576.92,4.65
959,936,17,1,1984.5,8.56
960,2482,594,1,619.29,40.61
961,974,439,1,1918.65,82.21
962,3005,392,2,2423.33,8.93
964,2555,344,1,1384.47,3.39
965,1066,490,9,67.53,87.41
966,305,394,10,782.32,78.96
967,3581,357,10,1850.36,85.23
968,1846,404,9,535.8,21.75
969,1350,312,5,913.42,77.12
970,4293,227,2,596.92,6.46
971,1508,267,5,687.65,63.61
972,3334,412,10,1758.85,67.12
973,286,267,1,898.85,59.17
975,856,309,3,35.51,57.54
976,418,579,2,1453.08,94.52
977,114,514,4,2421.83,88.75
978,4596,106,7,564.97,1.78
979,4938,112,9,1701.62,54.95
980,3122,259,6,820.53,92.75
981,3029,450,7,586.77,15.48
982,885,131,6,1109.02,59.35
983,1326,599,8,893.09,49.82
984,4001,287,10,916.01,55.54
985,3698,123,10,1170.96,23.15
986,2760,508,4,244.18,42.43
987,676,272,5,2087.35,77.0
988,3420,341,8,101.86,26.49
989,3524,268,2,716.98,34.5
990,1176,425,9,1848.97,28.58
991,4697,118,6,2089.71,93.2
992,2084,519,8,1217.91,42.86
993,4486,197,1,1116.17,59.42
994,2560,178,6,2043.71,67.01
995,3981,289,1,1653.14,12.11
996,2214,4,7,1993.93,43.53
997,1567,290,2,395.76,35.32
998,1618,147,7,2044.97,43.02
999,1703,547,3,647.02,12.29
1000,73,590,6,1670.86,27.32
1001,2966,145,3,2167.02,33.93
1002,4434,516,6,1600.15,51.06
1003,4306,177,5,1745.84,43.86
1004,3206,193,8,521.75,3.26
1005,1736,501,3,1328.45,10.53
1006,3850,163,4,1133.74,24.38
1007,3664,440,7,1103.03,43.44
1008,4151,521,10,2151.2,58.06
1009,4403,458,5,1604.01,45.78
1010,1238,589,5,730.93,60.71
1011,1649,428,4,1227.57,63.72
1012,3304,419,8,1266.54,70.93
1013,38,339,10,582.48,64.91
1014,1715,192,8,89.05,7.56
1015,1691,110,2,1214.32,59.69
1016,338,213,6,1390.9,53.4
1017,2613,99,4,1285.11,10.54
1018,93,162,7,631.33,13.52
1019,4891,228,1,1256.83,83.65
1020,2994,199,10,189.19,35.36
1021,4458,97,4,905.1,24.61
1022,4750,87,2,63.51,37.76
1024,311,145,1,1031.89,98.89
1025,2548,507,3,1384.96,60.51
1026,2760,108,3,1599.44,55.03
1027,3492,102,3,2357.48,77.63
1028,3407,129,6,172.0,52.94
1029,3933,596,1,1246.08,65.16
1030,4289,66,7,102.55,99.88
1031,1507,433,8,1332.13,41.84
1032,4370,220,6,1052.68,9.29
1033,1344,117,7,734.37,44.25
1034,1606,56,4,1318.38,97.37
1035,1620,593,2,54.55,61.91
1036,1271,27,10,2284.39,34.13
1037,325,494,7,28.11,17.73
1038,4208,335,5,2233.1,44.89
1039,4339,176,9,167.15,16.82
1040,2705,179,4,390.16,78.47
1041,4710,465,4,1679.85,17.47
1042,919,304,6,1485.72,85.35
1043,2423,502,4,1929.43,36.78
1044,4145,550,4,1010.53,31.13
1045,4474,54,10,153.0,81.4
1046,2209,439,10,549.55,41.11
1047,1984,490,10,2107.25,35.95
1048,2295,345,6,1364.94,53.97
1049,4095,476,6,2423.57,61.71
1050,947,455,1,1975.96,9.5
1051,2971,513,2,15.89,19.29
1052,3071,431,4,1455.91,26.46
1053,2560,416,2,87.18,88.67
1054,1711,335,4,472.13,84.92
1055,1427,393,7,145.85,56.7
1056,2264,134,2,1903.73,39.86
1057,3106,97,4,739.16,90.41
1058,64,66,3,1193.64,69.11
1059,4769,303,2,797.92,92.12
1060,903,587,5,911.33,55.41
1061,96,6,10,2105.35,75.71
1062,3613,239,6,1597.84,15.73
1063,2989,378,7,226.7,79.98
1064,2161,113,4,607.12,94.52
1065,4320,386,3,1202.55,9.78
1066,3469,23,7,429.64,58.11
1067,3652,451,4,1115.05,8.12
1068,3009,483,5,222.77,33.71
1069,4064,506,3,1738.3,67.77
1070,1000,324,6,1322.04,94.39
1071,4294,119,9,1008.6,72.87
1072,868,325,4,2165.77,11.33
1073,2156,119,2,401.46,70.17
1074,2985,313,9,2415.72,43.96
1075,1671,455,2,195.14,74.11
1076,5,420,5,1011.7,32.12
1077,4447,361,6,1194.21,81.44
1078,1002,93,4,2333.52,40.33
1079,3170,107,2,523.68,87.68
1080,1030,463,2,540.91,22.17
1081,4280,90,2,1143.14,2.96
1082,3852,390,4,900.56,83.86
1084,1064,409,6,1809.77,70.96
1085,1217,298,8,197.05,42.11
1086,1414,311,5,2401.38,70.74
1087,2077,485,2,799.59,29.16
1088,1184,282,7,2274.84,52.82
1089,512,436,3,2237.44,88.23
1090,650,433,3,2302.21,26.17
1091,4896,357,1,253.51,70.17
1092,2287,433,10,983.37,14.69
1093,2107,333,8,478.93,92.54
1094,2215,595,2,1983.35,0.95
1095,2360,106,1,249.36,88.17
1096,854,230,8,1608.23,29.06
1097,1984,108,7,1894.72,1.19
1098,373,496,8,1343.47,57.66
1099,3079,55,6,287.57,80.07
1100,113,281,9,275.13,67.37
1101,4002,314,5,2096.16,24.04
1102,3041,481,5,629.04,75.91
1103,3495,515,8,1931.7,15.62
1104,627,496,6,1994.58,31.98
1105,4617,220,5,1189.68,8.26
1106,3260,571,2,1435.02,44.77
1107,2937,174,1,1416.0,32.76
1108,2869,495,6,2305.03,15.32
1109,3662,157,2,982.52,50.53
1110,4968,177,7,727.17,42.6
1111,2838,276,2,97.73,69.0
1112,3998,526,7,1618.74,89.25
1113,4365,56,1,990.44,79.91
1114,1230,121,2,1156.27,58.26
1115,4542,153,10,1948.48,88.08
1116,667,190,4,830.02,48.6
1117,1755,532,3,2129.77,94.29
1118,1433,472,7,1751.27,95.8
1119,2288,179,5,1247.04,70.84
1120,2585,504,4,588.98,49.01
1121,830,317,5,1808.85,1.19
1122,3599,245,5,2241.99,26.09
1123,3731,68,6,1547.86,61.64
1124,2698,581,3,348.49,95.93
1125,18,589,6,916.7,68.91
1126,4980,230,9,994.5,67.14
1127,3772,600,3,877.11,14.9
1128,816,433,9,2402.63,78.49
1129,1218,88,2,605.99,10.37
1130,1700,52,2,276.19,47.54
1131,364,183,4,2172.45,40.5
1132,4304,296,10,1781.55,87.69
1133,1034,186,3,578.09,17.01
1134,2043,537,1,1884.0,88.65
1135,4715,312,8,525.93,83.1
1136,98,540,2,2437.61,56.19
1137,1681,492,8,1548.75,12.39
1138,4538,191,2,359.99,64.95
1140,3680,557,10,760.97,71.44
1141,2019,554,9,17.75,44.43
1142,3586,237,5,1363.89,9.57
1143,2050,589,4,673.79,16.91
1144,256,451,6,2142.24,88.23
1146,1675,271,9,1383.91,10.11
1147,225,569,2,2029.7,56.47
1148,2638,60,4,2016.87,13.63
1149,3943,567,9,1911.78,96.15
1150,2901,225,9,1166.6,99.21
1151,822,329,7,2211.79,80.69
1152,273,457,4,1931.8,38.13
1153,4043,63,7,1615.13,66.25
1154,1909,93,7,258.67,78.88
1155,765,107,2,2473.13,59.03
1156,210,251,6,1230.29,72.64
1157,468,236,4,1224.29,62.28
1159,4412,595,1,351.44,5.08
1160,3040,530,1,332.68,47.68
1161,2215,460,2,2434.7,29.86
1162,2212,490,5,617.15,36.02
1163,3479,337,6,2087.85,57.55
1165,1060,25,10,2037.97,98.66
1166,3906,562,1,2033.63,96.97
1167,2571,329,1,37.82,97.85
1168,3395,553,2,2150.65,93.75
1169,3568,335,5,2379.14,44.67
1170,3664,270,9,743.12,18.54
1171,2962,87,6,2434.62,92.12
1172,2299,10,6,1414.3,17.43
1173,4084,324,2,1507.53,59.68
1174,197,74,4,567.95,25.75
1175,273,358,2,1846.94,53.88
1176,157,585,7,189.68,25.48
1177,2944,317,5,1302.68,0.56
1179,2064,474,5,968.76,79.19
1180,4387,452,5,884.01,36.13
1181,4519,595,1,1516.48,85.97
1182,2591,455,7,1060.91,8.32
1183,3855,340,4,1848.81,8.92
1184,875,394,9,888.73,68.13
1185,963,377,6,1419.7,60.17
1186,2771,23,5,1103.59,83.82
1187,2104,73,2,1583.56,68.38
1188,3967,397,8,2196.45,81.86
1189,1874,161,2,1754.47,12.16
1190,475,167,8,911.93,96.34
1191,2081,300,2,702.38,59.37
1192,4138,185,5,635.73,30.83
1193,4166,69,9,2168.36,85.62
1194,1041,279,4,2354.9,68.28
1195,4880,161,5,1955.04,45.76
1196,757,273,6,2289.47,29.93
1197,4713,314,9,59.84,0.5
1198,4460,262,5,2243.63,23.46
1199,2370,574,10,1856.21,80.06
1200,3905,250,8,1201.26,66.61
1201,2087,586,8,1180.35,20.58
1202,2034,281,9,2142.61,35.06
1203,4408,466,10,315.32,12.68
1204,2512,453,9,1093.69,45.77
1205,3280,59,7,1733.26,8.16
1206,2989,168,2,957.56,25.31
1207,1726,116,6,1126.33,86.47
1208,127,544,8,1985.94,42.05
1209,957,27,8,1574.59,84.57
1210,1742,426,7,1217.49,66.16
1211,3912,493,5,2292.59,99.44
1212,3689,480,5,2362.15,5.54
1213,150,88,6,906.34,96.27
1214,294,552,5,808.56,81.22
1215,1774,503,3,653.26,90.65
1216,2758,345,9,1776.7,65.45
1217,3359,216,7,612.64,33.83
1218,27,342,5,75.7,56.53
1219,81,461,6,409.77,92.85
1220,1171,487,8,978.79,32.7
1221,4080,62,9,2367.42,55.53
1222,1291,437,5,2044.1,2.29
1223,4999,554,7,87.47,63.62
1224,2509,271,8,1356.98,64.14
1225,2339,202,10,1732.99,4.62
1226,3262,106,8,1086.56,22.39
1227,3826,539,8,647.56,27.82
1228,2359,578,2,2487.49,58.64
1229,3509,596,7,840.85,85.45
1230,2811,181,8,867.23,9.91
1231,3499,488,10,1330.1,48.04
1232,439,490,9,1678.03,2.11
1233,2523,594,2,55.77,20.85
1234,1457,443,8,1439.8,71.61
1235,801,566,5,19.41,69.67
1236,966,121,10,1615.7,17.45
1237,2154,41,5,625.72,99.09
1238,3786,97,9,665.29,91.48
1239,673,149,10,78.46,18.86
1240,488,377,4,1510.82,38.48
1241,4749,260,7,393.92,57.4
1242,4569,213,5,1805.32,35.72
1243,4341,513,5,756.77,24.23
1244,4505,333,8,143.74,24.36
1245,3891,140,3,1712.62,7.93
1246,612,411,8,404.37,4.66
1247,1294,435,6,1114.35,60.63
1248,2501,524,5,622.74,46.59
1249,3780,500,7,1477.07,24.06
1250,4314,584,9,2081.96,86.06
1251,4314,447,2,1111.68,50.64
1252,4411,393,8,2299.12,8.35
1254,2308,103,7,1861.7,48.61
1255,412,145,2,55.44,2.02
1256,66,472,2,2016.13,56.68
1257,2293,256,3,1968.92,24.85
1258,1475,433,1,917.39,52.91
1259,3242,228,2,2002.91,31.79
1260,3032,215,2,2257.57,66.17
1261,2649,524,1,762.34,39.57
1262,751,225,4,1198.1,69.44
1263,3778,282,2,1422.4,9.23
1264,228,512,8,2497.33,0.68
1265,3648,219,2,1138.33,23.6
1266,363,86,10,2105.23,87.48
1267,2371,580,2,437.79,15.65
1268,1295,164,9,2373.75,67.73
1270,4863,437,6,2317.08,5.3
1271,2219,256,6,860.06,72.19
1272,684,66,5,2076.83,71.12
1273,267,311,1,854.01,8.29
1274,574,116,6,1434.71,32.8
1275,1238,494,7,1021.52,78.05
1276,4051,497,5,1521.31,41.71
1277,4116,341,6,946.3,31.68
1279,3169,270,5,1660.68,69.22
1280,4031,346,7,2133.31,87.98
1281,4088,112,9,1985.4,30.01
1282,796,392,9,148.24,96.45
1283,4650,512,1,1681.2,86.28
1284,345,571,6,434.31,49.19
1285,2672,48,9,664.01,73.41
1286,2286,141,2,1564.09,92.44
1287,4045,20,3,1329.79,6.06
1288,531,337,6,2049.66,22.73
1289,1449,421,9,1279.52,87.78
1290,1172,261,8,166.29,72.56
1291,1228,6,9,1118.76,38.22
1292,87,46,9,1078.64,7.78
1293,2949,591,5,1186.3,67.17
1294,3830,401,4,1033.68,10.48
1295,996,471,1,1960.74,32.24
1296,3543,15,1,210.02,83.17
1297,909,550,8,2202.64,0.54
1298,4536,257,8,455.76,28.39
1299,3579,106,6,1328.39,42.79
1300,375,444,8,1075.4,13.12
1301,1306,182,2,1387.55,23.26
1302,2122,211,10,36.58,63.51
1303,1298,464,3,2380.62,74.53
1304,1820,201,10,1062.83,82.88
1305,446,537,5,1697.9,10.23
1306,4785,275,1,2022.25,68.81
1307,4370,553,7,82.85,17.64
1308,3318,133,3,161.46,21.62
1309,4583,553,2,105.37,35.77
1310,3305,173,1,1797.03,73.52
1311,3750,64,7,573.95,37.17
1312,866,326,6,316.89,43.81
1313,3569,424,7,387.67,57.25
1314,3249,198,6,970.54,98.69
1315,1995,385,3,1288.45,18.8
1316,1214,183,3,822.31,27.59
1317,161,397,1,1539.97,1.83
1318,3794,210,8,2057.67,90.6
1319,794,549,9,2287.77,63.6
1320,459,53,5,1602.91,43.7
1321,4222,295,6,2480.83,96.77
1322,4617,237,4,2387.09,75.65
1323,1845,321,5,2092.99,71.46
1324,4991,509,1,2220.08,38.38
1325,2007,482,10,938.68,79.68
1326,418,323,5,1871.47,82.14
1327,121,130,1,1226.55,52.98
1328,3732,436,1,664.58,11.36
1330,4469,336,2,2289.74,32.84
1331,4442,521,8,1939.25,54.19
1332,200,392,3,408.18,16.46
1333,3641,168,6,867.74,22.37
1334,1148,550,1,908.21,31.96
1335,960,194,6,830.4,25.29
1336,3586,567,2,1280.26,67.25
1338,2190,90,2,1287.08,35.89
1339,835,131,2,64.94,71.32
1340,342,282,1,1840.09,37.37
1341,4946,218,6,548.51,77.17
1342,1192,392,8,1408.77,89.33
1343,1853,524,10,1169.02,61.18
1344,1236,379,1,453.64,20.37
1345,420,376,1,1037.81,41.15
1346,1219,309,1,2075.3,84.77
1347,4996,305,4,1542.97,13.69
1348,570,582,6,562.35,43.03
1349,1554,442,10,750.73,96.79
1350,1598,87,6,1647.89,90.11
1351,4884,287,6,938.35,42.07
1352,4449,598,2,805.84,10.89
1353,1907,111,5,1339.93,61.74
1354,3366,234,10,607.24,67.38
1355,65,288,1,397.58,82.47
1356,4245,538,4,1582.07,23.93
1357,1190,333,10,77.47,72.63
1358,2118,6,3,70.38,31.03
1359,3110,440,9,1292.59,46.73
1360,3185,44,8,1848.17,46.41
1361,4965,429,8,2381.39,20.25
1363,1207,207,9,482.87,85.44
1364,765,595,10,1359.6,29.46
1365,3824,371,8,257.2,69.24
1366,27,577,7,1272.45,62.53
1367,3308,472,7,1323.23,98.52
1368,558,434,3,1365.66,57.4
1370,385,320,3,1820.01,16.34
1371,2182,387,3,813.09,92.89
1372,616,461,7,1495.99,15.68
1373,4995,468,5,2483.58,44.29
1374,4568,64,4,1332.62,26.44
1375,2833,265,1,650.96,53.07
1376,365,279,8,2244.48,53.4
1377,2608,553,4,949.1,69.21
1378,1498,103,3,549.21,67.0
1379,3460,433,9,1871.76,41.5
1380,4964,592,1,1196.57,68.38
1381,4352,511,4,1814.75,0.86
1382,1418,343,4,1768.04,84.1
1383,3427,539,8,1323.48,2.31
1384,2622,499,2,1355.88,63.66
1385,3602,206,4,1788.87,28.37
1386,979,490,3,1674.95,38.77
1387,4868,283,3,2414.04,25.2
1388,4070,558,4,406.03,22.6
1389,3913,419,1,1092.4,3.2
1390,3609,534,5,692.86,91.55
1391,942,341,5,1111.12,29.43
1392,4915,498,7,1282.38,31.66
1393,1026,324,7,2258.37,66.4
1394,2737,576,5,1972.74,40.19
1395,4691,57,3,2485.0,16.2
1396,2223,45,7,1089.3,2.35
1397,2129,107,6,576.88,16.36
1398,4404,539,4,554.39,23.66
1399,4395,538,3,981.79,15.51
1400,4105,432,5,474.92,41.23
1401,495,233,7,907.4,37.29
1402,425,573,5,2285.65,20.08
1403,4749,165,2,1031.94,48.1
1405,2338,400,7,1595.38,3.64
1406,4956,38,7,1420.75,85.71
1407,872,441,1,986.65,83.45
1408,2531,348,10,2357.49,93.55
1409,788,486,4,2213.86,86.93
1410,4022,306,7,2156.87,65.08
1411,35,323,3,460.44,71.41
1412,4505,585,6,1271.05,89.29
1413,1625,162,4,281.43,99.19
1414,3276,584,6,2217.71,4.58
1415,4360,414,8,1880.01,6.57
1416,764,219,2,1675.67,25.28
1417,184,417,3,681.64,14.77
1418,2108,252,8,782.18,57.53
1419,3391,347,5,358.97,43.11
1420,2621,198,6,718.28,88.88
1421,3369,16,5,400.84,37.4
1422,1575,563,10,1348.34,49.85
1423,4596,506,6,2308.37,56.38
1424,572,353,3,2205.19,16.37
1425,1350,234,9,133.84,86.22
1426,2243,237,7,60.97,65.89
1427,4056,469,3,1765.22,29.49
1428,1192,317,5,869.18,45.65
1429,4087,290,7,2196.61,5.38
1430,1061,269,8,1594.36,76.45
1431,3939,154,5,1969.87,78.92
1432,2424,106,9,1411.67,1.02
1433,611,23,8,90.16,57.23
1434,1424,521,9,420.96,56.99
1435,2128,135,2,311.54,50.28
1436,2857,482,7,2424.33,5.03
1437,4851,74,3,14.39,64.33
1438,4653,91,8,910.54,84.86
1439,1873,271,9,1699.58,35.07
1440,959,151,7,2484.81,22.3
1441,2255,58,4,1794.64,46.74
1442,165,425,1,2134.76,21.65
1443,5000,300,4,604.24,93.3
1444,2208,334,9,1552.25,74.24
1445,1012,160,4,1312.39,7.33
1446,1495,403,2,778.33,15.22
1447,2098,269,9,1922.74,97.47
1448,3805,467,9,139.1,5.82
1449,3040,21,1,1599.77,93.26
1450,1520,455,7,1017.61,93.17
1451,2742,464,4,390.78,95.78
1452,431,262,8,1849.39,4.01
1453,1980,452,9,1514.62,51.71
1454,1336,196,8,1554.59,62.17
1455,892,532,4,758.35,27.71
1456,4803,559,2,1687.33,98.18
1457,4659,158,6,1323.0,39.98
1458,147,104,3,1054.33,91.79
1459,4730,322,2,423.21,92.85
1460,4452,506,8,2394.78,36.11
1461,1582,210,6,185.99,64.76
1462,1866,73,10,1984.52,21.32
1463,2700,393,5,2200.85,61.63
1464,3808,389,7,908.33,5.06
1465,168,45,2,437.11,52.83
1466,4613,366,5,2220.63,82.17
1467,41,360,8,310.36,12.52
1468,438,432,6,491.27,61.41
1469,1768,508,1,2088.37,38.31
1470,4558,479,10,1587.91,90.69
1471,4080,294,3,1692.05,79.34
1472,4224,488,3,799.98,8.88
1473,2132,212,6,1352.26,13.4
1474,3655,198,1,1834.93,31.05
1475,4987,275,5,2024.94,79.93
1476,3077,277,10,795.78,67.85
1477,2153,208,7,1386.63,0.63
1478,1156,505,10,1122.42,66.48
1479,1873,424,6,1324.58,0.55
1480,900,555,8,398.58,8.87
1481,1569,92,2,1636.05,43.46
1482,3907,364,3,1451.84,27.39
1483,633,418,6,2016.99,72.82
1484,756,341,7,145.93,27.03
1485,665,2,5,2468.23,39.22
1486,3101,312,6,1158.98,41.93
1487,3752,198,7,1815.54,58.79
1488,2465,86,8,1913.64,33.76
1489,173,156,7,610.84,5.45
1490,3492,191,5,302.02,70.3
1491,801,385,1,2377.42,33.44
1492,104,330,8,517.56,87.52
1493,4886,1,5,2377.84,70.93
1494,3424,153,2,1451.17,6.24
1495,3096,115,10,885.53,5.62
1496,414,443,2,1001.22,39.73
1497,3766,60,1,835.83,5.86
1498,4704,481,2,1113.23,43.07
1499,4713,292,4,1036.9,3.23
1500,399,563,10,1158.35,61.59
1501,1226,524,2,555.28,51.31
1502,2548,481,8,1136.27,56.32
1503,1255,263,9,1946.43,45.53
1504,4351,402,10,1349.35,43.08
1505,2078,515,3,476.62,69.6
1506,293,584,1,1785.44,6.48
1507,2728,364,6,49.73,81.24
1508,1771,394,4,1136.3,15.14
1509,2684,392,2,1120.73,73.19
1510,4389,164,2,2266.67,18.25
1511,3324,316,5,2346.12,64.26
1512,3682,82,2,1056.15,32.61
1513,1374,222,10,1655.05,37.37
1514,1932,481,10,2458.65,8.58
1515,514,374,4,274.46,72.71
1516,4754,24,4,75.57,90.27
1517,3541,313,10,710.74,26.17
1518,4476,67,6,828.24,60.48
1519,1276,507,4,1403.71,88.66
1520,1316,445,2,1976.12,53.49
1522,4282,75,7,2232.42,83.26
1523,3514,437,5,2179.01,38.87
1524,3823,156,2,2089.8,27.83
1525,3841,52,1,1397.23,2.98
1526,2824,568,9,392.41,99.89
1527,3930,497,1,1782.1,58.94
1528,1448,292,6,2496.18,3.35
1529,2995,67,1,1868.57,51.99
1530,2848,572,7,1526.06,17.81
1531,2489,480,3,1054.17,64.53
1532,4832,355,2,2160.97,93.22
1533,617,587,3,104.37,1.0
1534,2150,138,7,2458.44,44.31
1535,3879,57,8,1333.44,57.73
1536,1412,241,3,1546.33,74.35
1537,2280,263,6,1350.14,18.18
1538,35,121,4,310.58,64.8
1539,4932,284,6,1948.91,67.22
1540,841,216,6,1560.19,76.28
1541,2036,161,6,2265.1,20.48
1543,1226,226,3,376.55,23.47
1544,1676,583,3,880.09,74.22
1545,2670,448,10,422.79,0.65
1546,3063,20,4,40.67,70.95
1547,4287,46,6,2497.55,30.48
1548,2398,43,9,1194.88,67.87
1549,1534,375,3,1839.33,52.16
1550,3702,24,3,1917.72,87.66
1551,2959,519,3,2379.85,72.39
1553,1662,85,3,2430.18,99.36
1554,521,87,6,931.53,85.01
1555,1762,308,8,1919.77,82.94
1556,3636,489,5,2312.93,75.71
1557,3453,217,9,1842.91,8.97
1558,4816,551,8,1186.62,52.5
1559,1510,553,6,2338.23,55.08
1560,1230,229,2,2461.28,86.89
1561,2705,464,7,1722.95,36.38
1562,3988,399,4,681.87,28.81
1563,2685,393,2,395.17,16.9
1564,1684,288,1,1931.31,83.11
1565,1078,580,5,1721.17,38.66
1566,3667,77,4,1401.91,88.24
1567,3544,584,7,1485.63,65.22
1568,2785,77,10,101.98,38.43
1569,1245,145,9,185.8,14.57
1570,3095,16,10,772.26,18.55
1571,4059,109,9,1878.0,24.55
1572,2952,386,4,1500.26,65.13
1573,2589,36,7,1719.59,38.33
1574,1756,327,5,428.6,52.87
1575,14,562,10,2225.06,75.97
1576,255,538,9,180.79,88.44
1577,2313,179,1,2286.08,20.43
1579,2345,268,9,1957.31,27.2
1580,926,204,8,442.73,85.89
1581,3414,218,8,2161.34,78.13
1582,596,78,4,1713.03,50.43
1583,2434,247,5,126.18,59.13
1584,4000,338,8,2396.8,37.58
1585,4550,125,5,1394.79,96.08
1586,3871,286,2,1162.01,59.84
1587,1307,396,4,898.44,69.18
1588,1780,59,5,336.55,21.25
1589,4324,117,3,1124.95,75.12
1590,2003,144,5,1239.89,31.47
1591,651,546,9,800.49,81.19
1592,200,268,1,299.71,34.41
1593,3247,92,8,1387.55,56.64
1594,1846,100,1,2336.12,1.86
1595,1482,332,2,170.44,39.7
1596,4451,19,3,197.15,66.25
1597,4635,574,1,2220.27,9.1
1598,613,284,10,976.54,38.75
1599,294,477,4,1243.37,89.45
1600,2313,374,3,130.93,71.3
1603,4721,279,2,950.89,11.95
1604,2976,77,4,2027.24,94.76
1605,1029,31,2,1483.29,44.31
1606,4805,154,1,740.61,0.01
1607,1651,347,5,1421.99,68.03
1608,1938,577,7,134.22,79.54
1609,4240,371,4,1206.48,20.06
1610,2623,517,10,58.39,1.17
1611,3211,146,9,1707.34,48.81
1612,2541,441,1,1303.59,64.84
1613,45,19,5,570.62,25.57
1614,2956,524,6,1794.36,72.63
1615,2356,166,5,156.05,50.2
1617,4279,561,6,2328.98,0.7
1618,919,499,1,1916.44,3.23
1619,4739,166,6,980.81,90.36
1620,172,288,8,1009.09,88.54
1621,4221,291,3,2479.09,73.34
1622,4407,572,7,2080.75,63.9
1624,245,233,8,964.8,67.36
1625,3086,303,4,230.08,29.15
1626,3843,118,3,1718.71,58.2
1627,2762,224,8,170.42,29.66
1628,126,574,10,2402.75,4.97
1629,3495,597,10,881.73,47.05
1630,2084,139,6,2030.51,68.79
1631,3382,96,10,104.67,78.33
1632,1307,268,1,815.27,64.5
1633,3528,305,2,1110.46,15.09
1634,3602,303,4,289.74,5.92
1636,658,193,4,643.97,9.33
1637,1530,560,7,80.13,57.6
1638,4029,379,5,672.1,3.16
1639,3680,38,7,883.98,54.94
1640,931,457,9,477.94,20.42
1641,847,27,10,1904.49,95.96
1642,4793,434,9,1632.79,97.56
1643,1120,63,7,1955.79,94.25
1644,3349,492,5,946.3,46.35
1645,2711,49,6,1392.15,92.17
1646,637,314,1,627.06,98.42
1647,1272,365,10,1176.58,1.56
1648,1398,527,10,1085.5,0.83
1649,2744,110,9,634.7,52.87
1650,2733,145,3,37.9,18.57
1651,2764,578,9,303.37,76.26
1652,4611,542,2,97.96,34.89
1653,4954,44,9,2127.0,33.89
1654,4006,225,1,2225.0,73.4
1655,435,233,9,1409.41,52.73
1656,3529,487,1,1165.16,40.18
1657,534,596,3,2164.01,12.3
1658,4011,104,1,1450.81,3.5
1659,2403,314,6,877.39,70.67
1660,4843,120,1,2225.17,24.72
1661,3857,213,8,1385.24,30.52
1662,2601,382,2,1038.75,42.46
1663,3784,168,6,1412.36,18.01
1664,3899,224,7,426.82,26.45
1665,352,196,4,1694.21,63.47
1666,331,335,2,1028.59,76.48
1667,2176,65,2,1716.22,30.82
1668,3254,531,1,1633.17,23.07
1669,3637,394,10,2028.54,54.73
1670,2902,89,7,1461.7,47.08
1671,2196,191,1,2165.59,42.78
1672,1762,474,4,630.97,4.53
1673,4306,270,4,490.02,7.51
1674,3945,123,6,2013.93,74.96
1675,536,112,3,1853.71,28.7
1676,1398,26,7,1118.63,25.53
1677,1876,353,9,786.97,28.06
1678,3421,313,6,1135.64,93.72
1679,801,406,4,1284.52,32.68
1680,1896,485,3,1596.35,1.88
1681,4282,275,9,566.75,19.43
1682,2998,486,2,1272.69,99.54
1683,3552,11,2,1302.51,96.8
1684,4164,39,5,1880.13,67.1
1685,3295,190,5,1393.81,78.17
1686,1682,269,7,1734.28,3.4
1687,3555,207,9,204.7,56.4
1688,1557,463,2,2278.14,76.31
1689,4261,8,10,770.77,0.68
1691,4015,423,2,645.13,18.49
1692,3336,569,8,2026.63,20.35
1693,3892,135,4,2221.25,16.14
1694,4575,106,8,1400.08,36.38
1695,1519,374,4,1724.05,53.49
1696,724,205,1,999.84,6.35
1697,2002,516,1,784.16,91.39
1698,3728,414,8,43.21,51.09
1699,118,484,5,408.06,91.34
1700,582,4,5,852.87,3.03
1701,3939,550,10,195.6,53.11
1702,1814,554,4,829.05,63.42
1703,475,570,4,2232.97,96.55
1704,4235,99,3,692.0,57.22
1705,2008,432,4,1479.25,72.91
1706,1429,44,4,1102.29,63.23
1707,701,349,9,1085.22,88.94
1708,426,399,3,1250.76,2.94
1709,4025,39,10,2487.48,27.7
1710,4599,1,2,645.75,43.75
1711,4603,207,3,1895.63,12.82
1712,4128,338,9,1012.71,21.41
1713,4557,436,8,1759.56,47.96
1714,1065,463,4,1153.39,40.72
1715,1543,340,7,1605.15,70.59
1716,4769,51,7,1072.34,77.26
1717,3383,562,5,635.01,21.93
1718,1997,253,7,1194.31,83.43
1719,702,520,6,688.17,22.14
1720,4063,538,8,911.86,13.81
1721,2779,518,10,591.95,7.37
1722,1572,451,9,736.18,54.13
1723,1558,387,10,103.45,13.05
1724,1495,360,5,2083.18,38.99
1725,3928,530,1,440.91,33.29
1726,587,408,10,1899.97,72.33
1727,3368,214,4,1912.5,58.91
1728,4161,32,1,767.01,49.08
1729,3581,563,2,2345.16,51.25
1730,985,16,7,1314.78,77.67
1731,4863,474,2,2295.67,0.31
1732,4116,212,8,1565.37,20.66
1733,2491,34,2,424.51,47.09
1734,1488,368,6,2255.43,6.6
1735,2986,374,7,805.16,30.13
1736,1217,569,7,187.39,1.08
1737,27,350,8,991.79,87.14
1738,3923,216,6,1313.19,62.56
1739,4688,415,5,26.51,2.87
1740,954,418,7,2197.72,80.41
1741,1587,82,2,1106.86,40.59
1742,3069,386,3,1506.06,70.24
1743,2404,219,2,583.06,69.05
1744,3700,337,7,1150.85,84.7
1745,137,394,6,1395.92,26.83
1746,3054,200,3,596.31,52.49
1747,2542,446,3,1475.08,37.72
1748,945,527,1,1170.97,32.02
1749,885,297,9,1602.17,19.3
1750,4313,456,4,657.65,10.53
1751,4619,247,7,2167.78,61.25
1752,4976,214,3,2199.14,60.07
1753,575,168,5,221.07,19.73
1754,3601,32,6,2300.04,47.55
1755,4564,497,6,336.49,24.95
1756,3434,357,7,1122.4,52.69
1757,604,380,4,281.81,78.75
1758,3269,498,5,1144.03,95.44
1759,4752,207,8,1861.02,71.95
1760,4928,393,3,1203.81,46.79
1761,2570,337,10,1950.87,58.26
1762,247,314,2,842.86,67.0
1763,2276,306,3,516.41,92.58
1764,4817,458,9,1015.17,27.88
1765,3184,397,2,1222.39,76.65
1766,4147,598,9,983.21,87.16
1767,4246,435,9,587.54,91.29
1768,1961,332,5,1464.37,74.59
1769,434,289,10,1976.98,26.04
1770,437,464,5,352.89,30.02
1771,3936,575,6,1035.79,6.09
1772,1337,563,6,1193.38,90.48
1773,741,252,8,1531.27,93.16
1774,1960,460,7,1369.88,98.16
1775,3391,536,1,2374.61,60.93
1776,153,574,2,1633.91,37.21
1777,4,481,8,901.99,10.63
1778,1766,178,10,2462.97,39.37
1779,3917,312,8,1935.26,80.99
1780,3926,494,4,176.95,40.33
1781,3602,541,7,1033.79,40.38
1782,4602,402,4,527.0,53.41
1784,4225,432,5,764.87,61.0
1785,2268,581,7,1221.41,3.03
1786,2433,276,6,2409.82,80.29
1787,2757,295,5,266.93,10.89
1788,397,554,8,1633.85,84.78
1789,2045,261,3,2295.54,16.35
1790,4827,167,1,2058.82,35.54
1791,2367,364,7,1004.47,42.63
1792,315,82,7,1506.76,87.66
1793,2590,137,4,2017.31,1.46
1794,1007,321,5,1596.79,32.71
1795,1192,474,5,1063.66,41.72
1796,1430,492,2,1128.17,91.72
1797,1617,248,10,573.24,82.9
1798,2546,159,7,59.61,55.14
1799,3668,404,5,2408.26,8.4
1800,2982,55,3,1831.08,28.13
1801,4380,315,1,166.86,65.06
1802,1480,418,8,927.82,14.06
1803,3507,379,5,1755.84,89.75
1804,521,131,5,2047.34,80.02
1805,4438,288,4,1846.19,41.14
1806,2480,54,3,199.55,60.2
1807,4180,118,9,2232.6,67.96
1808,2783,269,6,2065.62,34.29
1809,4366,433,7,2017.2,64.65
1810,4188,87,8,2090.86,24.81
1811,3725,342,9,2118.57,24.49
1812,3795,280,5,1549.91,50.3
1814,2583,276,6,1049.99,35.13
1815,190,442,3,280.54,62.42
1816,3722,224,6,1601.55,15.55
1817,1901,122,4,795.83,27.29
1818,4882,257,5,685.95,83.39
1819,2625,261,3,1685.18,6.12
1820,1727,111,3,1441.73,93.41
1821,4590,509,1,614.91,88.05
1822,4767,28,6,2124.34,23.99
1823,1714,191,5,1867.56,15.91
1824,2711,374,7,1924.74,36.77
1825,3135,152,6,2221.4,30.15
1826,2828,454,8,1370.45,21.96
1827,4935,595,4,1934.47,20.75
1828,2877,82,1,2428.02,50.46
1829,4481,451,6,1331.58,18.68
1830,124,580,9,856.86,18.01
1831,3652,531,9,504.46,68.21
1832,4608,443,2,2035.92,63.12
1833,4282,300,10,1016.49,79.35
1834,2395,350,1,2174.08,15.74
1835,3090,479,6,18.83,20.92
1836,4377,520,3,1123.66,52.04
1837,4750,566,6,2178.0,66.45
1838,1040,47,1,637.69,79.31
1839,3791,295,10,528.31,2.09
1840,4367,258,7,1205.23,49.49
1841,1221,306,10,1576.51,25.54
1843,4,124,2,178.24,5.79
1844,4001,185,4,1529.96,97.04
1845,2070,129,2,2234.09,8.26
1846,3444,282,7,1213.71,99.1
1847,1802,355,8,465.55,34.17
1848,205,557,6,627.43,95.37
1850,743,339,9,404.26,56.87
1851,4033,303,1,182.97,73.83
1852,2194,216,7,2374.01,54.98
1853,1216,570,1,2144.74,23.51
1854,1739,134,7,2129.74,30.07
1855,3885,119,5,104.96,4.82
1856,3721,243,7,1233.7,45.31
1857,1348,75,9,646.54,54.34
1858,1319,27,1,1264.42,25.72
1859,4367,48,10,1818.77,65.53
1860,2825,401,8,685.85,63.77
1861,4419,380,7,1141.81,36.47
1863,2290,501,6,2329.85,97.72
1864,4784,223,1,1858.29,94.16
1865,3295,323,9,413.97,77.09
1867,4462,179,1,74.84,46.3
1869,2845,208,6,2032.97,77.58
1870,733,435,7,534.94,13.95
1871,1156,208,2,141.22,84.27
1872,736,487,6,2005.75,17.53
1873,2034,30,7,1364.77,90.69
1874,107,549,5,2223.68,51.55
1875,648,110,7,424.0,36.73
1876,1898,62,1,1000.54,31.86
1877,1040,95,8,258.81,44.52
1878,7,579,7,1331.7,9.48
1879,3514,239,8,2283.02,12.87
1880,3427,496,6,512.92,65.35
1881,3703,7,2,2340.63,53.41
1882,2246,430,9,2480.33,83.15
1883,1927,359,2,2188.42,83.99
1884,2750,197,7,1593.13,29.18
1885,2602,471,3,1116.2,37.98
1886,4025,494,10,2029.99,22.11
1887,3179,396,10,94.68,72.51
1888,247,103,4,669.95,72.45
1889,507,451,10,1992.09,81.07
1890,800,390,6,1823.7,63.12
1891,475,315,4,1224.28,49.13
1892,3429,78,6,1758.03,36.14
1893,2823,236,10,582.96,77.78
1894,1030,594,5,1711.88,90.87
1895,4486,522,1,226.85,71.96
1896,1582,28,7,2426.25,57.57
1897,687,535,1,546.51,93.11
1898,1678,418,5,631.7,43.51
1899,4279,511,1,1112.89,62.9
1900,1188,302,4,2256.25,26.06
1901,1182,97,7,2003.84,49.08
1902,3335,293,5,1254.44,13.05
1903,4328,242,4,1826.13,52.25
1904,1412,598,1,2122.85,10.42
1905,4827,42,3,1395.65,34.84
1906,3094,144,9,1100.81,90.58
1907,1534,346,4,1307.81,13.06
1908,3223,413,9,565.12,0.7
1909,2067,268,2,2300.87,46.76
1910,1058,311,6,1008.33,61.09
1911,941,423,9,1485.87,6.65
1912,855,254,6,935.2,65.71
1913,2135,466,9,82.62,62.62
1915,357,497,6,1045.81,31.24
1916,943,232,8,1368.6,24.97
1917,381,508,3,1344.08,23.49
1918,4430,181,6,1596.64,87.37
1919,2969,130,3,724.47,95.35
1920,3170,16,9,1661.77,88.0
1921,3992,435,4,1753.42,35.28
1922,2147,102,7,266.97,76.56
1923,818,300,2,1687.22,46.25
1924,652,174,4,2072.5,50.64
1925,2568,533,4,633.5,56.01
1926,1104,470,1,1192.32,13.55
1927,862,330,8,969.09,50.19
1928,4929,5,6,2084.33,9.61
1929,3994,584,8,2276.03,25.24
1931,1311,171,9,1419.78,4.47
1932,794,399,7,821.22,74.88
1933,4629,251,1,1166.81,25.18
1934,2614,569,3,1137.14,12.95
1935,1950,564,1,2197.64,32.02
1936,359,14,3,1390.51,36.51
1938,1,1,1,837.13,19.51
1939,3255,537,9,1843.05,62.96
1940,1562,11,3,1141.22,6.14
1941,3475,585,9,1847.47,93.95
1942,4836,479,4,952.37,64.75
1943,2205,71,3,877.51,97.79
1944,4599,61,2,1118.9,83.84
1945,1099,171,3,2081.23,69.45
1946,1268,573,5,1028.16,33.21
1947,1373,400,4,508.58,58.26
1948,2207,332,9,884.36,8.84
1949,1882,246,10,905.05,84.92
1950,1217,528,9,1627.15,26.25
1951,4989,100,4,2219.84,8.16
1953,707,279,3,1801.74,60.15
1954,4995,305,1,170.57,46.8
1955,1285,44,6,475.88,59.58
1956,786,282,9,827.46,26.33
1957,582,576,9,2381.43,95.84
1958,4206,287,8,849.6,51.61
1959,2216,264,9,116.89,4.41
1960,4528,530,3,2425.69,34.66
1961,4041,190,9,2468.35,82.82
1962,185,365,9,1147.51,2.07
1963,2337,216,10,2411.41,65.76
1964,1204,132,6,832.14,99.45
1965,3455,513,6,70.98,68.76
1966,4914,14,5,13.58,33.95
1967,1730,390,9,2144.4,27.32
1968,2339,496,3,1699.18,0.47
1969,326,403,6,2241.72,44.85
1970,2207,436,3,136.04,93.88
1971,1306,295,8,1336.32,48.44
1972,446,545,8,539.44,43.95
1973,775,59,9,102.01,69.08
1974,3770,315,7,1572.61,67.48
1977,3545,569,4,1938.84,75.09
1978,3098,353,9,2394.3,35.99
1979,2719,522,6,1039.92,32.38
1980,2950,26,7,1814.55,42.62
1981,4104,489,7,1317.61,65.78
1982,4180,485,5,287.8,4.5
1983,2887,268,1,1018.97,26.5
1984,3644,522,4,879.31,58.5
1985,3729,7,9,723.75,11.83
1986,2695,395,5,537.9,19.58
1987,2744,109,1,2133.35,52.26
1988,989,203,10,1341.69,44.09
1989,2853,334,6,1413.98,16.35
1990,846,196,10,622.92,93.1
1991,3771,474,3,1799.81,8.1
1992,3092,453,1,1745.87,46.08
1993,2163,559,4,1563.06,0.25
1994,4945,159,10,1101.84,99.48
1995,4698,278,4,1181.12,99.88
1996,2505,492,4,982.18,94.85
1997,4143,428,9,212.92,63.19
1998,4313,493,2,2014.88,38.31
1999,457,553,6,739.36,8.13
2000,2606,167,10,1816.83,90.52
2001,298,29,8,2150.26,19.37
2002,3440,21,2,932.57,69.69
2003,1147,545,8,1883.72,30.2
2004,4406,453,6,1064.41,32.1
2005,771,175,10,1045.24,9.05
2006,1981,462,1,2168.38,10.92
2007,1981,357,9,1457.99,30.7
2008,2144,336,3,1461.67,17.24
2009,4230,58,3,2411.91,18.11
2010,4096,80,6,2293.49,76.59
2011,3812,277,3,1930.94,33.29
2012,4214,422,5,510.89,49.58
2013,817,476,1,648.52,90.28
2014,609,46,1,2406.1,0.29
2015,2431,281,8,527.52,27.98
2017,3306,184,5,1485.12,54.73
2018,1402,339,8,385.36,36.0
2019,1866,360,2,2137.61,9.53
2020,3124,520,3,920.98,26.32
2021,1389,398,5,137.72,88.36
2022,2014,342,3,725.39,47.06
2023,2618,369,3,2008.89,89.66
2024,630,119,1,2483.6,61.28
2025,4349,139,1,1188.44,84.56
2026,422,519,3,1234.62,75.2
2027,1848,225,7,842.83,95.0
2028,3037,569,7,167.63,77.01
2029,1720,578,9,1947.0,29.71
2030,347,45,7,2186.83,71.66
2031,1709,208,8,2269.52,0.33
2032,1031,416,10,1577.86,0.1
2034,2578,16,2,839.54,67.94
2035,2648,529,7,1492.18,61.19
2036,2647,548,1,2333.95,86.75
2037,1091,168,8,512.87,28.95
2038,149,63,1,1004.25,69.02
2039,305,440,10,2132.92,46.93
2040,2018,391,2,1899.41,33.99
2041,745,309,2,2455.29,14.7
2042,1262,561,1,1000.76,13.36
2043,4537,422,3,1701.52,91.62
2044,1079,295,2,2325.43,29.79
2045,4872,160,3,435.32,23.99
2046,1078,58,3,47.54,9.65
2047,4945,176,3,1365.99,67.21
2048,2728,63,5,1605.33,83.62
2049,1912,344,10,583.33,16.18
2050,955,497,6,2493.58,18.38
2051,4256,282,5,1025.67,48.82
2052,4403,466,7,1151.35,93.39
2053,2254,4,4,1384.05,0.03
2054,441,402,8,622.5,92.99
2055,3975,193,7,2275.64,72.13
2056,1343,432,6,181.46,74.59
2057,4815,150,4,735.78,81.17
2058,3691,466,9,496.75,72.63
2059,1592,515,3,398.94,27.94
2060,1358,191,3,2479.11,94.61
2061,678,202,4,1255.26,92.78
2062,1782,346,3,1507.46,2.79
2063,225,595,3,2155.88,29.13
2064,786,285,1,755.24,17.18
2065,1520,159,6,636.58,36.97
2066,4280,581,8,559.09,70.62
2067,3400,161,6,1738.4,61.36
2068,3761,286,4,291.21,92.31
2069,1920,213,6,1792.04,44.68
2070,653,23,10,857.46,76.24
2071,2196,349,10,1407.87,36.14
2072,1517,354,6,2023.47,47.7
2073,1566,15,4,24.14,0.45
2074,574,571,7,1094.97,81.34
2075,3227,468,9,719.97,71.91
2076,803,276,6,1373.8,73.99
2077,339,570,7,1598.68,38.1
2078,1142,470,3,2112.66,86.45
2079,2728,134,1,1696.94,36.9
2080,847,114,5,1867.53,6.21
2081,3363,183,6,1636.83,97.85
2082,3344,457,3,1057.99,64.49
2083,4667,272,1,2374.67,73.9
2084,3964,37,10,628.4,42.43
2085,2368,333,5,1901.73,97.84
2087,551,303,3,2471.48,29.84
2088,1702,490,1,187.28,14.94
2089,982,45,5,1525.65,33.51
2090,248,374,7,609.52,96.81
2091,1527,168,2,2478.58,16.34
2092,3640,289,7,1100.69,46.35
2093,3124,298,7,711.71,50.63
2094,246,472,4,1315.26,73.45
2095,895,139,2,742.87,83.93
2096,76,381,5,985.4,64.02
2097,4172,494,3,775.4,58.64
2099,1576,74,1,1832.59,80.56
2100,253,291,10,1425.42,20.8
2101,2171,88,7,333.93,5.9
2102,2249,212,1,196.85,80.07
2103,1778,91,6,917.44,52.22
2104,319,397,8,1043.99,77.08
2105,2931,119,8,675.51,26.49
2106,590,341,4,1013.81,56.68
2107,1078,469,2,1190.58,68.53
2108,1887,553,2,976.82,10.47
2109,650,445,6,443.67,72.49
2110,3030,198,2,665.48,3.58
2111,3456,334,2,35.94,25.48
2112,2602,357,8,546.47,84.94
2113,4090,77,1,475.36,0.69
2114,261,559,3,1623.4,30.62
2115,164,562,3,1298.73,71.92
2116,3511,132,1,800.83,94.53
2117,813,16,4,2307.66,58.23
2118,610,101,10,2360.36,70.52
2119,211,518,5,294.52,83.46
2120,907,139,10,1657.8,84.53
2121,3666,314,3,1835.12,33.54
2122,2105,154,10,2003.3,26.47
2123,2710,46,4,380.14,42.64
2124,4363,444,3,1567.13,85.42
2125,4495,65,7,2198.03,3.75
2126,1402,580,2,1604.95,13.57
2127,2221,194,8,57.88,42.61
2128,4233,240,8,1661.42,45.55
2129,4041,4,9,1281.59,89.08
2130,4124,229,5,1586.3,8.32
2131,796,364,4,1141.47,17.84
2132,2040,443,9,969.51,82.86
2133,133,85,7,1121.08,97.46
2134,2666,120,3,1701.23,38.14
2135,4606,429,7,2378.25,42.33
2136,164,568,2,684.46,67.34
2138,3961,222,8,1895.95,2.06
2139,1694,224,9,2042.4,59.55
2140,3204,415,6,1610.49,49.32
2141,2789,363,1,59.3,64.56
2142,399,55,1,1375.51,4.31
2143,393,518,10,2075.33,35.15
2144,2417,320,6,2001.96,58.5
2145,1039,268,5,535.84,6.58
2146,1476,599,1,1528.95,4.23
2147,964,517,7,282.8,89.83
2148,4396,216,5,1038.51,52.19
2150,3918,446,2,1102.83,37.13
2151,4045,348,1,1607.8,19.91
2152,3652,363,2,1615.11,66.48
2153,2640,54,3,1793.31,24.78
2154,1621,598,9,156.63,42.45
2155,3622,369,5,2207.4,47.2
2156,2663,77,6,2222.63,24.83
2157,4903,140,8,1246.21,51.81
2158,4471,46,3,1908.76,71.52
2159,730,3,4,298.03,24.91
2160,46,515,3,389.04,23.93
2161,3318,10,2,1497.23,61.45
2162,4007,533,10,1341.57,79.68
2163,3266,87,2,1410.64,49.87
2164,2178,50,7,708.93,78.41
2165,3266,77,5,1091.08,64.69
2166,3820,455,3,339.26,10.47
2167,309,174,6,1813.18,1.93
2168,2477,423,3,895.69,33.11
2169,4346,325,3,963.82,50.71
2170,4720,223,7,2126.03,66.87
2171,2886,195,8,2193.29,96.34
2172,1912,555,9,742.15,44.09
2173,2489,311,2,644.99,73.19
2174,3615,238,4,950.58,64.41
2175,508,525,1,829.93,33.95
2176,3628,402,8,1886.85,10.47
2177,1473,587,4,49.93,15.84
2178,3992,551,10,2342.72,34.19
2179,643,325,4,182.79,97.65
2180,3494,504,3,1014.07,0.45
2181,3350,46,9,230.68,37.81
2182,4143,457,7,1260.07,16.01
2183,3028,432,5,907.73,13.08
2184,2701,257,10,1759.09,91.66
2185,2759,19,5,1726.65,88.13
2186,4318,204,9,1868.79,37.7
2187,186,536,7,308.31,25.75
2188,357,141,10,1516.5,40.44
2189,1502,570,6,1777.09,22.29
2190,1650,23,2,1203.64,46.63
2191,856,44,10,1991.86,70.55
2192,188,78,8,903.69,51.56
2193,1956,284,4,2025.33,7.04
2194,4939,258,10,874.19,75.36
2195,4065,574,9,1306.98,30.43
2196,2520,149,8,2210.03,2.36
2197,1089,47,5,2053.74,59.48
2198,455,454,1,1275.82,44.72
2199,284,329,6,483.37,74.99
2200,3144,62,8,1634.25,39.25
2201,3188,70,8,680.12,97.21
2202,2919,96,8,2079.13,73.46
2203,3578,426,3,1774.87,64.13
2204,1281,271,9,1634.93,41.66
2205,3635,541,9,413.29,44.96
2206,3884,208,6,159.83,38.68
2207,3204,31,5,209.26,66.97
2208,2512,27,2,2246.4,6.02
2209,3378,524,10,1977.28,90.49
2210,3495,130,6,1120.81,24.94
2211,3921,392,9,827.93,0.01
2212,3860,125,4,714.97,11.45
2213,54,131,4,1333.94,78.18
2214,3536,351,7,460.29,22.28
2215,3183,184,7,1141.15,76.16
2216,2118,15,6,593.57,30.5
2217,4690,253,9,1516.59,36.12
2218,3272,306,6,1574.67,16.95
2219,2147,449,1,93.73,25.7
2220,3259,367,5,1265.77,70.87
2221,92,70,4,2362.72,72.86
2222,4970,169,8,2088.7,6.24
2223,2713,151,4,2166.71,51.95
2224,2894,531,2,591.03,65.14
2225,1077,597,5,1553.49,66.23
2226,2546,277,4,2183.4,17.67
2227,2127,549,5,1913.98,30.15
2228,3156,572,7,1594.31,4.68
2229,2089,179,8,1224.22,30.73
2230,2876,457,8,1379.18,19.35
2231,3332,126,9,2098.85,40.37
2232,1734,388,2,2331.69,84.47
2233,4058,203,4,167.01,2.01
2234,4663,121,4,1000.53,41.54
2235,2546,407,2,1547.15,54.55
2236,3536,492,10,2200.93,39.33
2237,1476,320,2,1166.46,97.37
2238,4048,415,3,1634.11,88.98
2239,348,467,9,265.23,84.21
2240,4251,585,2,904.68,60.97
2241,3036,177,6,488.78,31.54
2242,452,27,3,1965.02,18.91
2243,3617,245,2,635.33,26.94
2244,786,68,5,871.2,31.47
2245,543,571,3,292.05,56.58
2246,4946,2,2,1132.86,2.6
2247,3502,203,8,2068.5,11.7
2248,3205,305,2,788.66,55.35
2249,2425,166,4,878.46,98.77
2250,2006,249,4,1738.97,73.77
2251,726,34,3,259.58,33.73
2252,3696,336,5,1925.47,59.58
2253,4959,367,5,2124.2,76.3
2254,1905,98,8,1760.18,48.01
2255,1032,379,6,1384.13,18.66
2256,1773,338,2,773.47,38.84
2257,3858,523,4,1293.89,80.35
2258,3552,241,4,1054.2,85.17
2259,2556,317,5,2245.41,50.78
2260,3308,199,2,1881.46,78.4
2261,4625,143,8,1588.06,37.7
2262,4756,302,1,375.59,60.98
2263,734,180,3,673.23,26.26
2264,2796,52,4,1082.86,66.37
2265,490,590,9,1451.78,20.7
2266,973,97,8,354.63,1.85
2267,4851,518,9,488.0,75.67
2268,336,108,10,929.01,0.26
2269,2442,502,6,2460.81,7.86
2270,499,398,9,1287.02,95.0
2271,253,7,1,2162.44,32.67
2272,4267,18,5,207.32,70.07
2273,2247,217,4,2294.96,41.63
2274,1606,191,6,264.87,88.24
2275,2819,273,2,1440.05,61.94
2276,672,486,10,1492.13,96.87
2277,387,69,10,595.01,29.28
2278,2597,583,8,330.79,90.88
2279,2480,556,6,1589.85,78.62
2280,224,77,1,1057.16,51.98
2281,2788,222,2,2475.17,41.64
2282,1723,307,10,916.16,84.46
2283,4979,505,4,526.86,5.88
2284,955,381,10,499.15,20.15
2285,1467,353,1,2413.43,74.5
2286,4593,560,5,1857.82,56.16
2288,2708,331,9,897.13,99.08
2289,1723,167,7,1796.55,3.16
2290,3691,297,6,258.36,91.17
2291,1631,581,10,254.38,0.15
2292,4745,76,9,1737.09,81.43
2293,218,369,7,396.38,98.23
2294,3103,544,6,2189.55,4.28
2295,1183,15,4,91.45,79.29
2296,1171,335,9,1936.42,78.77
2297,1638,558,6,122.26,47.83
2298,1689,85,4,391.98,36.82
2299,3355,581,9,1609.72,30.59
2300,505,468,6,637.5,45.88
2301,1548,263,9,2437.89,72.28
2302,964,281,6,45.5,5.73
2303,1989,396,2,196.66,87.86
2304,2263,528,1,2051.18,30.44
2305,1108,197,2,1666.95,50.63
2307,4688,395,6,373.81,84.19
2308,2204,104,7,2342.55,66.32
2309,502,65,10,2279.43,5.86
2310,993,342,4,372.67,25.57
2311,898,114,8,249.63,85.1
2312,1291,257,9,1877.84,3.78
2313,1111,422,7,2035.29,13.17
2314,3383,578,7,753.44,8.8
2316,3726,594,1,2065.72,33.73
2317,3197,476,6,2265.15,18.68
2318,1575,398,9,1267.3,9.94
2319,3221,174,4,446.29,50.53
2320,4938,58,8,791.32,19.97
2321,112,351,10,1828.0,36.72
2322,2215,166,10,1316.52,6.87
2323,1249,340,9,2382.04,49.18
2325,3054,597,2,208.12,95.75
2326,4691,522,6,1871.81,74.96
2327,2754,94,2,1384.01,59.3
2328,3475,263,6,624.58,31.74
2329,1625,132,3,1383.71,14.16
2330,1406,581,9,1341.51,66.32
2331,624,470,1,2472.57,38.4
2332,1999,270,2,372.57,31.24
2333,4225,114,6,2468.97,24.42
2334,3111,141,5,1806.95,22.71
2335,1135,288,4,2126.15,21.96
2336,1728,68,1,711.41,30.24
2337,2311,255,5,1167.78,47.81
2338,3042,344,1,1662.84,61.72
2339,3886,25,3,2356.64,12.69
2340,4616,478,1,1004.76,93.5
2341,4245,461,8,1742.62,35.15
2342,2505,80,10,168.46,34.77
2343,2376,390,8,1134.73,70.06
2344,4627,421,7,1270.01,94.56
2345,869,290,8,1252.77,4.77
2346,1050,47,6,246.92,14.4
2347,68,289,8,364.55,95.62
2348,1831,242,6,1625.88,90.98
2349,703,312,4,588.43,11.17
2350,3327,483,2,775.43,30.74
2351,325,500,7,295.04,60.36
2352,4752,339,9,2244.82,79.18
2353,4466,465,2,329.67,58.29
2354,2638,378,4,2340.1,51.58
2355,2470,134,1,533.48,87.01
2356,4174,551,5,1806.07,28.56
2357,1692,457,7,182.28,28.12
2358,212,532,9,1678.44,35.7
2359,553,510,8,1326.26,63.21
2360,1280,500,5,2065.0,77.39
2361,2263,315,10,2343.6,44.16
2362,3505,54,4,723.61,53.87
2363,3757,120,7,307.63,52.4
2364,1383,502,7,1794.95,64.46
2365,3799,296,5,1474.42,43.82
2366,3072,129,9,1162.4,23.51
2367,839,529,4,2075.53,90.36
2368,4060,335,2,2138.86,12.09
2369,2272,361,4,865.37,43.82
2370,245,472,8,1506.81,71.92
2371,453,317,8,1580.97,37.33
2373,3857,177,5,2404.23,58.78
2374,4708,568,2,899.87,44.78
2375,3005,375,3,861.41,64.57
2376,857,511,3,1178.17,63.47
2377,1279,414,6,777.0,15.57
2378,2522,159,5,1268.16,13.52
2380,3325,43,5,1149.45,37.6
2381,876,286,3,1288.73,41.94
2382,1900,450,10,433.9,3.35
2383,1318,121,10,1839.56,34.25
2384,1470,61,10,942.46,0.11
2385,4656,398,6,2276.9,11.35
2386,4259,260,6,688.6,35.12
2387,4755,271,4,189.75,90.55
2388,1398,34,1,1349.04,37.53
2389,2437,60,7,2369.63,41.19
2390,792,372,4,308.35,96.32
2391,4935,386,8,1187.21,79.27
2392,2764,536,10,1081.72,23.44
2393,1736,277,5,2248.07,17.95
2394,2350,223,8,205.89,68.48
2395,1360,147,8,1407.78,25.38
2396,4151,581,10,489.27,40.02
2397,3257,34,5,214.28,77.38
2398,4341,462,8,2388.99,90.56
2399,851,66,9,2018.3,3.31
2400,4756,155,6,2363.0,52.96
2401,1347,152,6,533.83,49.38
2402,4295,31,1,999.86,24.22
2403,4508,409,3,1376.73,40.98
2404,1388,429,5,271.03,72.4
2405,2548,133,6,1173.04,24.76
2406,457,136,10,310.71,88.39
2407,3159,36,7,786.56,66.94
2408,3501,376,2,666.21,8.25
2409,2173,204,1,1228.31,86.69
2410,3396,470,3,2312.33,3.29
2411,3388,173,1,601.78,45.11
2412,2247,407,3,1672.19,77.16
2414,3315,328,10,1884.3,73.2
2415,3312,497,3,1516.95,76.05
2416,4168,345,2,293.99,34.76
2417,1463,596,3,202.17,59.69
2418,1072,146,3,2310.89,24.68
2419,3630,339,5,1978.7,47.84
2420,3320,384,7,1702.29,16.18
2421,2983,534,5,2246.36,52.05
2422,116,512,4,1467.41,21.63
2423,1647,200,5,1185.04,21.81
2424,4722,187,2,2131.23,41.46
2425,4241,25,7,1359.81,2.21
2426,2752,245,10,136.62,4.95
2427,2987,14,3,1543.62,69.19
2428,47,160,1,1405.18,23.49
2429,713,272,4,363.61,11.15
2430,1447,511,8,2071.3,22.77
2431,3340,516,3,1559.03,87.4
2432,4086,427,6,1856.15,12.6
2433,2020,405,4,1830.1,87.22
2434,2535,31,9,1700.83,17.39
2435,2832,515,9,270.99,91.0
2436,4106,27,7,1477.92,50.62
2437,4599,64,1,664.31,62.5
2438,1450,449,4,375.01,26.87
2439,1041,191,5,1214.92,60.23
2440,1906,138,3,1726.87,71.09
2441,1210,105,8,2003.15,99.67
2442,412,99,4,986.96,86.51
2443,1523,581,4,2331.54,44.26
2444,3233,347,6,2038.88,98.87
2445,4479,409,2,441.99,95.91
2446,871,231,10,506.24,42.52
2447,2794,476,1,816.03,14.89
2448,2498,491,10,173.59,68.02
2449,1103,4,9,1139.15,19.33
2450,715,551,10,665.09,39.96
2451,3366,223,6,1087.25,69.51
2452,519,388,9,1150.74,73.74
2453,2955,364,7,1553.93,93.9
2454,4891,389,10,2495.49,41.25
2455,1506,142,8,501.31,27.47
2456,4697,356,5,1718.84,84.75
2457,38,276,4,500.78,67.99
2458,849,429,3,396.78,19.75
2459,2225,280,8,378.31,14.51
2460,1075,111,3,2027.11,79.4
2461,4205,95,8,1673.7,87.39
2463,1448,375,6,1355.72,72.87
2465,2643,90,5,2413.52,31.78
2466,2415,231,7,172.94,43.95
2467,529,390,2,583.28,80.64
2468,698,368,6,2180.36,86.54
2469,4145,171,4,815.88,10.78
2470,1153,151,7,91.19,92.3
2471,4849,261,3,859.07,55.11
2472,4197,311,1,872.96,11.85
2473,820,578,9,1662.89,51.42
2474,1442,379,2,2354.16,59.69
2475,2478,330,4,629.53,41.82
2476,4238,445,2,286.34,22.3
2477,3163,84,8,1083.38,42.93
2478,1975,232,1,1137.16,1.98
2479,641,131,4,1250.41,25.97
2480,3071,246,1,2013.42,17.41
2481,4873,310,8,2142.1,66.3
2482,3696,144,7,2468.32,42.62
2483,2236,92,3,1390.98,16.97
2484,867,387,4,2223.28,55.2
2485,4573,395,8,1728.72,49.14
2487,2744,335,2,2000.15,26.05
2488,2417,240,2,1358.34,73.32
2489,4940,478,5,322.99,37.86
2490,3605,429,6,2048.13,63.23
2491,2114,133,10,895.9,66.01
2492,3214,202,1,1027.63,73.12
2493,2639,165,4,1272.66,52.29
2494,1722,153,4,1548.18,99.17
2495,2529,208,8,2334.36,53.58
2496,886,475,6,2206.28,46.61
2497,4193,402,4,1762.0,65.75
2498,2210,233,3,1224.47,40.7
2499,4118,510,7,251.41,46.15
2500,3582,380,2,2154.42,96.52
2501,2727,356,6,2443.3,60.55
2502,3482,582,6,1308.22,33.69
2503,4409,423,3,596.32,80.21
2504,3783,155,10,1306.07,32.53
2505,4755,210,5,1755.01,76.87
2506,698,320,5,2243.77,70.48
2507,584,365,5,638.56,72.22
2508,3790,399,1,376.11,90.98
2509,2956,507,9,661.64,30.92
2510,3973,477,6,2479.62,79.03
2511,3784,442,4,957.1,81.35
2512,3710,453,4,1430.14,60.77
2513,4,597,6,80.12,70.4
2514,807,290,6,67.55,16.96
2515,3344,106,4,912.75,4.18
2516,513,512,2,134.18,15.29
2517,4814,147,3,2059.08,8.8
2518,36,184,4,1467.01,35.59
2519,768,312,2,1108.6,90.29
2520,4688,57,8,1773.65,99.92
2521,3946,517,6,477.59,61.8
2522,4052,354,5,1205.42,77.0
2523,4458,290,6,716.05,82.47
2524,2013,572,4,1364.65,30.75
2525,4676,44,7,525.87,29.1
2526,4581,142,4,743.53,20.85
2527,402,416,2,1657.95,78.99
2528,337,207,5,921.69,74.43
2529,2382,122,4,2413.33,68.28
2530,1915,44,4,2393.22,70.35
2531,1245,103,8,1567.63,53.13
2532,139,445,2,1666.23,56.9
2533,3082,473,4,2478.59,66.58
2534,224,558,2,2008.03,92.9
2535,1930,555,3,1397.2,88.73
2536,52,144,10,1996.39,67.01
2537,2593,246,6,1958.02,42.31
2538,570,194,5,878.21,90.99
2539,4288,401,8,630.04,97.97
2540,137,161,7,586.54,70.24
2541,1848,73,10,1192.46,34.5
2542,83,46,2,1507.75,2.36
2543,2992,491,4,354.72,89.5
2544,2786,242,10,1445.03,63.92
2546,2622,222,3,2370.61,29.55
2547,2458,591,1,979.12,52.11
2548,1929,571,10,911.86,34.51
2549,223,76,6,14.02,92.28
2550,2481,316,6,1380.92,31.0
2551,3659,278,10,151.79,10.48
2552,3820,15,9,2434.04,67.85
2553,3704,468,3,827.23,61.23
2554,2058,543,3,610.34,7.44
2555,2248,109,4,1810.53,22.96
2556,554,57,8,2468.29,90.91
2557,4878,350,10,2045.69,44.81
2558,938,160,6,1083.98,46.33
2559,4975,437,1,1927.61,93.19
2560,190,186,4,404.32,10.35
2561,4363,179,7,304.02,16.42
2562,809,213,5,543.07,36.44
2563,3011,408,6,2342.47,39.78
2564,1402,334,2,2114.0,3.29
2565,2433,77,10,1879.26,49.85
2566,3503,201,4,1890.66,76.08
2567,3420,300,3,1926.42,35.39
2568,4078,448,7,1050.06,35.81
2569,3983,5,6,810.68,56.07
2570,429,406,6,1165.26,72.97
2571,2295,346,10,175.88,37.41
2572,1126,340,1,1037.95,45.64
2573,3480,269,5,950.98,61.04
2574,4469,49,10,1965.04,29.94
2575,56,400,7,558.73,70.41
2576,260,303,3,264.5,14.22
2577,1334,29,8,1602.1,15.79
2578,1511,230,6,1407.08,17.46
2579,3132,138,5,2246.09,37.8
2580,786,301,6,1283.62,26.36
2581,2582,100,8,337.57,59.74
2582,4591,247,6,1828.02,54.62
2583,1860,340,4,1255.56,66.08
2584,4940,69,10,1088.81,34.74
2585,4916,348,6,366.45,55.01
2586,2636,82,8,333.08,0.7
2587,736,509,1,1671.74,75.41
2588,519,126,8,208.1,89.37
2589,3471,27,7,1415.68,61.02
2590,441,323,2,1676.93,28.18
2591,3191,105,6,1549.94,45.23
2592,2967,503,5,923.89,51.98
2593,2383,367,5,1505.07,27.26
2595,4209,192,5,1367.91,92.62
2596,4672,37,7,2084.57,54.72
2597,286,383,3,783.97,33.46
2598,4701,210,2,1150.44,83.49
2599,3628,594,8,2488.32,65.74
2600,3293,95,1,2271.39,42.38
2601,2991,103,5,437.87,54.2
2602,4923,321,9,2445.88,78.48
2603,4409,164,10,1216.1,73.71
2604,1077,140,7,1045.49,83.88
2605,3184,577,2,1685.32,89.12
2609,2739,481,7,521.68,26.09
2610,4608,355,5,2318.96,66.04
2611,2938,581,4,2167.8,69.5
2612,697,249,5,1833.64,73.55
2613,23,116,9,1407.29,8.86
2614,1889,240,2,1992.97,61.01
2615,769,273,3,595.47,27.55
2617,2013,523,10,1218.43,81.3
2618,562,197,1,1690.91,17.22
2619,1161,186,1,2199.18,30.52
2620,1960,326,9,289.42,49.08
2621,2093,362,9,1194.77,80.31
2622,1157,349,1,2479.15,59.12
2623,1527,524,1,743.69,13.31
2624,1020,553,2,2003.79,65.35
2625,784,245,4,1241.12,67.6
2626,1837,61,4,2100.67,73.89
2627,2721,94,8,1250.06,22.3
2628,1906,419,6,1257.08,76.01
2629,2742,160,1,1536.87,92.74
2630,4531,377,8,2498.23,40.4
2631,3701,9,2,1588.34,41.71
2632,867,136,1,676.89,45.71
2633,2768,219,7,978.3,82.81
2634,2009,341,3,119.13,85.37
2635,2100,387,2,1359.0,68.87
2636,4833,136,10,2051.43,8.26
2637,4797,263,9,896.37,66.86
2638,4865,450,10,360.59,29.47
2639,452,296,3,1228.84,78.69
2640,883,459,5,2093.22,41.19
2641,16,270,10,2035.14,32.56
2642,2500,431,5,1737.48,36.31
2643,2396,326,5,408.53,13.46
2644,4376,404,9,752.0,31.8
2645,1879,26,1,632.51,98.12
2646,2407,159,8,200.34,93.91
2647,3579,512,2,857.18,52.69
2648,3973,496,10,2239.69,13.25
2649,2966,258,8,2091.27,16.32
2650,2600,2,2,1794.28,85.18
2651,803,191,4,727.05,13.74
2652,3730,150,4,118.48,29.75
2653,2831,222,2,2059.52,4.93
2654,1936,166,1,594.5,91.7
2655,4551,502,10,2345.63,20.97
2656,6,544,6,860.26,52.94
2657,4474,184,8,2423.66,94.42
2658,4321,288,3,2002.24,77.09
2659,500,571,6,1313.06,76.52
2660,4739,529,10,2433.36,66.8
2661,817,277,9,461.55,12.01
2662,1106,3,9,1035.23,18.97
2663,2615,348,10,478.3,30.87
2664,3718,102,4,1923.95,44.48
2665,4630,221,1,471.26,14.83
2666,262,26,4,1536.14,8.1
2667,3082,198,8,561.66,29.34
2669,1959,587,5,1844.48,92.28
2670,685,172,2,920.85,61.94
2671,3537,80,9,134.13,30.33
2672,4122,184,2,1182.19,16.28
2673,2949,181,5,2498.94,44.07
2674,632,365,10,366.93,90.6
2675,4633,475,4,1237.58,57.63
2676,2936,58,2,2328.74,87.92
2677,2262,304,1,2433.97,75.14
2678,485,120,8,1666.77,12.65
2679,2782,483,2,926.05,2.45
2681,3890,243,5,1376.24,85.76
2682,747,560,8,681.01,90.98
2683,3182,233,9,2153.86,92.59
2684,638,549,2,405.75,40.7
2685,2706,116,8,242.49,59.58
2686,1685,89,9,141.27,38.06
2687,2974,38,4,965.15,45.44
2688,1429,359,5,408.57,99.59
2689,2305,403,10,848.3,81.68
2690,1824,79,5,1086.92,9.22
2691,4876,55,6,523.69,33.83
2692,2312,163,6,2084.2,20.4
2693,2095,448,3,1066.11,86.69
2694,3948,400,3,193.95,30.41
2695,2274,365,8,2487.65,33.53
2696,2411,175,3,1733.29,36.0
2697,1207,376,7,729.55,44.99
2698,1880,494,1,216.94,84.2
2699,1549,298,7,2127.68,80.36
2700,1820,71,10,280.23,4.64
2701,2812,241,6,2221.08,56.62
2702,754,99,6,1932.88,63.92
2703,1504,262,6,22.03,34.73
2704,3812,63,5,1762.33,41.59
2706,4118,230,6,1073.63,32.07
2707,3678,589,9,1417.23,76.12
2708,2863,300,8,2305.72,63.2
2709,2485,219,1,967.63,16.76
2710,4220,262,8,1467.13,49.47
2711,3712,536,9,2156.01,87.4
2712,2601,239,8,151.25,51.16
2713,4451,414,6,2408.9,52.24
2714,888,111,10,2116.83,89.52
2715,1301,291,4,1037.69,7.1
2716,1265,476,10,847.15,21.64
2718,3160,196,6,802.24,80.16
2719,2875,464,9,148.41,20.39
2720,2013,386,3,200.0,68.4
2721,2554,418,1,691.25,96.51
2722,1292,578,10,2079.86,65.65
2723,1732,438,2,1237.74,53.06
2724,1820,158,1,1775.81,77.2
2725,2181,41,9,186.41,9.14
2726,278,255,2,2374.52,48.45
2727,4334,271,10,1036.15,45.89
2728,3901,240,1,1194.74,97.11
2729,4679,147,2,1124.1,60.96
2730,388,87,8,117.4,96.95
2731,3626,482,10,737.22,0.16
2732,4208,221,8,339.34,62.97
2733,585,558,7,31.63,9.38
2734,1997,465,9,112.13,49.96
2735,1227,144,1,339.7,11.67
2736,1788,43,7,803.39,84.49
2737,628,560,1,2272.57,73.39
2738,2201,115,10,22.93,38.2
2739,4245,489,8,2109.29,3.97
2740,2498,82,2,213.09,80.33
2741,1471,573,7,383.05,15.18
2742,2108,139,2,2281.14,91.71
2743,3164,125,6,1087.26,14.59
2744,3971,21,2,2170.4,15.59
2745,2470,400,6,797.2,3.6
2746,1284,86,3,2112.78,66.34
2747,2158,538,3,135.5,69.53
2748,2693,3,6,2457.36,17.06
2749,1134,429,3,546.02,96.49
2750,3793,329,3,725.83,44.26
2751,1592,158,2,15.93,1.66
2752,1068,15,2,595.41,77.81
2753,3787,287,7,774.98,88.44
2754,4008,568,3,37.08,91.2
2755,2452,443,10,583.67,69.8
2756,3680,448,7,444.84,37.83
2757,4987,445,3,2364.23,31.19
2758,341,264,10,1982.1,49.28
2759,4878,336,7,2163.64,98.74
2760,2169,312,6,2274.12,34.42
2761,967,252,8,1722.79,90.02
2762,1619,261,8,426.61,50.2
2763,1430,534,10,2273.21,46.43
2764,1422,480,4,1921.1,42.62
2765,4377,297,6,328.94,86.12
2766,2373,439,10,1724.6,34.28
2767,1550,31,5,1803.0,15.53
2768,1915,394,2,1045.13,75.68
2769,1649,568,10,2475.26,17.22
2770,2039,313,4,1975.76,33.29
2771,3176,428,4,1291.59,16.19
2772,4292,426,3,2041.76,77.04
2773,1219,6,6,2433.25,97.78
2774,927,207,10,589.57,63.56
2775,639,375,7,1683.26,48.18
2776,2546,92,1,296.85,7.9
2777,3117,158,9,537.54,35.37
2778,4496,76,10,291.76,54.54
2779,4726,66,7,947.17,89.84
2780,2985,24,8,929.12,43.92
2781,1124,124,10,2180.67,37.06
2782,4945,571,1,2075.35,6.21
2783,2416,227,10,47.67,13.91
2784,116,385,8,846.39,56.59
2785,3384,194,3,1388.49,83.42
2786,1620,169,9,2179.62,80.99
2787,823,90,7,780.4,7.92
2788,1874,516,1,2162.83,87.99
2789,2264,112,8,672.68,97.68
2790,2391,138,3,1483.88,3.07
2791,2108,391,7,2222.64,28.13
2792,1653,519,4,2181.48,6.32
2793,1101,554,8,1818.39,83.31
2794,2915,546,5,718.12,47.46
2795,4784,300,4,1226.54,33.6
2796,3968,166,9,1632.71,33.37
2797,4620,570,10,2357.09,54.32
2798,2358,349,3,868.61,29.51
2799,175,10,5,290.79,63.62
2800,898,485,10,1119.35,32.17
2801,4636,33,5,1806.04,44.02
2802,3149,132,10,2441.41,43.11
2803,1761,243,3,1420.63,80.12
2804,1048,355,1,1848.2,94.23
2805,1502,379,10,1006.78,20.61
2806,1788,109,8,447.52,35.88
2807,4010,33,5,316.3,99.98
2808,2876,125,2,1231.43,66.7
2809,3370,146,6,2230.12,83.23
2810,709,348,3,1077.56,30.9
2811,4487,488,4,184.09,93.18
2812,4986,221,4,877.87,69.63
2813,687,58,9,2285.82,78.35
2814,1427,339,5,1088.71,72.16
2815,3478,288,8,505.78,77.87
2816,1264,1,2,1613.85,61.64
2817,4371,488,9,1400.3,15.32
2818,843,323,8,563.36,65.73
2819,4833,451,3,2154.69,74.86
2820,3145,385,6,1543.73,10.38
2821,4478,322,3,2414.86,73.82
2822,2256,299,9,206.02,28.56
2823,814,86,10,227.01,38.15
2824,234,175,9,973.23,84.3
2825,3221,11,2,1792.26,75.02
2826,1892,379,7,1851.86,54.99
2827,729,438,3,2049.69,39.9
2828,507,451,4,1839.34,24.05
2829,3587,81,10,1623.48,29.1
2830,2220,316,5,2310.12,19.88
2831,2395,346,1,2039.04,76.33
2832,3842,298,8,311.55,88.86
2833,2838,103,7,1258.55,9.71
2834,1434,376,4,562.01,78.53
2835,1613,41,4,837.97,73.46
2836,3111,414,8,2188.15,45.32
2837,2758,24,1,1146.64,98.85
2838,3167,590,7,1605.43,35.71
2839,1213,437,9,213.88,4.73
2840,3052,355,9,2150.19,73.52
2841,2087,509,3,685.15,10.73
2842,2229,15,5,1689.18,83.78
2843,4264,291,4,1291.85,21.04
2844,3177,52,10,27.74,88.19
2845,1273,8,9,2255.17,48.83
2846,4352,565,7,313.16,21.55
2847,1189,489,10,212.25,9.51
2848,1806,573,10,2104.11,10.58
2849,4948,132,10,249.85,33.25
2850,607,477,2,1845.18,45.66
2851,263,533,1,1083.29,43.95
2852,1034,422,6,336.61,59.71
2853,4247,231,2,428.46,10.74
2854,2761,83,7,1223.86,48.92
2855,3776,297,2,1427.7,11.57
2856,4006,437,6,2002.26,78.34
2857,2024,504,6,1063.45,36.99
2858,1045,329,2,1098.86,87.74
2859,1758,113,6,1144.85,46.88
2860,1592,424,6,438.67,9.3
2861,1920,342,4,68.5,20.17
2863,3653,309,9,1617.85,29.58
2864,2073,552,6,364.6,51.53
2865,4569,182,8,273.27,12.71
2866,4179,557,6,2349.19,95.84
2867,2879,60,5,552.67,6.51
2868,3107,383,2,144.18,70.46
2869,3426,577,7,2300.19,68.97
2870,2184,301,4,1203.51,49.2
2871,1355,348,4,1863.22,64.12
2872,2040,270,9,2161.16,8.73
2873,3758,139,7,1531.08,72.49
2874,3454,392,10,923.04,76.44
2875,4087,51,1,2168.85,89.2
2876,3080,452,4,2138.85,48.7
2877,778,35,5,2157.22,89.6
2878,4796,481,9,2256.01,74.93
2879,451,13,2,552.41,91.71
2880,2012,344,5,1845.28,51.11
2881,929,498,8,503.26,72.99
2882,435,217,3,208.54,1.08
2883,3569,369,7,250.15,94.62
2884,4164,511,5,1793.2,64.25
2885,4195,312,8,880.64,50.06
2886,2913,477,8,1754.42,47.71
2887,4906,89,2,1150.68,96.19
2888,444,385,5,1476.38,90.79
2889,4679,363,3,250.12,53.89
2890,4041,530,4,2405.78,39.25
2891,4968,586,7,1317.63,14.61
2892,3157,339,1,160.57,22.83
2893,1146,268,1,243.52,27.26
2894,3629,417,3,941.06,9.52
2895,1457,577,4,712.76,37.36
2896,4668,428,7,2158.58,7.07
2897,4647,169,1,1890.37,59.06
2898,2600,211,1,1308.56,42.42
2899,1176,582,8,1127.12,49.09
2900,1607,344,3,757.05,32.09
2901,1857,124,2,867.68,19.74
2902,2492,572,9,2059.54,64.08
2903,2972,251,10,2449.85,6.64
2904,2718,591,1,2307.33,31.18
2905,2292,107,1,2442.88,45.12
2906,2061,188,4,2212.29,79.82
2907,1676,307,4,2044.95,14.91
2908,3604,127,2,2006.68,57.23
2909,3224,167,8,2114.15,75.96
2910,2412,145,8,2404.93,64.18
2911,849,507,3,348.11,89.23
2912,663,349,9,2234.52,90.29
2913,4017,582,6,1060.36,8.02
2914,495,282,3,1471.09,81.65
2915,2614,95,10,1529.72,39.22
2916,2875,496,8,138.27,42.41
2917,3552,520,9,1095.33,83.59
2918,3048,460,4,1161.6,67.61
2919,540,590,8,1480.92,96.74
2920,4036,389,10,1806.07,47.83
2921,12,131,8,436.44,43.86
2922,2267,314,7,848.72,44.25
2923,1,11,5,556.34,54.51
2924,328,431,9,2469.14,96.71
2925,2790,578,7,775.72,59.68
2926,2491,524,9,1221.55,27.17
2927,64,215,4,1807.03,14.12
2928,3299,514,7,1182.31,64.82
2929,3049,503,4,1332.93,78.61
2930,3167,333,5,543.77,58.0
2931,3429,295,5,520.76,91.1
2932,1230,178,2,871.57,46.05
2933,1132,168,1,1059.69,30.59
2934,3060,4,4,1434.27,83.83
2935,3634,238,6,254.13,77.01
2936,3473,433,3,451.52,80.79
2937,3511,3,5,511.57,55.54
2938,576,63,9,131.9,25.51
2939,4327,439,9,689.36,62.9
2940,4940,399,10,1535.4,60.3
2941,1664,252,4,1268.63,72.44
2942,3520,568,9,1285.8,55.17
2943,4337,154,7,870.29,12.28
2944,3553,552,8,265.22,99.79
2945,1164,256,6,838.23,49.12
2946,1931,492,10,1363.12,49.05
2947,4750,536,6,72.41,94.2
2948,4890,414,5,85.9,19.7
2949,1446,360,4,153.21,39.46
2950,1264,419,3,1660.04,43.39
2951,464,461,9,1016.36,45.69
2952,4410,424,8,2404.95,67.07
2953,3950,78,4,1336.61,6.76
2954,4721,449,10,669.28,43.02
2955,1866,223,10,92.17,21.55
2956,3478,162,8,2436.67,14.03
2957,1929,248,2,387.05,98.39
2958,3192,359,8,280.6,53.65
2959,4396,419,10,1888.19,8.11
2960,176,410,3,603.16,36.43
2961,3827,413,8,2122.71,59.94
2962,1208,407,6,1654.7,52.34
2964,2908,538,4,1939.2,79.21
2965,4824,524,1,1077.55,89.94
2966,2194,321,10,1728.31,92.98
2967,236,318,2,1263.02,46.72
2968,4976,500,4,943.02,22.57
2969,2635,241,5,2478.58,84.09
2970,822,63,10,1223.43,72.16
2971,3643,468,10,364.63,16.07
2972,3104,87,7,1892.94,32.38
2973,280,11,4,377.92,1.11
2974,491,488,8,2107.5,80.49
2975,3580,577,10,615.66,53.75
2976,887,259,1,902.28,87.08
2977,81,120,7,2327.31,51.57
2978,308,510,2,861.68,0.64
2979,663,357,1,921.21,88.46
2980,1795,600,6,2235.31,15.68
2981,2099,327,3,896.25,43.61
2982,1042,99,3,766.23,97.26
2983,688,195,10,1558.53,77.36
2984,700,458,10,1011.05,59.97
2985,1954,565,4,207.05,43.4
2986,341,494,6,43.02,73.8
2987,534,14,7,2100.3,82.22
2988,918,66,4,2021.49,51.89
2989,4117,116,8,168.98,82.74
2990,4735,235,1,2083.72,14.53
2991,4467,452,5,2224.02,80.54
2992,4755,579,10,997.34,50.53
2994,388,329,2,964.48,5.22
2995,4678,99,4,382.93,40.84
2996,4476,363,5,1863.29,52.83
2997,4519,70,7,1374.34,27.18
2998,1981,557,1,2359.97,83.0
2999,3761,72,6,1559.29,18.67
3000,422,382,8,641.18,45.74
3001,2755,409,9,957.6,22.5
3002,3216,7,1,1465.19,99.93
3003,886,370,5,36.18,9.74
3004,432,428,4,992.88,37.5
3005,453,369,7,82.44,34.89
3006,2956,382,1,1743.62,42.82
3007,4707,218,8,2066.94,47.63
3008,4931,316,4,1223.91,22.58
3009,4863,43,3,1765.3,32.56
3010,4641,397,3,2021.99,1.83
3012,2528,192,2,635.4,65.23
3013,609,595,3,132.46,43.69
3014,1095,241,7,1217.55,19.21
3015,1796,256,9,28.52,90.62
3016,2156,379,9,2445.81,24.99
3017,108,213,9,778.63,21.69
3018,1481,528,4,1113.01,63.31
3019,3305,566,6,987.79,76.04
3020,2734,568,1,111.43,4.96
3021,4717,359,6,2302.66,69.96
3022,2684,481,4,2082.11,86.52
3023,2573,277,1,559.97,54.35
3024,873,574,6,1592.91,96.14
3025,2243,110,8,1999.77,87.99
3026,938,356,9,1677.57,84.29
3027,2221,438,2,1021.79,88.86
3028,906,466,10,242.08,0.37
3029,3400,145,7,2277.64,39.09
3030,2380,322,9,1670.95,23.49
3031,4066,436,7,1089.56,60.45
3032,374,173,6,1660.14,27.55
3033,4597,105,3,2088.52,18.1
3034,2207,523,7,2117.21,61.39
3035,3212,100,2,787.01,88.65
3036,3309,224,9,1783.7,53.75
3037,1693,206,1,225.89,36.08
3038,1614,354,4,1083.12,81.52
3039,1343,497,8,1271.82,47.48
3040,4733,197,5,1119.58,74.81
3041,904,495,4,1911.5,7.61
3042,1394,355,7,1310.38,34.11
3043,2240,202,9,309.1,63.46
3044,4060,312,6,47.62,44.74
3045,3700,200,8,1529.1,15.15
3046,3991,356,7,1024.24,43.93
3047,456,395,10,320.52,89.82
3048,2694,128,5,224.96,3.76
3049,2566,80,6,1466.72,94.91
3050,3024,133,3,1289.54,43.2
3051,50,69,5,2407.37,84.49
3052,393,390,2,637.28,91.01
3053,1740,252,5,1235.71,96.04
3055,2448,79,2,883.25,47.4
3056,4242,277,4,27.94,61.91
3057,4026,519,4,181.31,61.86
3058,3067,494,8,1609.46,65.7
3059,833,320,5,1461.36,9.86
3060,2943,335,10,1335.22,18.94
3061,3143,563,8,100.34,87.21
3062,3493,80,3,2113.81,51.75
3063,4264,532,9,2213.42,38.26
3064,1147,480,9,1786.66,97.9
3065,4950,33,1,1144.63,1.75
3066,3156,283,5,634.35,0.32
3067,3094,3,1,661.67,71.32
3068,390,524,2,218.27,51.32
3069,234,182,4,1237.52,82.41
3070,1137,468,4,466.53,20.67
3071,3496,332,8,157.53,83.11
3072,3161,46,3,836.56,4.81
3073,1728,336,8,2109.95,16.43
3074,1688,54,6,2413.68,81.62
3075,4615,480,6,2222.68,76.89
3076,2841,445,6,746.99,42.08
3077,209,576,7,1559.16,45.84
3078,91,322,8,233.39,65.47
3079,3169,298,4,236.91,6.89
3080,1640,445,10,924.3,31.05
3081,1282,370,1,2311.28,88.52
3082,346,423,3,326.64,75.25
3083,1371,194,10,1306.41,20.36
3084,1538,551,8,1619.23,31.92
3085,4607,579,10,426.39,32.6
3086,3983,330,8,448.09,27.08
3087,3262,376,8,793.56,16.24
3088,2729,447,9,512.6,18.81
3089,2844,465,8,154.99,8.03
3090,1046,74,1,621.02,64.4
3091,1723,269,9,454.6,30.13
3092,2751,296,9,1692.98,75.78
3093,4150,540,8,1783.29,23.11
3094,1641,576,7,1735.9,36.2
3095,1763,37,6,1561.91,19.23
3096,2783,178,6,2411.54,35.2
3097,2348,389,8,1055.74,84.98
3098,4703,579,7,2024.88,73.49
3099,2096,482,3,264.0,35.79
3100,864,18,6,1368.4,66.45
3101,1748,21,2,414.21,89.02
3102,2771,373,3,275.46,9.65
3103,1839,140,7,485.66,55.55
3104,1037,169,5,1029.12,23.07
3105,1046,117,3,744.48,31.94
3106,298,274,8,811.4,83.47
3107,3610,506,7,1380.62,80.98
3108,2892,103,2,528.05,42.27
3109,1433,403,5,483.53,35.53
3110,333,213,5,488.71,38.69
3111,710,36,10,2192.2,85.28
3112,3728,254,8,448.21,70.32
3113,2792,347,2,352.74,96.7
3114,3581,166,9,1578.71,0.66
3115,2702,440,3,717.61,98.74
3116,4376,444,10,1276.98,97.82
3117,102,494,10,1742.7,43.66
3118,4666,586,10,1520.69,21.73
3119,4666,127,9,2218.42,62.77
3120,3770,280,5,978.05,17.33
3121,72,37,2,363.63,9.1
3122,2678,533,6,1903.71,90.6
3123,1675,208,8,422.89,47.35
3124,4859,412,3,1026.92,43.45
3125,4367,378,7,2035.51,83.33
3126,729,395,5,412.3,6.7
3127,691,313,7,1754.93,25.31
3128,3298,373,8,1714.18,29.02
3129,2785,363,4,1102.98,6.64
3130,451,148,1,1157.76,57.33
3131,4472,593,1,1910.68,54.8
3132,1549,340,10,2170.45,29.94
3133,1543,103,5,661.74,27.65
3134,831,173,6,870.59,86.98
3135,3476,143,9,1610.31,76.13
3136,881,565,10,120.83,27.25
3137,4791,119,10,799.24,79.82
3138,2391,3,5,902.1,5.96
3140,4927,412,5,2273.1,78.36
3141,1497,176,5,2011.33,30.32
3142,2187,225,3,1751.41,73.98
3143,1736,408,3,42.65,28.92
3145,1944,585,3,1751.24,82.25
3146,2765,191,7,1135.99,81.31
3147,1450,20,7,1425.29,54.81
3148,1249,315,9,1960.53,76.92
3149,2128,164,7,1950.57,53.69
3150,14,166,10,29.95,76.18
3151,126,446,8,1688.46,35.79
3152,2607,80,2,196.25,34.16
3153,3604,57,4,346.84,84.56
3154,4904,486,4,14.24,38.93
3155,1931,479,5,1910.72,92.1
3156,3013,204,9,1173.29,49.23
3157,2649,236,1,607.91,2.48
3158,1527,345,4,2378.16,57.54
3159,2060,69,7,485.2,90.62
3160,2923,94,2,1491.17,50.32
3161,4419,309,10,403.13,41.23
3162,3015,310,7,2209.47,1.76
3164,3121,351,2,498.0,81.98
3165,721,213,7,1008.34,41.87
3166,2470,333,4,430.22,51.5
3167,2664,222,3,2078.5,51.15
3168,4880,458,6,1908.0,56.81
3169,3329,364,5,2434.07,45.61
3170,1813,355,9,448.95,66.9
3172,626,332,2,709.42,15.56
3173,4121,210,5,30.77,94.65
3175,4679,118,4,639.2,86.57
3176,4958,407,6,510.51,92.86
3177,1252,76,5,476.87,87.37
3178,2334,208,5,974.92,41.82
3179,3552,491,8,1651.2,38.99
3180,4210,419,3,1776.05,0.48
3181,1689,226,2,340.15,61.5
3182,4507,139,9,2031.34,82.99
3183,3417,496,1,310.36,56.67
3184,4940,290,2,1561.5,85.71
3185,3766,364,6,1061.95,12.32
3186,1711,558,7,715.07,94.85
3187,3431,528,3,2202.88,84.07
3188,2568,414,9,188.36,77.87
3189,3116,392,1,184.14,93.56
3190,1557,162,10,1831.98,95.32
3191,377,561,8,1266.66,79.69
3192,123,196,1,146.57,70.35
3193,3954,73,4,205.1,4.93
3194,1139,240,8,2184.44,62.53
3195,2708,100,6,1738.63,13.93
3196,289,476,3,389.6,19.7
3197,4534,154,4,564.24,57.63
3198,554,109,10,1749.86,95.73
3199,3847,250,10,1357.28,66.14
3200,4517,480,10,981.15,43.76
3201,2015,401,9,29.15,55.14
3202,4860,393,5,2026.42,75.8
3203,2496,262,7,1718.88,79.62
3204,2219,203,7,68.86,40.29
3205,530,317,1,1693.09,97.36
3206,4637,127,9,1473.14,70.3
3207,4835,527,3,207.05,20.85
3208,1947,224,1,1466.68,99.97
3209,4504,119,2,1889.45,7.55
3210,2042,200,8,62.65,33.76
3211,2291,586,1,2399.1,5.28
3212,1400,452,5,251.08,84.05
3213,49,146,3,1768.34,28.1
3214,914,420,5,225.31,37.78
3215,3347,184,4,689.79,5.82
3216,940,439,9,589.28,24.05
3217,115,328,2,1212.12,66.47
3218,3899,421,2,2318.73,17.52
3219,1001,335,6,330.28,93.11
3220,2867,86,9,2008.16,23.43
3221,972,422,8,714.35,77.63
3222,4100,282,7,2016.73,10.64
3223,481,103,4,1942.36,88.74
3224,2773,534,10,1933.19,92.37
3225,807,565,6,925.42,8.12
3226,436,97,2,720.24,4.56
3227,3037,256,4,2226.09,63.38
3228,4173,167,10,1280.52,1.47
3229,4407,117,5,2124.29,69.32
3230,669,409,6,1243.0,38.25
3231,779,407,1,1406.84,18.01
3232,4545,570,9,693.88,46.85
3233,4467,79,8,2135.87,19.88
3234,4085,455,9,1870.46,34.81
3236,4237,169,9,2354.57,21.56
3237,4188,177,2,784.5,88.6
3238,2465,240,2,62.06,76.02
3239,3805,546,5,1570.69,29.67
3240,1811,308,6,1453.31,83.64
3241,750,463,1,1055.29,72.01
3242,2268,369,10,28.01,25.83
3243,710,203,10,1577.76,21.45
3244,3197,73,8,1197.0,38.71
3245,3293,570,2,1836.96,85.48
3246,4412,139,5,1991.82,97.39
3247,1037,544,10,780.71,52.33
3248,4380,399,2,1439.49,60.44
3249,2085,263,4,148.82,36.99
3250,2533,511,3,1892.53,17.11
3251,3359,201,4,1628.81,40.37
3252,4776,77,1,1026.33,95.03
3253,2413,113,5,1197.9,70.08
3254,235,65,4,1102.81,69.88
3255,4318,385,7,614.53,43.79
3256,2974,569,2,1444.15,84.23
3257,418,313,9,1208.74,77.9
3258,724,163,6,2080.94,31.76
3259,2280,104,6,1704.67,31.55
3260,780,344,7,1151.38,79.27
3261,974,144,2,107.06,49.41
3262,145,346,2,1568.75,76.8
3263,4667,433,4,1231.43,58.97
3264,3353,187,3,910.24,87.14
3265,3450,81,3,880.1,71.14
3266,4976,526,4,1617.58,53.55
3267,4129,442,9,1684.02,66.92
3268,1567,11,9,2049.62,20.42
3269,4940,508,3,1355.06,21.69
3270,28,67,2,1782.8,21.9
3271,1780,10,10,1417.1,28.06
3272,3444,353,1,1389.82,83.37
3273,131,109,10,2230.35,4.24
3274,4,152,6,2086.89,45.01
3275,4898,48,8,1530.62,61.06
3276,3777,578,3,27.27,39.09
3277,558,590,7,2276.88,51.63
3278,3441,274,4,1331.27,54.08
3279,4807,425,7,208.02,70.05
3280,3892,69,7,1143.99,70.94
3281,3368,585,6,1769.45,93.34
3282,814,367,3,2137.97,70.73
3283,4423,558,10,1824.95,67.16
3284,1133,265,5,826.44,16.39
3285,3870,37,8,910.42,79.26
3286,2769,42,8,812.05,16.3
3287,4377,83,5,1363.25,95.25
3288,3158,453,9,1296.32,59.17
3289,831,232,6,2218.99,11.29
3290,3779,64,10,1101.21,27.84
3291,1379,23,2,262.07,27.65
3292,4407,318,10,537.37,98.49
3293,616,319,3,51.46,39.04
3294,3584,201,5,1990.59,84.07
3295,1332,494,3,2290.05,23.26
3296,95,248,9,771.46,77.66
3297,4097,291,5,2010.67,24.9
3298,345,330,3,746.83,60.13
3299,3991,472,9,2007.42,66.53
3300,3869,580,1,2330.58,57.29
3301,4679,513,2,2114.51,82.39
3302,3436,70,5,1168.78,59.67
3303,325,221,6,1789.73,35.11
3304,3260,137,3,181.71,97.93
3305,4315,27,10,872.66,75.81
3306,2814,383,10,68.03,80.41
3307,604,353,5,1071.83,84.28
3308,339,384,7,1820.4,89.6
3309,1268,192,8,64.14,11.36
3310,1466,575,6,538.16,70.05
3311,240,121,6,1863.27,64.21
3312,237,468,7,469.99,67.18
3313,2288,532,4,2451.14,19.33
3314,3814,494,3,2292.27,42.04
3315,2220,385,8,976.04,54.53
3316,2272,120,4,2419.35,29.35
3317,4601,521,5,2431.65,72.82
3318,3902,293,8,1098.66,34.45
3319,3597,563,6,935.57,82.16
3320,4766,184,6,699.82,44.84
3321,4409,131,4,2120.18,61.69
3322,748,409,9,871.22,18.36
3323,1703,335,9,278.59,55.08
3324,1971,266,8,2484.73,6.8
3325,3920,497,5,1108.89,44.49
3326,4786,457,7,1650.75,7.73
3327,4292,550,1,1102.72,77.61
3328,4658,429,3,2421.9,87.49
3329,4276,392,9,1100.86,71.46
3330,1432,10,5,832.97,70.29
3331,2426,414,6,446.85,82.29
3332,3334,339,7,240.68,72.12
3333,2836,239,6,223.87,6.37
3334,1913,534,2,322.14,61.58
3335,4356,441,8,1655.72,42.72
3336,2077,448,2,2096.92,80.78
3337,2867,581,2,599.95,41.48
3338,2743,379,1,1733.09,16.5
3339,1096,270,7,2487.28,95.68
3340,4925,370,6,1798.47,56.12
3341,940,389,4,1362.06,13.96
3342,3794,128,3,215.53,65.25
3343,1173,85,9,1869.33,60.08
3344,4372,261,1,1112.68,68.58
3345,3981,253,6,732.38,64.52
3346,1876,70,3,478.71,99.43
3347,1975,426,2,981.67,81.18
3348,2040,367,5,1473.18,64.11
3349,4919,529,9,2034.33,49.73
3350,3713,324,3,1281.08,75.69
3351,877,195,7,1170.94,62.51
3352,3215,538,5,698.76,56.4
3353,4931,63,10,955.21,93.0
3354,3829,538,1,504.11,5.47
3355,3488,298,7,1019.65,98.48
3356,4639,567,9,1254.25,98.6
3357,3186,249,5,214.45,72.79
3358,352,594,5,2367.65,45.85
3359,4646,46,10,1476.34,9.2
3360,312,187,2,2394.34,7.4
3361,4160,363,2,204.88,38.33
3362,2382,111,5,1790.55,66.92
3363,4003,9,3,13.04,53.74
3364,3046,80,8,1540.08,75.09
3365,3531,28,4,1194.77,28.69
3366,2351,246,8,410.3,46.77
3367,2537,433,5,687.69,63.58
3368,1711,144,2,553.49,23.2
3369,1989,458,6,1790.97,95.86
3370,2913,562,8,863.71,17.4
3371,2275,350,10,1510.26,61.28
3372,2224,211,9,242.0,13.62
3373,2996,514,2,1259.53,51.97
3374,1688,22,10,1198.19,11.95
3375,2703,479,2,61.64,41.26
3376,1528,308,1,641.61,71.29
3377,3842,334,6,1638.68,96.38
3378,903,383,2,2022.59,69.34
3379,3986,216,7,301.62,4.15
3380,2423,325,5,1507.45,80.24
3381,2292,438,4,1325.52,37.12
3382,103,587,4,46.26,85.69
3383,4125,488,9,346.75,19.04
3384,3880,359,3,95.82,18.73
3385,3186,314,2,468.8,74.59
3386,3596,167,3,2324.08,51.63
3387,2044,446,9,2439.89,93.38
3388,4044,43,5,953.11,62.5
3389,22,120,6,1412.37,40.47
3390,1964,354,5,1040.98,18.89
3391,1411,75,6,2225.37,86.2
3392,362,5,9,109.82,87.2
3393,452,368,3,597.12,74.98
3394,1926,590,1,1799.07,38.35
3395,4329,32,1,735.75,38.3
3396,128,95,8,722.16,86.33
3397,3816,361,3,2243.35,61.38
3398,3991,197,2,1423.64,79.05
3399,3301,528,7,1331.82,72.77
3400,3520,40,6,465.19,94.81
3401,163,245,4,2074.59,34.84
3402,2788,16,3,990.86,96.73
3403,3794,63,4,2333.6,69.5
3404,2256,91,6,1655.98,94.37
3405,2572,442,10,2244.35,38.16
3406,3249,261,7,1035.22,85.69
3407,4138,313,2,30.81,0.5
3408,899,217,1,1902.5,96.32
3409,4183,278,5,1227.87,9.76
3410,1461,196,8,2397.49,14.73
3411,1829,493,9,1074.47,77.06
3412,1158,215,3,1804.49,26.86
3413,2261,122,1,1182.08,40.49
3414,3454,448,8,205.48,69.83
3415,2880,89,1,2132.6,12.26
3416,2197,512,7,1524.89,23.87
3417,1689,309,4,1275.42,57.79
3418,3234,399,5,2409.83,89.54
3419,2848,360,2,1693.43,4.78
3420,3036,511,1,1933.09,46.09
3421,1737,113,2,1277.33,76.23
3422,1578,503,9,145.01,74.2
3423,3180,549,5,2332.73,31.97
3424,4438,90,2,618.94,36.69
3425,4499,317,5,450.65,22.58
3426,2648,465,7,124.38,46.99
3427,3991,39,8,176.27,42.22
3428,2835,302,4,1976.94,82.62
3429,3875,592,8,590.06,62.7
3430,3180,169,9,1621.74,48.05
3431,4898,1,6,1091.34,2.2
3432,3181,11,2,1530.71,35.94
3433,822,87,7,2051.45,85.98
3434,1063,90,3,1768.3,98.7
3435,2493,225,6,909.0,80.89
3436,2636,229,1,2471.7,69.11
3437,2146,593,4,2163.49,94.44
3438,3343,593,9,245.17,68.6
3439,2620,405,2,1368.22,21.79
3440,4846,392,6,2341.36,66.75
3441,3409,582,3,2228.25,57.34
3442,2811,542,3,1936.76,5.45
3443,2865,548,4,157.06,70.28
3444,3017,416,9,1569.72,95.4
3445,794,41,5,1272.32,34.8
3446,4568,560,4,607.59,8.54
3447,1528,452,10,1814.63,16.36
3448,3625,519,8,1960.66,28.86
3449,1540,141,8,2349.96,50.19
3450,3882,89,9,2247.52,49.11
3451,1851,292,2,118.21,5.33
3452,3578,68,8,1250.28,31.93
3453,544,515,5,687.27,52.85
3454,232,16,1,2192.42,9.02
3455,1381,121,4,697.95,54.76
3456,66,82,1,243.2,82.1
3457,4676,166,4,281.27,66.05
3458,640,595,9,383.49,76.79
3459,2047,460,3,1779.59,95.06
3460,4242,318,6,1071.43,57.34
3461,4468,201,2,523.83,39.72
3462,3631,317,6,1223.59,4.45
3463,4222,473,10,1857.91,68.76
3464,4989,16,10,2165.61,78.84
3465,1076,385,4,875.38,12.13
3466,4757,388,8,1363.2,7.05
3467,4754,122,7,968.74,84.58
3468,3749,464,10,1688.4,67.51
3469,3477,386,9,894.17,92.02
3470,3476,381,5,2101.29,44.99
3471,3801,503,6,1089.88,21.39
3473,2034,487,9,595.16,90.09
3474,3831,290,10,1731.12,92.66
3475,4608,513,3,1016.8,33.78
3476,4462,377,1,661.18,40.26
3477,3768,216,6,346.89,24.85
3478,4211,450,1,1704.29,58.38
3479,124,169,9,2458.13,77.57
3480,2839,342,3,1945.27,87.06
3481,1786,57,8,1285.05,53.75
3482,262,450,8,1500.15,58.21
3483,4926,11,2,1049.41,18.84
3484,2311,231,2,1934.59,29.36
3485,4031,318,2,2233.35,45.41
3486,2337,555,9,1858.98,48.8
3487,1298,301,2,1528.02,63.12
3488,2098,207,10,1062.01,83.04
3489,2054,107,1,1049.7,14.13
3490,1463,273,7,36.98,60.69
3491,4035,59,3,217.59,71.33
3492,3049,408,3,1065.38,6.19
3493,3811,122,10,1167.27,0.73
3494,4689,163,6,1793.89,4.51
3495,4983,564,2,2335.0,97.73
3496,1985,108,3,2481.03,58.26
3497,287,196,7,2297.91,38.48
3498,2420,93,2,2346.31,48.25
3499,2285,418,5,2090.18,34.55
3500,1502,254,5,2149.85,93.36
3501,615,425,6,1986.59,75.5
3502,3365,416,10,491.53,69.03
3503,4199,422,7,1790.31,50.9
3505,12,66,6,2456.72,8.76
3506,2128,473,6,59.0,39.28
3507,3932,498,7,1273.11,9.91
3508,2531,351,4,382.76,94.82
3509,3549,282,5,1929.49,6.48
3510,201,585,6,53.1,26.55
3511,622,534,6,700.45,94.75
3512,4904,158,7,1506.61,25.75
3513,1675,149,7,2294.73,8.58
3514,4775,107,1,2165.4,42.93
3515,1930,529,5,670.55,47.2
3516,4596,101,1,1443.89,15.82
3517,4962,98,1,2484.61,85.88
3518,1241,250,4,2047.41,80.07
3519,1803,138,3,2179.25,42.85
3520,981,114,8,2456.06,86.28
3521,2401,588,10,1860.72,14.0
3523,1736,175,9,677.95,11.59
3524,4044,461,8,1005.95,68.2
3525,4026,88,10,246.27,14.06
3526,2673,579,3,315.95,73.17
3527,3059,254,6,887.04,16.76
3528,1125,319,9,2454.21,69.81
3529,230,589,1,641.68,26.65
3530,738,440,8,1381.02,53.19
3531,636,550,10,1629.81,29.02
3532,793,410,7,494.53,13.02
3534,1160,167,8,552.08,13.91
3535,3546,205,3,1137.96,87.07
3536,644,163,4,857.61,10.4
3537,4272,497,6,2354.08,54.15
3538,61,285,8,652.83,28.3
3539,2558,220,2,689.99,7.8
3540,2454,35,6,972.91,32.17
3541,4744,253,6,1583.83,26.81
3542,1901,285,5,1819.9,11.87
3543,43,564,10,1633.71,60.37
3544,2162,506,8,349.36,54.37
3545,3691,29,2,2279.92,42.35
3546,5,107,6,1767.73,93.89
3548,4489,488,10,420.89,51.8
3549,3520,120,10,877.75,92.56
3551,4168,180,9,63.11,47.39
3552,4866,514,9,1290.9,18.24
3553,1060,365,1,450.57,11.5
3554,1182,201,10,1591.68,67.87
3555,1734,51,8,1827.09,48.99
3556,4754,12,10,427.14,8.69
3557,1375,174,1,1203.19,56.14
3558,3798,586,3,2439.73,57.06
3559,2029,341,9,1974.17,69.13
3560,1384,442,5,1976.79,23.2
3561,4514,5,3,2140.64,46.78
3563,3112,556,6,826.13,29.37
3564,4605,600,1,929.25,57.59
3565,960,367,1,219.82,18.68
3566,3140,47,9,63.62,57.25
3567,2374,592,10,708.84,10.96
3568,4774,64,8,594.43,29.57
3569,2033,483,9,323.32,34.39
3570,1196,324,1,1509.48,42.61
3571,1670,276,5,1902.58,69.86
3572,3618,554,10,2303.53,42.64
3573,2558,189,8,2025.54,73.22
3574,2784,332,10,2009.96,8.17
3575,4069,53,10,120.72,98.49
3576,386,238,10,922.6,21.89
3577,1217,118,4,1567.53,47.02
3578,2773,89,4,938.4,53.31
3579,3555,431,9,626.53,92.93
3580,4440,478,5,150.61,10.99
3581,950,116,6,2111.76,69.68
3582,2769,263,9,1497.55,89.45
3583,3166,334,10,1681.82,33.58
3584,3227,400,8,1063.39,54.87
3585,1786,462,5,2254.17,2.32
3586,4644,560,1,154.65,11.71
3588,3150,356,5,1934.92,96.53
3589,2575,83,10,1668.41,60.79
3590,4746,499,9,1256.46,66.39
3591,3688,116,6,872.42,87.25
3592,335,219,7,681.6,60.24
3593,4870,210,5,81.26,99.54
3594,4297,48,10,1524.65,6.95
3595,2670,411,1,1536.93,9.34
3596,1542,196,9,223.54,47.06
3597,3153,295,3,52.85,91.55
3598,3662,356,4,17.26,56.39
3599,3528,285,10,61.24,11.53
3600,471,590,7,270.35,62.38
3601,2671,167,6,2075.84,2.55
3602,4087,297,7,1452.26,35.39
3603,1604,193,6,221.88,36.43
3604,2722,263,7,2212.12,96.46
3605,4179,109,5,1984.69,76.9
3606,4211,128,7,27.99,62.77
3607,1953,181,9,156.73,59.82
3608,1786,24,1,1231.42,77.65
3609,3472,132,2,631.46,71.84
3610,4351,558,6,293.79,64.68
3611,1356,451,10,1163.78,9.85
3612,4469,31,6,1130.11,50.29
3613,2157,399,5,1176.06,78.32
3614,1139,354,1,1524.58,88.17
3615,1505,347,6,648.99,87.45
3616,3609,582,9,1664.81,79.88
3617,523,261,2,1438.38,90.2
3618,547,271,1,79.85,87.84
3619,2464,319,1,2141.46,42.28
3620,898,432,6,879.92,55.17
3621,1779,597,10,2440.63,79.38
3622,3308,400,1,1860.16,48.61
3623,2438,187,3,45.12,84.32
3624,2628,493,2,1477.17,49.38
3625,2844,571,7,173.6,99.8
3626,479,485,5,1099.78,23.38
3627,3454,524,4,131.54,10.29
3628,3765,123,3,1912.4,41.84
3629,4975,235,3,901.73,90.37
3630,3666,178,1,2149.31,34.33
3631,1672,131,9,1984.48,43.46
3632,2130,140,4,2064.44,92.04
3633,4513,132,1,542.44,64.61
3634,471,53,3,423.52,86.22
3635,3270,483,4,1838.2,1.71
3636,3050,226,8,588.8,76.02
3637,4155,226,6,816.13,41.47
3638,2782,198,9,1719.23,77.66
3639,1940,244,5,952.96,56.27
3640,4809,425,2,641.0,95.12
3641,3099,394,8,493.32,61.15
3642,1087,165,1,249.22,75.82
3643,4207,48,9,1171.22,9.57
3644,686,343,3,847.18,26.29
3645,3013,103,2,454.2,54.47
3646,1598,298,4,47.89,65.14
3647,593,312,8,672.72,69.73
3648,3879,448,6,1844.81,92.79
3649,1652,421,7,1133.77,10.33
3650,1117,45,8,578.11,97.52
3651,1001,456,8,858.56,34.45
3652,1415,214,10,2486.16,4.73
3653,1461,133,3,585.12,95.96
3654,3155,319,2,577.7,21.72
3655,2914,87,4,2029.62,62.26
3656,1310,68,8,174.49,31.67
3657,72,593,10,538.67,5.55
3658,2103,129,8,128.19,95.12
3659,766,511,2,2301.23,83.5
3660,638,42,4,1535.26,11.47
3661,394,340,5,472.99,92.35
3662,3171,428,5,1341.76,40.05
3663,1641,562,6,2106.24,35.83
3664,1488,139,8,1153.84,70.6
3665,4700,188,9,1847.18,0.82
3666,1486,315,6,676.97,54.38
3667,3353,447,1,898.67,47.31
3668,1748,586,7,887.74,59.61
3669,820,263,3,1065.02,76.26
3670,2421,351,3,1712.49,25.92
3671,540,79,5,1021.46,72.71
3672,3814,558,5,1704.94,12.05
3673,1749,273,3,1700.78,63.44
3674,2475,549,5,766.38,35.51
3675,2543,309,7,2426.89,8.04
3676,3015,475,5,359.7,74.29
3677,3109,57,2,1204.33,21.94
3678,1920,548,10,332.82,40.32
3679,945,136,5,536.79,60.11
3680,1207,344,6,1813.74,77.83
3681,86,424,4,1986.99,44.14
3682,3776,576,4,75.71,85.29
3683,2092,410,10,1402.68,16.09
3684,1738,577,8,298.22,59.94
3685,4498,162,10,1297.32,68.41
3686,1727,329,2,42.76,23.62
3687,2637,348,9,37.14,3.68
3688,770,89,9,670.15,13.31
3689,3334,165,9,187.78,93.47
3690,3786,182,7,781.31,81.8
3691,2499,276,2,2180.65,40.95
3692,2200,464,6,863.95,65.02
3693,3154,218,2,617.84,26.16
3694,28,92,6,321.53,14.23
3695,4270,515,2,749.33,10.01
3696,440,367,2,2191.23,24.5
3697,1919,25,9,2493.02,70.14
3698,325,169,3,1796.53,92.27
3699,3496,418,2,2289.84,59.21
3700,3309,544,1,511.29,54.75
3701,3349,460,9,730.91,68.37
3702,4902,493,1,1224.47,32.77
3703,3355,190,5,919.71,82.91
3704,945,145,6,235.97,36.42
3705,1326,347,4,562.15,68.46
3706,2118,399,4,1079.54,22.27
3707,2690,446,1,753.12,2.29
3708,1438,188,2,307.61,61.96
3709,2708,506,5,459.55,88.97
3710,1861,167,6,261.05,81.05
3711,2882,325,9,11.99,38.75
3712,3010,15,10,888.08,52.29
3713,441,474,4,405.86,98.53
3714,4737,591,9,506.26,95.19
3715,4359,573,3,1829.82,71.18
3716,4329,15,7,253.91,39.99
3717,1475,543,6,867.76,95.51
3718,1431,217,4,1869.54,42.52
3719,784,443,5,2074.12,93.28
3720,147,472,4,1598.58,49.66
3721,240,47,5,2188.63,65.88
3722,2407,5,6,2217.48,44.25
3723,4933,454,10,1189.48,56.09
3724,2152,521,2,929.92,10.03
3725,203,368,6,2162.06,17.07
3726,3663,536,5,713.63,4.4
3727,4092,107,2,658.09,67.99
3728,4722,358,9,2119.28,7.75
3729,1316,138,7,1482.92,93.5
3730,4771,35,4,1575.1,39.8
3731,113,316,9,1749.94,84.68
3732,4767,318,4,1182.66,64.11
3733,2576,591,2,473.07,95.45
3734,3828,390,9,1230.93,84.17
3735,2754,248,5,1948.75,27.99
3736,3611,570,7,865.4,41.92
3737,2430,243,8,998.7,65.31
3738,3317,531,2,928.94,81.09
3739,4049,121,3,1081.39,49.39
3740,2577,417,8,1598.87,27.29
3741,720,11,4,315.17,8.19
3742,4561,536,3,515.75,11.72
3743,554,277,5,200.64,8.48
3744,670,465,3,2032.49,46.74
3745,2567,487,9,1425.97,9.65
3746,2246,133,10,480.16,50.06
3747,1416,264,3,812.06,69.35
3748,3915,9,3,1277.22,2.51
3749,1479,473,8,1298.32,78.65
3750,1582,420,8,1737.86,16.36
3751,2537,473,5,161.28,17.22
3752,2609,300,10,1002.23,43.64
3753,13,496,3,1940.01,17.43
3754,1930,119,8,1803.22,52.32
3755,4168,421,8,2355.59,24.08
3756,2267,359,5,584.15,43.95
3757,384,563,6,439.25,89.36
3758,4208,330,1,979.56,85.7
3759,1134,571,9,764.86,0.19
3760,1640,430,3,1733.65,65.9
3761,2261,304,9,280.89,87.54
3762,3751,57,5,667.3,45.57
3763,4019,171,2,1007.99,63.8
3765,134,15,1,1708.01,17.23
3766,3451,494,8,1829.56,55.23
3767,2569,208,5,21.87,14.74
3768,991,131,3,1289.91,10.35
3770,1225,234,3,424.38,14.36
3771,2195,74,5,2247.55,88.09
3772,4557,538,1,2335.96,66.75
3773,4786,278,5,1359.44,66.94
3774,1570,130,3,449.37,93.94
3775,3238,123,5,1508.28,56.71
3776,769,522,2,1006.05,14.67
3777,1858,457,2,2342.56,69.29
3778,2130,354,3,1658.41,82.54
3779,1265,490,5,79.44,5.13
3780,4034,270,5,1932.96,16.53
3781,3707,206,3,89.29,49.16
3782,2988,54,9,1316.4,78.33
3783,1822,149,8,1838.2,75.18
3784,37,564,1,623.84,63.91
3785,3562,391,8,1212.63,36.34
3786,4251,453,9,2262.99,95.5
3787,1920,232,6,589.21,99.58
3788,4832,39,9,469.02,53.42
3789,2385,58,10,823.04,59.41
3790,3757,389,5,1907.53,95.19
3791,4297,123,3,391.94,67.65
3792,3284,159,1,706.86,3.6
3793,2894,163,10,408.14,65.7
3794,949,461,8,1794.41,89.8
3795,647,488,8,2129.21,69.33
3796,3656,329,1,1598.77,33.29
3797,2411,492,7,627.01,11.19
3798,2488,305,7,658.45,60.49
3799,4618,44,10,1965.87,49.1
3800,4000,504,2,1303.22,84.34
3801,149,170,9,2442.92,98.41
3802,1795,2,10,2445.93,0.97
3803,989,547,4,1204.74,97.36
3804,150,201,6,1546.4,19.41
3805,81,195,4,1881.24,26.95
3806,2043,452,2,1841.79,10.93
3807,237,278,10,1381.57,51.49
3808,4433,511,9,1757.4,56.52
3809,1132,182,10,1608.94,13.32
3810,4837,147,8,2268.92,23.53
3811,3245,216,10,2186.82,9.41
3812,256,284,1,2378.62,83.05
3813,1610,42,9,1923.27,54.28
3814,4682,264,7,1367.86,47.97
3815,4406,417,8,2118.37,81.93
3816,4806,66,5,308.8,35.11
3817,2153,171,1,1106.48,97.19
3818,3764,235,6,46.69,10.25
3819,4305,507,9,347.57,50.32
3820,136,135,3,411.79,73.17
3821,3051,163,3,295.45,34.38
3822,1206,248,3,181.91,12.06
3823,556,396,5,965.43,86.36
3824,3785,450,9,1895.16,79.46
3825,3611,478,8,282.9,57.18
3826,2888,194,5,1759.11,30.12
3827,2715,451,7,723.23,75.96
3828,4410,238,1,656.31,64.67
3829,4879,517,7,1229.46,42.71
3830,3282,163,5,1539.48,56.49
3831,1582,399,8,1923.63,32.56
3833,3858,554,1,598.77,87.73
3834,1282,419,9,516.37,63.94
3835,3971,49,2,527.36,18.34
3836,4221,91,6,1564.99,23.09
3837,2116,299,3,2185.37,26.51
3838,2324,290,6,2281.33,94.72
3839,4050,179,8,732.51,79.71
3840,622,467,8,786.41,40.8
3841,3682,583,7,1929.07,74.57
3842,3080,124,3,554.56,42.91
3843,1566,464,9,945.83,82.22
3844,4957,210,3,2280.82,54.46
3845,4045,578,9,82.41,7.0
3846,1444,85,9,2357.01,89.83
3847,4550,115,4,919.7,47.83
3848,3185,176,1,434.47,32.46
3849,1573,325,2,1054.03,79.7
3850,2381,236,9,1223.32,18.33
3851,4097,261,9,79.88,89.46
3852,1087,60,3,117.39,24.56
3853,570,554,1,400.05,76.19
3854,3945,407,2,1649.71,43.1
3855,214,198,8,2429.09,49.02
3856,412,222,10,2190.13,47.56
3857,3407,548,2,2364.82,25.79
3858,834,390,2,1241.72,61.47
3859,2674,70,2,1562.89,0.29
3860,3495,359,5,631.85,51.28
3861,2150,41,2,939.29,40.31
3862,2843,596,5,2120.22,69.4
3863,813,49,1,2090.79,36.36
3864,4984,486,3,419.83,86.37
3865,2629,49,6,330.61,17.47
3866,964,161,10,2216.49,18.47
3867,2205,293,8,1696.85,57.01
3868,98,254,6,1705.57,45.29
3869,2706,258,6,1956.21,46.94
3870,3074,453,8,1670.75,52.02
3874,913,512,3,981.52,53.28
3875,2341,365,4,766.23,2.54
3876,2967,392,3,838.85,66.53
3877,2301,574,6,758.87,98.09
3878,1039,551,5,567.56,32.8
3879,1096,139,7,2095.14,23.41
3880,672,500,6,1935.45,87.81
3881,1552,426,9,1557.9,92.56
3882,2075,402,1,2409.34,47.46
3883,860,499,5,942.71,19.15
3884,537,35,8,1357.38,82.39
3885,626,257,6,1122.67,59.17
3886,1471,432,7,846.01,52.76
3887,2951,344,10,1269.03,32.0
3888,3907,552,8,2333.51,83.91
3889,4219,45,7,1563.48,33.0
3890,4157,567,2,1119.01,64.39
3891,1481,86,8,1192.04,45.26
3892,2404,326,9,1158.83,89.54
3894,4158,196,6,787.03,79.13
3895,1898,171,7,2135.32,70.6
3896,582,330,5,1070.21,15.03
3897,692,353,8,2043.49,98.52
3898,4625,551,3,212.37,5.68
3899,4816,154,6,76.02,55.83
3900,836,433,5,1800.44,77.02
3901,3292,317,7,1414.68,20.1
3902,2743,337,3,1739.37,53.87
3903,1843,233,9,1638.28,26.34
3904,2930,293,4,1282.93,93.1
3905,1425,9,3,2352.65,80.68
3906,1701,265,7,1254.99,44.85
3907,175,22,2,387.62,53.69
3909,738,478,7,1406.21,50.81
3910,2104,316,9,1738.25,91.89
3911,3208,148,10,2383.95,69.48
3912,1211,303,7,2335.23,16.18
3913,1263,137,1,2034.33,57.39
3914,3019,208,6,1146.7,98.67
3915,599,476,3,2162.12,74.53
3916,2365,140,2,1519.03,78.66
3917,897,50,4,1911.97,47.44
3918,3777,301,1,778.19,1.97
3919,4581,385,4,670.67,11.71
3921,2613,232,4,689.05,49.87
3922,4015,294,3,188.05,2.98
3923,857,306,4,275.05,28.02
3924,4328,592,7,1403.68,91.88
3925,3719,198,4,2383.7,13.07
3926,1306,539,9,731.78,62.44
3927,2948,376,7,2304.47,65.55
3928,544,581,1,2024.44,26.25
3929,2851,133,10,810.73,88.51
3930,1939,8,6,219.12,57.24
3931,3998,60,6,848.47,96.31
3932,2956,582,5,259.58,31.3
3934,597,253,1,2094.95,63.52
3935,1077,69,1,361.56,91.78
3936,3337,555,1,1217.99,47.15
3937,496,539,3,718.19,43.16
3938,2713,444,5,2353.11,51.72
3939,452,330,3,2018.97,28.32
3940,145,356,2,2408.92,38.28
3941,1177,222,4,1748.0,80.83
3942,270,477,7,2473.53,83.32
3943,4035,146,5,1790.18,33.44
3944,1540,576,9,1585.45,57.58
3945,2985,143,6,145.41,46.46
3946,4269,201,1,1747.23,68.71
3947,3786,255,8,2195.37,36.19
3948,3769,315,4,547.82,23.42
3949,1322,131,7,849.88,42.56
3950,1728,467,4,596.73,74.65
3951,1900,3,3,187.56,89.58
3952,3955,373,7,2319.33,94.91
3953,4934,335,4,1851.71,89.92
3954,1356,64,2,538.11,49.5
3955,991,21,1,697.86,27.04
3956,355,598,4,1353.11,81.76
3957,1978,261,10,112.15,57.99
3958,450,542,7,2308.47,87.71
3959,4315,402,7,940.11,52.14
3960,2880,190,5,2125.32,43.98
3961,2749,376,9,1735.88,84.15
3962,1160,596,5,446.76,49.37
3963,1722,150,1,2011.27,13.05
3964,2558,287,7,352.67,18.7
3965,3158,60,3,1536.65,89.13
3966,839,282,3,1526.61,45.01
3967,179,228,5,1664.72,45.65
3968,1806,124,8,450.27,5.07
3969,3140,219,10,943.79,75.44
3970,2769,360,2,518.17,73.13
3971,3958,480,4,1628.94,21.77
3972,4394,365,7,1278.1,45.4
3973,2458,398,7,2142.53,90.85
3974,2829,568,10,1429.26,21.91
3975,4028,523,1,2317.78,99.95
3976,2556,130,2,2361.62,52.4
3977,3830,420,4,295.0,2.11
3979,794,45,6,1239.39,29.9
3980,1005,576,10,1307.77,79.52
3981,856,89,10,936.85,52.78
3982,590,515,1,1101.57,12.61
3983,649,191,8,2206.7,50.7
3984,3326,173,2,1623.87,26.08
3985,3067,71,1,1947.34,40.38
3986,87,352,8,671.5,33.37
3987,4520,129,3,1838.76,77.55
3988,2437,459,10,218.07,73.43
3989,1419,509,3,1768.62,3.22
3990,1033,349,8,2375.77,36.55
3991,1483,246,3,2031.21,80.69
3992,4168,578,4,1909.62,63.65
3993,2059,210,6,2485.01,87.53
3994,645,59,8,1618.62,27.98
3995,547,73,7,1317.3,38.63
3996,546,580,8,1348.03,53.45
3997,2618,309,4,2305.94,36.16
3998,874,228,4,2431.39,14.86
3999,30,592,5,1454.62,19.31
4000,176,351,2,702.97,0.63
4001,3956,113,7,1627.91,83.61
4002,4812,277,7,487.76,54.83
4003,2422,342,2,2262.56,94.28
4004,69,480,10,2078.33,78.1
4005,2050,356,8,1669.43,51.8
4006,444,182,6,339.08,44.35
4007,48,133,8,248.55,98.35
4008,3973,130,7,846.01,44.87
4009,2325,261,4,2256.65,35.09
4010,4824,40,2,1019.9,48.88
4011,64,571,3,488.75,41.59
4012,4014,106,5,58.28,67.02
4013,3641,355,5,2493.87,18.53
4014,1953,346,4,534.77,25.81
4015,2552,535,8,1054.3,61.87
4016,1588,170,9,411.68,33.25
4017,1510,187,4,1123.73,44.59
4018,61,198,7,582.84,25.48
4019,3907,10,2,855.35,88.17
4020,1151,167,8,464.24,8.25
4021,370,35,3,1837.5,1.22
4022,2304,137,3,2414.27,99.97
4023,4465,491,4,1605.07,55.3
4024,1722,368,6,2090.74,79.38
4025,3370,246,3,1362.17,40.29
4026,1547,417,7,2179.83,50.78
4027,581,591,10,1204.28,69.47
4028,936,226,6,1777.25,89.62
4029,2628,254,5,1743.69,59.65
4030,4028,323,8,1458.04,87.17
4031,727,516,3,1621.83,52.53
4032,3431,410,7,581.65,81.35
4033,285,84,3,252.53,25.96
4034,1411,303,2,1517.92,46.44
4035,2123,588,1,293.4,92.43
4036,3512,381,5,1611.07,98.75
4037,1487,435,7,1211.37,64.05
4038,144,470,5,897.6,22.56
4039,2034,267,2,2340.71,41.32
4040,2474,334,10,1060.67,33.07
4041,1258,159,6,1765.33,88.52
4042,2453,499,1,1008.77,34.21
4043,2983,444,7,218.55,27.32
4044,1886,306,9,653.02,31.23
4045,3150,596,8,1832.63,77.56
4046,3045,169,9,2120.8,10.09
4047,1833,485,5,2389.67,75.35
4048,4254,231,3,219.27,73.35
4049,4217,432,7,1124.73,26.39
4050,3671,537,5,2467.37,83.37
4051,27,469,8,167.64,8.67
4052,2075,258,2,2094.45,66.32
4053,4939,511,3,2355.75,66.93
4054,3826,59,9,1786.63,34.28
4055,3788,275,10,2381.37,2.1
4056,530,597,5,2016.99,76.19
4057,4929,548,10,1585.87,65.66
4058,3941,296,2,430.0,7.99
4059,3637,318,3,80.84,35.79
4060,4292,337,3,2131.93,84.66
4061,1792,472,9,84.58,11.53
4062,2262,230,4,2272.61,55.66
4063,2551,597,2,2322.87,25.52
4064,988,155,1,1359.76,35.88
4065,3749,183,10,1006.87,87.19
4066,431,525,2,187.53,55.36
4067,433,275,7,2321.78,77.4
4068,3678,19,10,2431.69,32.22
4069,3174,278,1,382.78,65.31
4070,2949,583,3,2122.84,27.99
4071,3976,408,9,2370.51,66.28
4072,3430,290,9,2415.43,95.11
4073,1440,83,5,380.05,28.17
4074,4934,210,7,1895.44,4.23
4075,1174,232,7,841.86,39.14
4076,909,252,4,2116.81,98.64
4077,2625,481,9,265.57,84.44
4078,4153,287,3,1248.77,37.37
4079,367,54,5,1426.11,25.5
4080,4697,287,2,1291.01,98.4
4081,2888,415,9,1808.92,12.24
4082,4538,424,7,1141.75,78.51
4083,1891,141,9,774.21,45.05
4084,1714,43,6,575.12,39.07
4085,4675,577,2,529.28,37.81
4086,4439,407,1,2461.0,63.24
4087,2338,136,8,2169.87,83.97
4088,4384,205,4,1129.06,52.45
4089,3829,75,4,1379.12,32.19
4091,3390,346,1,763.17,37.78
4092,3158,215,7,982.96,97.54
4093,929,214,9,2291.93,14.3
4094,1727,60,3,2264.21,96.81
4095,1892,504,3,1490.23,97.18
4096,1524,32,10,762.58,53.71
4097,1761,511,10,1810.36,91.54
4098,1646,344,2,1932.49,83.35
4099,1784,507,10,1578.21,70.83
4100,662,184,6,1504.87,58.97
4101,1268,25,10,179.14,20.91
4102,2631,486,1,2207.02,71.35
4103,405,484,9,1767.7,60.19
4104,663,232,2,1513.92,53.86
4105,3371,594,4,1062.11,31.21
4106,1211,444,4,1406.81,8.76
4108,3736,204,4,2361.32,40.46
4109,512,291,5,1252.38,41.4
4110,2989,431,10,227.21,66.96
4111,4138,114,6,1616.57,1.17
4112,1239,593,10,469.13,93.08
4113,4018,517,2,1452.76,91.15
4114,4282,595,6,533.77,64.95
4115,318,573,1,1501.95,51.79
4116,3939,163,2,581.89,72.73
4117,4078,308,3,2491.37,43.98
4118,743,317,4,675.98,0.59
4119,2208,257,9,387.16,24.82
4120,4900,308,5,239.35,49.59
4121,3896,512,6,117.89,21.51
4122,1555,84,3,147.66,6.58
4123,4893,96,8,36.4,64.12
4124,4736,180,10,2322.47,23.98
4125,231,157,5,2457.89,30.08
4126,4972,400,6,516.34,5.6
4127,3472,574,7,740.64,89.57
4128,3835,443,9,2086.47,92.1
4129,3843,438,10,1588.02,43.79
4130,3417,129,3,1812.46,1.98
4131,4034,376,3,1984.8,54.61
4132,766,317,2,167.78,72.24
4133,1230,353,9,2302.99,63.55
4134,2823,100,4,298.35,41.36
4135,2663,122,3,806.76,15.2
4136,345,318,9,1526.12,41.65
4137,2248,429,1,1414.12,37.34
4138,4808,343,1,1648.87,8.71
4139,1031,51,1,1901.65,47.94
4140,3605,573,1,1362.15,44.12
4141,1320,170,3,2180.7,52.22
4142,1909,237,5,1700.03,32.16
4143,606,62,1,547.35,74.82
4145,193,448,6,443.07,31.02
4146,3032,485,2,2244.46,89.39
4147,4158,403,9,2133.72,26.39
4148,1842,350,7,2099.67,21.98
4149,920,516,5,1435.08,84.06
4150,3708,294,6,1630.92,62.62
4151,1889,58,4,687.85,1.61
4152,2777,561,1,1945.81,50.09
4153,2866,242,6,864.54,85.46
4154,1246,370,7,2378.07,53.54
4155,4887,283,1,1534.51,96.51
4156,3631,201,5,603.14,6.72
4157,4345,391,10,1855.36,85.61
4158,4518,350,6,2170.27,5.93
4159,80,545,3,54.92,19.0
4160,4724,157,5,1130.28,36.96
4161,2294,406,4,819.98,54.61
4162,4868,102,6,644.98,11.33
4163,2174,42,3,1825.09,58.96
4164,2250,19,9,23.8,82.17
4165,3451,62,2,258.99,3.12
4166,3616,248,4,779.41,60.69
4167,1435,98,10,926.52,22.16
4168,3803,329,4,513.08,49.43
4169,4476,385,6,259.12,18.49
4170,189,49,3,91.94,31.28
4171,2738,553,4,218.24,22.8
4172,1516,149,1,1405.99,95.31
4174,1118,235,9,872.56,62.83
4175,1312,445,1,783.87,11.05
4176,4363,523,5,749.41,38.77
4177,2281,293,4,1233.1,65.0
4178,3409,204,3,1547.98,85.85
4182,4607,524,6,2076.07,69.06
4183,2385,226,9,605.22,49.25
4184,2156,12,4,365.52,2.11
4185,871,8,1,562.98,9.08
4186,103,504,2,867.39,97.43
4187,3580,173,8,188.92,41.63
4188,2504,295,4,593.35,5.94
4189,2137,491,4,2431.42,89.25
4190,1211,235,1,1390.97,52.82
4191,3229,83,9,590.15,45.72
4192,2680,528,2,1343.1,77.31
4193,1176,497,8,313.88,38.08
4194,1168,547,6,770.6,81.47
4195,4449,455,7,451.26,20.93
4196,1827,159,3,1882.72,48.15
4197,1959,144,5,1197.52,69.44
4198,2889,352,1,1378.61,61.71
4199,413,170,5,596.72,72.66
4201,2669,96,9,640.36,65.94
4202,3881,231,9,1225.31,77.42
4203,378,587,5,655.43,28.01
4204,541,207,2,2068.67,14.42
4205,588,292,1,2424.27,9.49
4206,3587,194,4,1992.9,24.72
4207,2635,330,1,874.33,82.19
4208,4501,123,7,2254.42,11.46
4209,3723,114,6,2486.44,5.65
4210,4625,139,8,368.62,66.18
4211,3513,425,4,907.98,53.25
4212,2122,109,6,1487.63,51.25
4213,3669,285,3,799.59,45.26
4214,4764,154,6,2489.42,1.78
4215,1859,487,7,2080.96,79.8
4216,1649,383,7,1891.75,23.06
4217,2393,404,2,617.48,49.9
4218,2693,544,1,523.25,2.07
4219,4418,402,3,550.22,23.97
4220,2941,328,1,2356.95,49.72
4221,2386,205,8,995.57,49.05
4222,815,410,6,50.1,24.72
4223,4159,468,1,2013.77,78.05
4224,4794,209,10,673.64,94.57
4225,4911,202,7,915.97,62.09
4226,1343,108,6,1857.25,29.11
4227,3389,466,7,2114.62,95.48
4228,1295,420,9,1839.19,6.15
4229,4778,95,4,1036.83,43.93
4230,986,469,3,1626.59,91.4
4231,549,306,6,670.7,47.91
4233,3173,468,8,1499.53,69.6
4234,1232,280,3,619.27,40.94
4235,1809,40,1,106.15,46.57
4236,1417,213,9,1774.58,63.95
4237,625,486,9,1255.29,75.48
4238,1811,190,6,194.89,50.36
4239,848,394,8,363.51,64.27
4240,3587,226,10,827.61,67.22
4241,3787,218,1,754.22,78.08
4242,17,38,7,1554.34,44.83
4243,4853,168,5,1467.68,85.3
4244,813,398,7,2139.14,86.44
4245,4462,456,10,1437.88,87.91
4246,3140,238,10,1622.03,88.21
4247,3504,237,8,1562.54,38.57
4248,1956,413,6,38.56,79.04
4249,92,263,8,32.53,55.89
4250,4181,237,2,1954.26,57.37
4251,2600,153,2,1986.65,64.57
4252,3844,13,1,2463.39,48.34
4253,4400,412,10,317.82,51.65
4254,563,425,6,1071.72,4.01
4255,31,135,3,2226.76,56.1
4256,1471,309,3,742.52,38.79
4257,3386,334,2,240.29,69.89
4258,3261,420,6,2482.1,84.93
4259,430,306,6,2268.26,54.45
4260,4677,180,9,502.31,96.9
4261,4735,122,9,476.23,39.54
4262,3320,261,10,1444.26,36.53
4263,2429,172,8,1116.16,83.82
4264,2146,57,10,1700.93,68.02
4266,2195,398,10,1722.74,80.65
4267,3763,258,10,2256.39,11.08
4268,637,440,10,1030.37,4.35
4269,938,48,4,81.55,7.92
4270,3850,412,8,963.92,66.86
4271,113,26,1,1624.4,25.0
4272,1072,223,7,1283.95,13.65
4273,1156,31,6,1510.03,10.14
4274,3289,191,5,1587.1,10.86
4275,2113,27,1,1446.79,10.59
4276,3300,342,4,659.85,15.93
4277,3191,328,6,1045.14,61.34
4278,4932,332,4,75.03,59.94
4279,4189,494,3,933.14,97.27
4280,1570,102,3,724.02,19.65
4281,2453,243,1,2031.19,51.02
4282,4731,297,6,1137.47,59.97
4283,175,425,10,1498.25,72.91
4284,4638,132,9,565.35,84.33
4285,2485,593,2,156.51,9.62
4286,3459,260,2,1065.52,95.63
4287,3154,546,1,2249.47,46.7
4288,211,194,6,1501.0,14.22
4289,3965,39,8,847.5,96.16
4290,2727,78,9,1800.12,50.71
4291,2062,185,10,2474.79,57.75
4292,3790,506,1,515.63,94.3
4293,2071,93,1,647.91,95.4
4294,3423,320,4,1592.82,12.32
4295,1093,211,1,2037.01,93.18
4296,4519,397,1,917.03,37.51
4297,2127,576,4,1219.75,6.7
4298,1370,96,4,168.37,28.47
4299,2580,499,5,556.45,70.18
4300,2051,112,2,840.09,41.98
4301,707,182,8,706.77,14.96
4302,1261,259,10,2453.21,81.03
4303,3789,281,7,130.79,32.75
4304,321,341,4,2275.58,52.07
4305,3678,160,5,1228.54,27.1
4306,4018,338,7,664.15,22.72
4307,46,106,3,2011.87,83.33
4308,4518,593,1,338.25,61.33
4309,1243,149,4,198.07,22.45
4310,2638,43,8,549.28,99.8
4311,4066,169,7,1552.35,19.39
4312,3748,193,7,1931.14,33.5
4313,958,453,3,1688.11,99.58
4314,2730,556,9,965.26,62.44
4315,325,159,4,1187.39,42.51
4316,3614,430,5,1947.65,36.16
4317,784,137,7,1329.45,5.54
4318,2856,326,7,1962.98,15.79
4319,4889,340,2,538.0,39.77
4320,3201,484,2,1795.6,68.49
4321,857,217,10,677.76,11.34
4322,4395,533,3,177.09,27.0
4323,2659,186,4,641.23,62.0
4324,2931,297,6,2412.83,4.31
4325,2140,554,9,1298.98,33.59
4326,360,397,9,1438.6,30.59
4327,3892,528,10,1324.95,96.01
4328,4463,312,10,1920.9,84.49
4329,3180,594,7,1892.29,3.49
4330,398,354,6,1702.12,13.28
4331,152,192,10,2287.76,79.52
4332,1590,53,8,1337.53,89.59
4333,164,167,2,2424.61,22.04
4334,3809,460,4,160.92,14.11
4335,2896,240,8,1356.46,10.11
4336,3678,107,3,1970.67,14.34
4337,1147,367,4,1304.96,56.06
4338,143,312,5,1897.2,42.24
4339,1124,100,8,330.43,82.68
4340,2672,309,2,1631.92,31.0
4341,127,150,9,1696.4,75.65
4343,2022,494,1,1216.66,58.06
4344,2744,98,8,1766.84,63.43
4346,2445,10,4,716.62,92.43
4347,3646,570,2,862.65,42.47
4348,2543,205,4,1005.83,27.39
4349,695,161,6,1504.22,25.13
4350,4333,446,2,1345.0,42.48
4351,3141,301,8,1004.46,61.03
4352,1649,392,9,612.77,76.36
4353,2313,536,3,1862.71,40.64
4354,4771,593,6,1652.8,0.17
4355,273,69,9,1892.88,38.04
4356,466,168,9,1196.17,82.17
4357,3195,473,10,1350.02,23.12
4358,3180,287,5,402.65,77.16
4359,1440,244,9,361.98,26.48
4360,4680,443,4,2130.47,72.25
4361,4020,219,8,2373.4,24.91
4362,4845,169,3,1515.09,64.93
4363,2505,6,4,2317.13,7.19
4364,2365,414,7,60.03,39.62
4365,2067,380,3,77.2,36.64
4366,4292,172,7,962.07,90.65
4367,777,205,7,698.55,22.25
4368,579,160,9,1914.49,56.04
4369,3211,174,1,217.59,44.24
4370,2456,305,8,155.15,14.71
4371,3412,323,2,944.26,42.24
4372,3309,305,7,623.23,87.87
4373,2504,475,1,2250.43,89.32
4374,2925,224,1,188.71,21.78
4375,1719,474,8,716.91,37.62
4376,4039,484,10,1822.34,91.1
4377,1444,264,3,430.5,51.0
4378,4414,504,2,1604.68,77.04
4379,4135,149,2,1072.39,10.56
4380,4778,567,5,1159.3,60.93
4381,4138,76,10,1461.24,69.3
4382,4518,125,1,452.0,45.81
4383,88,302,7,2283.25,55.9
4384,1538,147,8,815.82,52.12
4385,2181,534,7,188.59,37.84
4386,609,397,3,875.06,39.16
4387,4387,430,4,2232.5,6.96
4389,4106,432,1,2202.3,29.94
4391,1237,246,1,490.83,12.55
4392,2000,574,1,189.67,81.24
4393,3172,141,9,2343.7,32.78
4394,556,167,4,1475.08,1.91
4395,4636,426,6,555.45,55.13
4396,1131,298,10,2044.3,4.8
4397,2589,90,1,1869.09,94.86
4398,3338,13,7,939.76,51.35
4399,1282,268,10,535.74,63.97
4400,4314,524,9,622.96,15.53
4401,460,173,6,285.73,41.17
4402,355,165,7,2046.9,60.93
4403,768,264,3,1540.24,60.6
4404,4829,97,6,2068.29,48.22
4405,2997,265,2,1692.62,55.24
4406,711,71,4,796.67,55.77
4407,3184,313,4,719.42,19.67
4408,1874,54,8,589.62,64.3
4409,3815,561,7,1870.45,26.82
4410,3558,67,6,281.24,32.91
4411,632,419,6,2300.86,59.63
4412,472,379,7,1102.45,49.34
4413,624,483,7,2332.18,15.76
4414,786,292,10,1875.01,47.11
4415,4434,30,1,382.09,59.86
4416,4066,208,3,41.2,82.38
4417,4790,313,10,994.22,37.3
4418,2394,381,3,1634.47,31.43
4419,4474,549,10,673.35,80.3
4420,2485,232,7,1724.62,2.26
4421,2242,109,7,2064.96,37.39
4422,2845,466,10,500.54,86.47
4423,3703,592,6,2348.84,98.99
4424,2817,435,3,218.82,64.89
4425,1857,166,3,1960.16,87.27
4426,740,404,7,1780.93,77.68
4427,4091,212,5,2430.27,82.22
4428,3800,393,8,922.53,90.75
4429,4093,112,5,1337.71,84.12
4430,1860,273,8,107.01,43.23
4431,3615,353,10,292.54,80.34
4432,1788,290,6,2054.39,5.85
4433,286,104,1,2217.08,81.34
4434,3403,430,3,2309.44,16.26
4435,4132,245,8,544.57,80.96
4436,1704,504,3,506.63,56.45
4437,1585,431,9,1458.14,94.57
4438,367,441,3,1187.09,68.84
4439,3758,124,8,2478.05,96.51
4440,2472,480,10,2016.35,1.49
4441,4449,217,3,2380.57,76.78
4442,2398,81,5,2197.37,38.19
4444,1359,562,7,835.76,20.02
4445,3068,481,1,1740.37,50.92
4446,2750,187,7,383.59,86.23
4448,2506,119,8,749.29,13.55
4449,21,216,1,2300.41,94.53
4450,4502,479,1,2121.47,17.3
4452,4572,124,1,2000.56,61.06
4453,3554,496,3,280.64,23.52
4454,2810,520,5,572.64,88.23
4455,4419,3,6,1871.89,67.43
4456,3401,367,2,1369.09,68.38
4457,3340,168,4,426.05,95.98
4458,516,29,1,357.04,23.76
4459,2978,26,1,2185.04,92.66
4460,2132,497,4,1381.1,89.29
4461,2180,407,9,25.7,67.21
4462,3637,310,9,48.6,74.07
4463,2479,213,10,783.77,28.51
4464,3827,378,2,947.79,84.78
4465,4919,408,2,472.71,22.25
4466,1480,383,4,34.63,91.7
4467,3151,85,10,109.24,19.43
4468,4115,5,2,2434.25,45.95
4469,278,340,7,1650.37,72.94
4470,4294,549,10,542.77,67.95
4472,4924,85,8,1505.85,24.31
4473,272,90,5,2397.49,36.56
4474,1312,490,1,575.9,7.82
4475,3225,360,9,2173.78,49.13
4476,881,161,3,1281.46,92.39
4477,4230,320,1,320.9,9.59
4478,4760,192,10,407.43,26.46
4479,2223,261,3,1980.97,26.37
4480,703,354,7,1438.38,17.68
4481,4841,503,3,2069.09,70.1
4482,3168,68,5,1383.84,74.87
4483,2765,122,9,743.62,17.65
4484,3954,175,2,705.55,37.74
4485,632,525,1,445.45,52.72
4486,933,463,1,2349.99,0.21
4487,1637,349,8,567.66,51.83
4488,1608,154,5,2456.86,15.5
4489,2933,476,1,157.35,22.33
4490,3065,595,6,475.13,47.82
4491,3928,590,8,401.26,0.18
4492,4720,551,5,1893.23,80.91
4493,570,449,2,367.05,8.59
4494,1484,442,4,1812.7,38.29
4495,3892,186,2,2045.13,5.35
4496,650,39,3,1966.56,41.78
4498,4741,89,1,766.55,22.64
4499,1948,549,2,2021.07,89.84
4500,2031,93,2,1696.53,70.68
4501,1883,55,9,1209.59,23.12
4502,1169,582,4,1357.0,47.19
4503,3780,75,3,533.85,94.24
4504,1904,520,1,1177.89,39.91
4505,57,15,1,1855.68,48.41
4506,2308,162,8,1797.88,87.62
4507,3789,543,1,1959.51,14.92
4508,4809,68,4,478.68,52.35
4509,1850,126,5,2155.44,46.06
4510,2746,125,5,1989.92,35.86
4511,1827,211,5,657.89,4.14
4512,4148,372,6,1984.23,91.44
4513,4967,156,1,1587.18,10.34
4514,4287,464,2,690.88,32.51
4515,4878,444,2,725.67,82.39
4516,3675,138,1,2062.73,33.87
4517,4084,339,8,598.09,51.14
4518,3686,446,9,1346.9,36.86
4519,4293,82,3,2021.25,71.64
4520,970,438,1,386.37,97.45
4521,3935,262,9,1954.5,28.5
4522,1651,93,10,1053.37,69.24
4523,601,398,6,725.81,11.49
4525,2365,590,10,2182.21,23.87
4526,3488,67,1,2126.86,94.46
4527,2226,531,1,2395.76,86.69
4528,2623,166,5,679.19,40.91
4529,1786,64,8,962.98,91.35
4530,3995,204,5,1721.97,2.45
4531,1578,349,9,1338.34,56.41
4532,2239,214,4,830.26,60.25
4533,930,242,6,485.02,6.92
4534,3054,275,7,498.97,24.47
4535,1798,360,5,896.36,41.84
4536,1599,509,8,2032.67,47.36
4537,2524,236,3,2310.72,99.71
4538,4496,280,2,362.87,84.58
4539,3486,324,7,1046.48,92.92
4540,4908,167,6,1307.17,1.85
4541,3990,443,4,2339.43,40.14
4542,2509,1,6,1050.38,51.78
4543,2457,154,10,856.77,16.15
4544,1903,6,4,2172.19,94.89
4545,4432,502,1,445.39,65.08
4546,1550,18,10,2301.37,3.58
4547,3507,350,1,1124.1,82.61
4548,1009,418,4,1836.81,7.62
4549,886,250,7,2356.61,76.84
4550,486,424,7,1485.64,94.58
4551,2960,78,1,1285.04,31.04
4552,3997,248,5,891.91,23.56
4553,4333,310,2,1472.1,83.14
4554,1496,169,2,2457.98,31.28
4555,1832,236,7,1061.73,82.55
4556,1506,229,1,845.66,87.15
4557,4701,138,2,2499.34,10.56
4558,4380,588,9,182.8,2.74
4559,1271,465,6,223.84,1.76
4560,3767,589,9,1054.93,5.13
4561,1993,223,6,97.66,25.56
4562,3690,414,10,2373.47,52.67
4563,3158,281,5,818.89,15.56
4564,1686,489,6,527.33,21.96
4565,57,279,1,1146.2,38.11
4566,1242,242,7,718.22,65.22
4567,383,124,6,2272.99,63.34
4568,98,4,2,280.44,13.61
4569,3999,515,6,264.25,49.5
4570,3166,357,5,1046.1,41.76
4571,4044,39,4,1582.87,76.72
4572,3890,200,4,1916.01,45.59
4573,1934,383,6,2401.76,86.0
4574,3507,170,6,323.79,68.1
4575,3315,397,5,98.59,61.13
4576,4729,2,5,1443.12,91.41
4577,3118,111,2,1520.13,37.35
4578,2438,99,2,1364.73,86.83
4579,2436,59,10,153.67,95.36
4580,2746,446,10,29.39,25.0
4581,2230,322,10,2266.07,74.43
4582,3788,370,10,927.72,91.4
4583,2390,18,2,123.05,8.19
4584,216,301,6,73.14,8.95
4585,1352,277,1,434.95,9.82
4586,1520,44,2,1484.33,22.25
4587,4242,141,3,749.82,86.48
4588,4486,369,2,1163.43,72.75
4589,905,246,8,2400.92,14.91
4590,3744,232,1,795.3,9.96
4591,563,514,4,1117.15,25.41
4592,4853,369,8,530.07,86.7
4593,1336,329,6,1338.45,86.83
4594,4674,349,6,308.61,27.03
4595,443,296,5,607.37,49.31
4596,4429,525,5,742.48,75.68
4597,2156,122,1,2321.89,29.84
4598,409,582,3,2168.03,38.17
4599,4071,340,4,1751.84,57.4
4600,2913,18,1,1327.66,0.1
4601,2784,534,7,727.83,27.16
4602,1482,399,1,866.52,48.26
4603,4116,64,5,1524.55,35.41
4604,2563,56,7,895.04,82.41
4605,248,187,4,1149.88,36.28
4606,1020,283,8,451.75,91.88
4608,1267,106,4,316.82,26.88
4609,4257,43,5,1573.87,83.38
4610,3233,369,5,477.04,30.64
4611,3466,421,10,2168.58,91.18
4612,1019,426,4,946.12,5.39
4613,1558,589,6,109.41,35.88
4614,1526,228,5,490.43,60.05
4615,1275,77,4,1798.89,55.53
4616,334,223,2,1361.33,47.13
4618,4232,97,9,2148.58,69.13
4619,3711,12,9,1737.02,41.63
4620,4173,520,7,752.89,19.99
4621,3552,329,4,90.87,54.29
4622,541,185,4,1231.05,78.85
4623,886,276,10,145.62,30.49
4624,3086,530,10,1507.3,26.52
4625,2310,255,4,1485.43,81.58
4626,3011,530,8,41.6,81.92
4627,3021,534,6,710.49,41.32
4628,1495,231,1,97.88,1.09
4629,4391,409,10,160.75,11.05
4630,2649,373,4,915.04,4.93
4631,754,478,2,2122.3,92.5
4632,3164,430,2,354.99,30.57
4633,26,264,7,1577.27,69.91
4635,845,208,7,2318.36,65.64
4636,4310,368,8,2360.47,26.59
4637,2776,220,6,234.66,48.83
4638,55,372,10,1942.47,44.18
4639,3154,230,6,2236.78,49.67
4640,2519,560,5,1387.72,7.42
4642,3681,474,2,945.0,2.81
4643,1089,383,7,1677.81,37.05
4644,2424,306,8,286.84,12.93
4645,2352,179,9,242.73,97.28
4646,3984,260,3,1925.76,99.8
4647,2099,57,3,1651.83,88.65
4648,4615,89,8,514.45,47.99
4649,3421,538,7,2433.61,75.95
4650,4643,78,9,1585.75,38.38
4651,1040,463,4,2200.76,30.85
4652,2820,4,5,1480.43,23.93
4653,377,534,4,1196.72,22.18
4654,2245,175,9,2276.94,54.66
4655,2394,457,3,1571.2,23.13
4656,3194,215,5,2016.8,29.45
4657,4664,444,5,2129.81,56.77
4658,119,73,4,2372.92,37.23
4659,4352,96,3,884.29,75.55
4660,4363,74,6,418.23,42.56
4661,3148,34,9,1275.46,55.27
4662,1943,381,3,261.79,24.64
4663,1353,177,10,813.49,26.45
4664,158,215,5,209.12,40.21
4665,710,220,2,2078.3,27.82
4666,1541,59,1,1282.68,29.25
4667,1826,450,5,901.66,95.0
4668,3065,126,6,2497.04,44.16
4669,1588,6,4,177.29,33.87
4670,3732,402,5,928.49,53.07
4671,603,431,6,983.57,97.25
4672,762,450,6,371.17,55.77
4673,1776,445,5,141.93,11.37
4674,3963,164,2,2201.05,17.36
4675,2327,339,3,509.09,9.88
4676,2600,84,7,967.24,79.26
4677,128,342,2,677.53,1.05
4678,1842,531,9,1841.89,80.46
4679,1307,20,10,1955.18,87.57
4680,877,39,10,2152.7,61.56
4681,4847,437,10,829.56,57.62
4682,863,570,2,2212.47,2.2
4683,627,342,9,1124.67,26.09
4684,987,433,10,2120.5,6.73
4685,403,590,6,1319.65,43.02
4686,4480,548,8,831.35,73.15
4687,1650,571,9,2484.07,82.95
4688,2998,480,3,1533.79,80.83
4689,2763,296,2,2334.61,8.34
4690,3269,527,6,1965.02,55.76
4691,4532,94,2,210.39,67.84
4692,4384,502,8,507.27,51.13
4693,2625,120,1,1747.24,61.48
4694,3710,384,7,1150.48,10.01
4695,2380,25,7,360.08,9.39
4696,2353,189,4,1719.04,56.02
4697,3135,353,10,1160.11,96.56
4698,3801,23,10,123.14,42.24
4699,1195,173,5,1833.52,88.45
4700,4254,456,1,2023.3,53.6
4701,4402,119,4,2256.49,73.05
4702,421,282,7,16.51,39.61
4703,3462,148,3,2261.78,96.13
4704,4652,366,3,515.58,42.58
4705,4632,563,2,2142.58,19.93
4706,1113,42,8,1086.9,46.3
4707,123,373,5,2345.89,49.78
4708,2652,248,1,1186.88,25.54
4709,4232,209,1,19.92,40.07
4710,4230,126,3,2139.73,92.31
4711,4743,430,1,1225.4,58.38
4712,691,599,3,2343.03,42.9
4713,4285,30,4,98.93,75.51
4714,1365,544,8,2343.7,55.67
4715,4738,454,3,1410.63,86.51
4717,2459,178,6,2461.53,28.36
4718,1035,588,2,550.65,14.27
4719,3310,484,1,1636.29,26.4
4720,1511,349,1,2059.17,66.65
4721,197,528,5,545.96,69.18
4722,4466,63,9,600.57,27.86
4723,858,310,1,2059.12,78.24
4724,2708,315,4,869.72,78.98
4725,4048,367,9,1717.01,59.91
4726,4542,100,7,1491.33,49.32
4727,2449,427,9,1642.16,25.83
4728,1401,551,3,1002.5,99.46
4729,69,311,3,1024.83,95.98
4730,3977,300,2,355.35,36.18
4731,2445,55,9,2419.51,40.72
4732,2211,354,2,73.49,7.02
4733,1286,277,1,1762.6,99.14
4734,3355,55,9,1146.19,17.86
4736,3842,185,7,1830.55,15.65
4737,2556,70,7,2015.17,91.8
4738,1757,187,3,1466.93,74.7
4740,4696,404,5,1865.27,70.8
4741,2270,469,8,2269.53,13.75
4742,560,538,8,2155.01,56.94
4743,390,317,1,675.37,14.21
4744,2360,363,4,1194.07,57.68
4745,3907,205,2,711.11,14.82
4746,750,102,2,703.3,46.36
4747,1893,448,9,1662.26,82.13
4748,4858,11,10,1241.59,19.17
4749,2392,178,4,1161.11,85.05
4750,1172,305,4,1228.77,41.61
4751,4661,137,5,329.22,12.78
4752,797,432,8,1813.53,29.08
4753,4105,586,1,906.52,16.3
4754,2301,373,2,1078.02,40.82
4755,3942,82,7,2036.45,4.2
4756,366,395,2,526.3,35.39
4757,4738,489,8,1552.82,59.76
4758,3774,365,6,1052.26,37.87
4759,3251,452,7,2012.98,96.42
4760,4182,106,2,988.57,58.42
4761,1741,171,5,761.37,14.18
4762,2096,362,2,507.01,13.58
4763,2351,137,5,308.79,39.91
4765,2740,515,1,259.6,61.81
4766,2997,78,9,1911.38,40.03
4767,702,550,1,2267.6,48.13
4768,3747,591,6,1881.84,3.64
4769,1775,262,8,237.18,54.29
4770,4837,340,8,156.7,93.33
4771,2232,382,4,289.53,91.08
4772,4978,306,5,446.39,72.81
4773,4596,341,1,1468.4,0.26
4774,817,149,4,1982.29,69.81
4775,4697,366,2,1440.96,84.51
4776,1417,275,6,184.57,69.45
4777,2770,331,2,2274.09,21.67
4778,707,112,1,1618.27,76.71
4779,363,255,4,386.37,35.51
4780,581,294,9,676.11,82.65
4781,4748,160,10,2059.81,65.43
4782,4469,124,6,2188.01,9.95
4783,3346,567,5,1251.63,17.77
4784,1922,490,2,46.06,12.21
4785,2109,359,4,113.53,20.41
4786,4906,407,6,2318.08,22.37
4787,1244,121,4,515.24,86.19
4788,1513,318,2,502.71,70.84
4789,3181,132,7,2072.12,11.13
4790,3090,183,4,204.89,22.7
4791,2113,15,5,1910.02,0.22
4792,925,135,5,33.29,71.86
4793,4571,289,9,651.89,45.17
4794,3488,64,4,79.33,29.62
4795,1548,379,2,596.56,96.07
4796,2256,65,4,2178.86,35.01
4798,2687,268,9,1281.54,23.88
4799,3078,91,7,360.83,89.18
4800,3986,3,6,2307.05,0.45
4801,4886,64,4,1208.28,12.73
4802,4333,322,5,972.05,79.5
4803,3621,199,7,253.58,92.25
4804,1463,532,10,997.35,20.43
4805,2522,502,10,67.54,66.86
4806,1613,368,3,1523.66,79.86
4807,1863,584,4,656.33,89.89
4808,1222,546,3,2218.35,12.04
4809,3015,392,6,44.21,5.38
4810,2307,313,9,1156.15,91.44
4811,645,211,7,606.96,49.96
4812,4825,159,3,677.66,74.61
4813,2664,46,3,1020.79,51.7
4814,2030,229,4,1669.37,81.64
4815,3212,149,10,2181.72,19.63
4816,899,141,3,1467.33,47.03
4817,3857,286,9,893.64,25.64
4818,122,197,6,1662.77,64.9
4819,3159,370,9,1460.42,47.48
4820,4229,117,10,2051.14,17.66
4821,2332,533,7,2087.19,89.31
4822,4637,356,8,1514.67,95.17
4823,4812,270,2,285.53,72.36
4824,3649,483,7,410.36,9.65
4825,2322,318,9,117.99,77.34
4826,16,570,5,450.34,19.91
4827,904,484,10,1626.52,35.29
4828,4229,265,9,1722.13,91.51
4829,961,520,3,2116.93,26.46
4830,750,180,6,2316.41,86.7
4831,950,166,10,281.89,82.71
4832,2526,455,8,2325.02,95.79
4833,1017,516,4,552.06,77.67
4834,346,168,1,490.19,45.32
4835,1336,372,2,66.33,78.61
4836,1125,8,3,2320.23,21.9
4837,1969,456,6,2466.4,61.91
4838,3544,187,6,1758.35,37.43
4839,2967,519,5,1420.33,17.38
4840,4656,526,6,2009.99,96.74
4841,1389,160,6,1532.36,48.26
4842,4795,565,1,715.85,56.03
4843,2334,140,6,402.79,3.8
4844,4113,464,5,2334.09,84.01
4845,4919,517,10,1645.55,88.04
4846,1953,255,10,1633.35,67.62
4847,3510,221,4,373.84,5.12
4848,4985,363,2,2416.17,35.61
4849,1548,136,8,1492.58,37.42
4850,3392,130,2,185.71,34.79
4851,3873,277,7,1991.79,73.9
4852,4026,53,4,599.55,1.63
4853,4232,438,7,1672.88,5.39
4854,3728,120,7,1705.28,33.36
4855,163,342,9,573.69,76.49
4856,3331,340,9,1370.03,18.25
4857,3843,400,9,1837.21,44.61
4858,3419,60,8,36.01,87.76
4860,1931,382,9,230.98,8.64
4861,4635,456,10,652.42,1.51
4862,408,438,1,675.7,66.1
4863,3873,74,5,1603.94,68.06
4864,3425,109,4,251.44,84.58
4865,1495,267,6,1577.38,79.11
4866,1512,56,8,292.73,55.25
4867,247,527,2,2436.17,89.43
4868,912,77,10,1923.35,63.76
4869,1011,361,6,2011.52,14.69
4870,449,564,4,1416.22,2.92
4871,1777,500,8,2146.06,76.73
4872,100,575,7,2188.99,38.4
4873,2814,62,1,1781.72,28.98
4874,4427,235,6,453.21,73.0
4875,797,301,1,1815.61,4.07
4877,830,466,4,483.47,14.64
4878,2875,367,5,399.2,29.03
4879,2135,81,2,740.91,55.22
4880,4499,580,2,341.78,82.19
4881,1796,336,6,2365.99,17.45
4882,3359,513,4,1369.97,40.79
4883,2199,333,7,1890.97,51.07
4884,4974,221,5,2196.62,61.95
4885,4832,440,8,832.69,10.37
4886,2072,263,4,2048.6,97.96
4887,1784,6,10,1162.61,69.49
4888,4115,269,5,633.61,65.1
4889,1382,240,1,155.3,81.66
4890,2537,396,8,2062.2,92.07
4891,1225,570,1,1060.58,83.95
4892,3642,419,2,2089.34,99.97
4893,4480,553,1,252.27,64.8
4894,451,116,4,285.92,28.49
4895,2193,284,1,1747.96,25.3
4896,1887,138,6,879.29,46.99
4897,527,577,2,1703.93,33.18
4899,4304,136,3,186.43,34.14
4900,3553,177,2,1704.28,86.65
4902,2445,110,8,777.67,45.79
4903,1465,520,8,928.09,94.21
4904,1556,81,7,2102.98,27.89
4905,4394,572,4,188.91,4.49
4906,3797,427,8,2155.58,94.2
4907,4977,42,2,599.74,95.74
4908,798,10,8,1984.66,81.81
4909,1583,466,6,2459.55,31.84
4910,2705,557,10,791.08,69.46
4911,2422,589,6,692.46,66.43
4912,3536,485,8,344.53,58.76
4913,4275,550,10,2432.26,10.41
4914,385,450,9,950.68,77.26
4915,4735,373,1,2231.14,53.54
4916,370,258,8,368.8,22.33
4917,3329,417,8,1201.49,24.96
4918,4814,402,6,961.41,89.95
4919,1442,561,8,1589.24,21.47
4920,1715,564,8,80.85,45.57
4921,3571,185,3,1511.47,67.21
4922,1486,490,7,579.84,16.91
4923,2176,175,10,998.57,32.46
4924,25,413,5,2493.43,52.71
4925,4960,245,6,2460.18,7.03
4926,1880,194,2,1837.07,92.12
4927,3919,334,5,2489.07,29.96
4928,3411,258,9,2176.34,74.81
4929,1380,265,5,71.74,77.54
4930,791,415,5,2330.04,9.17
4931,2358,98,7,1222.41,5.31
4932,4803,17,4,650.57,83.61
4933,1025,120,8,340.38,90.97
4934,3234,22,7,943.52,67.42
4936,4764,100,3,1572.04,5.21
4937,3596,145,9,696.02,95.09
4938,147,575,8,2351.78,44.47
4939,3107,434,8,1939.39,91.74
4940,2582,535,8,1744.09,78.67
4941,2661,37,1,121.57,37.16
4942,2221,590,9,177.84,29.12
4943,3578,509,7,1971.42,58.45
4944,534,328,2,362.99,9.27
4945,3853,62,2,1668.09,43.03
4946,3888,144,4,2206.25,99.82
4947,2581,266,7,1161.88,24.64
4948,4538,94,3,1755.39,70.46
4949,738,234,4,55.14,3.55
4950,1177,381,4,1608.21,39.1
4951,2014,246,2,29.04,55.66
4952,4094,390,2,421.57,28.21
4953,3097,95,5,79.02,6.36
4954,534,587,7,875.42,50.74
4955,751,542,2,1534.8,71.57
4956,3531,333,10,490.51,42.79
4957,2449,366,7,53.16,7.69
4958,4581,372,2,2188.35,96.07
4959,1662,395,8,1618.91,17.68
4960,3172,100,2,2410.72,92.0
4961,1069,320,10,167.81,81.45
4962,662,246,3,1978.12,21.23
4963,370,396,8,106.91,23.49
4964,4143,455,3,1509.17,96.43
4965,1862,480,6,1859.12,46.16
4966,2432,106,7,63.87,59.03
4967,258,491,5,324.72,77.26
4968,51,198,10,1243.25,26.22
4969,1584,243,5,2352.71,93.46
4970,2085,328,9,908.94,71.41
4971,2653,298,3,2396.71,62.17
4972,1386,522,5,859.4,86.67
4973,1926,402,2,1843.67,14.79
4974,3533,112,6,595.63,73.45
4976,1015,250,4,1236.69,94.19
4977,444,524,7,459.22,95.13
4978,3035,181,4,1852.71,15.18
4979,4232,600,2,84.61,57.24
4980,401,520,4,1210.35,57.0
4981,4925,65,4,478.73,80.54
4982,4976,576,10,2354.32,81.18
4983,4180,157,1,1409.1,40.7
4984,4470,123,9,672.26,20.39
4985,4255,432,6,456.3,54.23
4986,4597,9,6,912.23,54.28
4987,4858,447,8,1255.61,45.73
4988,422,183,9,705.89,41.87
4989,1636,353,5,2338.2,52.96
4990,2240,29,7,1729.5,94.66
4991,3865,30,10,2202.97,57.68
4992,2095,149,8,1992.21,92.86
4993,4526,38,5,235.69,46.36
4994,1697,412,9,483.67,67.31
4995,3209,366,2,1913.93,37.52
4996,874,280,9,144.62,24.65
4997,2066,349,5,2408.34,32.44
4998,1543,177,7,2268.67,19.01
4999,3645,60,5,1271.92,7.04
5000,4859,387,8,1025.88,8.69
5001,3473,399,5,939.17,66.74
5002,4970,359,10,1181.78,4.91
5003,786,263,1,2173.39,93.89
5004,2781,428,3,38.64,92.17
5005,2883,178,9,452.61,76.05
5007,2358,547,5,1647.82,71.32
5008,544,546,7,282.27,28.42
5009,3615,413,8,1312.92,13.0
5010,4903,13,4,1591.95,91.13
5011,1918,49,10,559.67,35.52
5012,288,477,10,1176.3,42.38
5013,2437,7,5,1420.91,68.21
5014,2763,31,1,284.4,97.45
5015,2384,233,4,1868.38,98.17
5016,3989,296,8,1559.77,42.24
5017,4150,365,4,593.63,25.73
5018,1018,50,3,314.65,74.53
5019,1247,391,6,526.86,16.92
5020,4262,345,2,1179.52,51.43
5021,1156,33,9,935.73,29.04
5022,719,93,1,1301.0,39.26
5023,1350,409,9,574.87,30.34
5024,4471,95,2,714.19,43.84
5025,886,563,8,2278.24,82.16
5026,2915,106,3,1938.75,75.01
5027,1389,552,10,1405.28,14.02
5028,2213,215,7,1990.54,26.31
5029,856,545,4,1996.66,80.63
5030,1614,325,7,2477.08,47.25
5031,2340,341,4,1157.52,31.12
5032,2164,467,8,1492.71,20.21
5033,3623,76,10,328.84,19.02
5034,1188,111,8,835.57,27.04
5035,3596,252,3,1476.88,59.16
5036,166,278,8,1698.23,25.05
5037,4428,547,6,2259.92,8.38
5038,1236,250,7,926.02,75.2
5039,1046,518,1,1149.56,32.07
5040,4105,293,6,103.32,1.56
5041,31,591,3,1220.87,69.61
5042,3338,5,9,182.0,57.13
5043,3199,453,7,1435.04,82.27
5044,4043,551,10,1686.17,19.47
5045,4047,596,1,1302.43,4.15
5046,4371,188,10,2034.77,49.99
5047,1922,250,10,1305.62,87.97
5048,1551,414,2,2199.51,28.05
5049,670,343,9,1977.69,14.99
5050,3238,494,7,721.91,25.22
5051,1584,183,6,369.92,64.44
5053,2359,513,9,2182.99,84.25
5054,3067,592,1,834.78,47.91
5056,1810,464,4,2165.32,9.41
5057,2329,198,5,1693.73,65.94
5058,2015,473,1,2166.38,17.81
5059,4387,566,5,2167.64,82.69
5060,3435,325,10,1234.32,52.89
5061,3813,323,6,2105.48,10.91
5063,391,338,10,966.7,17.73
5064,4064,37,3,584.99,64.09
5065,1563,476,2,1340.84,88.79
5066,2530,11,1,1544.04,40.9
5067,1891,574,3,2387.73,36.21
5068,4807,194,6,446.4,99.85
5069,4344,137,1,1648.6,80.13
5070,4854,125,5,557.64,62.81
5072,1544,418,5,644.06,80.98
5073,808,384,7,2101.69,96.83
5074,1489,175,2,725.81,22.43
5075,4728,382,3,163.72,2.55
5076,1295,124,4,551.04,57.77
5077,4426,323,3,2316.88,83.74
5078,1529,507,2,591.3,3.62
5079,2202,87,3,987.48,9.31
5080,4758,348,2,566.92,14.2
5082,4426,91,3,1998.06,93.22
5083,988,312,4,1722.33,12.22
5084,4968,551,10,2173.38,48.55
5086,3564,457,4,2498.73,7.84
5087,11,309,5,1688.92,90.2
5088,225,417,9,663.29,34.79
5089,244,27,3,1544.23,18.84
5090,1561,444,3,1919.06,14.51
5091,4997,467,10,335.72,98.62
5092,2584,388,3,883.42,68.77
5093,775,436,8,1117.25,84.06
5094,2546,278,3,1765.72,9.69
5095,4723,462,1,335.2,79.78
5096,1353,317,4,1933.05,58.33
5097,1620,17,1,996.14,42.53
5098,4515,448,9,2070.37,57.44
5099,1118,145,1,1362.36,34.46
5100,1160,414,1,1878.17,42.86
5101,4259,262,7,806.04,6.07
5102,1065,170,6,862.71,54.07
5103,147,418,9,42.73,33.23
5104,3596,563,10,171.8,90.03
5105,3560,309,1,1535.31,46.1
5106,1193,596,2,318.4,40.02
5107,1998,229,9,683.84,99.83
5108,2440,214,4,62.08,63.68
5109,4138,523,7,1632.97,20.94
5110,1445,52,1,1263.42,68.76
5111,3278,265,1,851.67,52.36
5112,425,349,4,1347.41,35.82
5113,2987,81,6,1463.98,47.08
5114,4962,354,5,2358.34,25.11
5115,2465,577,5,1832.67,79.45
5116,2294,328,1,919.5,94.06
5117,4312,216,2,190.17,9.79
5118,4673,292,8,2323.41,58.37
5119,1506,526,5,599.11,62.4
5120,4104,471,10,2474.58,29.59
5121,4913,421,8,1856.14,0.35
5122,2628,350,5,67.87,96.57
5123,4354,389,5,1778.3,6.71
5124,4531,173,7,1270.54,91.81
5125,2756,578,1,1899.92,34.77
5126,4129,290,3,959.05,24.46
5127,3556,386,2,929.29,89.79
5128,3490,228,6,11.14,93.49
5129,1584,208,5,806.17,85.29
5130,3248,303,1,41.62,66.63
5131,2700,414,6,1421.7,84.93
5132,3630,216,5,857.11,95.5
5133,1599,393,3,2031.84,36.85
5134,2147,104,8,1645.24,12.26
5135,2982,427,7,1721.8,75.13
5136,112,407,8,539.44,38.28
5137,939,459,6,298.34,5.57
5138,3765,585,10,981.46,22.55
5139,4790,417,3,2323.68,22.66
5140,4921,177,5,1263.08,31.56
5141,4316,212,6,2498.1,59.85
5142,2374,71,5,1254.37,21.58
5143,458,119,4,142.52,46.98
5144,3915,393,9,1933.54,4.51
5145,2743,38,4,520.22,93.09
5146,2970,317,2,1531.31,88.65
5147,3218,112,1,1283.02,31.17
5148,4047,386,5,25.49,52.3
5149,3206,314,6,1078.46,83.67
5150,1661,174,4,2204.71,13.03
5151,1177,512,7,255.24,62.17
5152,1833,420,3,974.33,94.78
5153,1898,58,7,950.88,68.03
5154,1301,510,1,1704.7,75.78
5155,3656,423,4,197.2,25.88
5156,3847,122,7,1047.52,2.8
5157,902,131,3,2046.04,25.54
5158,2780,460,10,443.99,68.91
5159,3731,441,10,684.5,71.78
5160,2468,538,3,1594.45,2.58
5161,2787,490,10,1286.95,7.1
5162,4255,18,9,1232.86,1.26
5163,2874,404,4,1912.89,96.94
5164,2036,42,1,1336.66,32.82
5165,4449,395,10,153.19,56.87
5166,4486,373,3,1047.57,57.2
5167,1592,14,2,2360.07,83.14
5168,2937,541,10,968.42,55.53
5169,451,304,1,1926.79,9.77
5170,3325,101,7,511.01,0.36
5171,4311,358,4,492.61,93.56
5172,106,298,2,1964.83,78.64
5173,50,323,9,2114.18,47.85
5174,4774,536,5,1775.68,48.48
5175,2074,55,9,431.46,76.32
5176,546,221,4,1350.77,59.84
5177,1884,347,3,1676.85,75.63
5178,2758,555,5,2264.63,87.88
5180,2641,136,10,995.57,76.64
5181,3648,531,6,434.38,29.51
5182,3560,220,7,127.03,11.05
5183,3369,201,9,2078.59,61.73
5184,732,472,7,613.45,75.42
5185,4587,361,4,996.03,62.93
5186,2732,459,7,108.73,72.88
5187,2698,35,1,2105.29,24.24
5188,3510,158,4,1527.44,20.12
5189,1014,245,6,662.09,19.44
5190,725,178,6,51.29,98.47
5191,1055,71,8,555.81,53.48
5192,1532,544,1,1532.24,76.65
5193,1164,259,9,931.42,30.97
5194,1911,123,6,1692.39,5.01
5195,456,490,7,83.97,76.57
5196,4499,588,10,1096.04,30.6
5197,2646,232,4,701.61,95.31
5198,3330,116,8,2351.17,36.27
5199,3190,20,7,1025.42,95.78
5200,646,249,1,1716.12,21.31
5201,1868,409,3,1247.54,42.73
5202,322,556,5,225.02,59.46
5203,235,213,1,1814.15,27.18
5204,1195,520,3,1800.54,34.34
5205,2250,140,9,736.72,94.41
5206,817,79,6,1651.45,52.54
5207,4791,164,9,191.67,6.52
5208,3093,508,5,1380.53,52.81
5209,2166,396,4,952.54,92.54
5210,3271,544,8,330.48,20.77
5211,1711,484,1,46.4,90.06
5212,2381,443,8,2124.01,26.88
5213,139,538,9,1300.35,16.71
5214,2177,346,8,1954.1,25.37
5215,4194,553,9,2376.13,62.87
5216,4763,273,3,591.18,54.39
5217,3730,271,6,1864.86,59.01
5219,235,480,1,925.36,71.48
5220,1879,566,4,2178.16,76.65
5221,3471,10,8,2392.6,86.17
5222,327,528,5,606.78,98.03
5223,4306,599,6,2226.71,29.98
5224,1772,527,4,1616.92,0.83
5225,3367,237,6,636.92,79.01
5226,3173,508,2,1261.97,25.77
5227,4540,64,8,868.34,68.52
5228,1075,600,5,437.09,51.47
5229,2352,560,5,26.57,44.81
5230,793,519,6,1436.98,9.78
5231,3937,399,1,1917.69,39.98
5232,3113,68,10,1378.96,27.96
5233,4081,65,2,657.65,66.19
5234,2558,122,9,84.47,40.12
5235,3372,183,4,2111.26,42.29
5236,2787,505,1,1361.66,41.45
5237,4520,393,4,1053.52,46.02
5238,231,225,4,2303.09,86.54
5239,1364,284,2,810.64,42.95
5240,3953,592,6,2392.0,85.77
5241,830,558,5,1699.18,6.63
5242,1667,163,10,1207.33,41.9
5243,4368,60,3,1282.51,91.59
5244,3062,429,8,38.04,16.44
5245,4175,21,4,698.32,70.81
5246,4021,188,4,330.95,19.01
5247,4427,101,8,265.52,13.4
5248,3656,67,10,1263.79,7.05
5249,3619,453,5,1169.62,11.92
5250,2588,204,4,1313.79,59.39
5251,3807,524,7,1879.98,88.05
5252,4701,68,2,1419.35,55.85
5253,2200,38,5,2094.98,43.37
5254,1841,341,1,1657.61,89.76
5255,3806,289,9,1589.08,21.23
5256,4171,323,5,1939.66,54.86
5257,2454,372,3,1575.04,92.36
5258,3184,479,3,1677.63,43.35
5259,4266,420,6,1028.4,51.7
5260,1742,134,5,1684.39,81.63
5261,1662,501,4,517.26,80.3
5262,426,533,7,250.71,63.56
5263,4675,62,5,1922.15,14.58
5264,3831,240,9,897.77,58.16
5265,763,324,10,1196.51,66.8
5266,2107,283,7,1781.7,82.7
5267,3549,82,3,2016.1,1.26
5268,4183,459,6,78.14,12.02
5269,2343,437,1,2494.27,37.26
5270,1033,156,2,888.35,15.36
5271,3399,157,5,2097.52,95.25
5272,2870,267,1,924.04,41.46
5273,442,195,7,1106.55,4.8
5274,419,580,1,2265.7,97.53
5275,2991,496,6,1944.49,35.33
5276,1058,351,9,1940.31,45.31
5277,3760,96,5,2438.69,47.56
5278,4558,359,2,2135.76,69.65
5279,513,484,7,2106.42,54.65
5280,2696,518,9,1905.65,35.94
5281,4330,440,10,356.12,60.2
5282,468,516,8,1623.2,6.77
5283,2824,412,6,2467.04,87.78
5285,2388,46,2,1091.19,32.85
5286,4848,40,7,2026.85,19.37
5287,4440,427,8,2485.45,87.59
5288,1682,85,5,144.65,79.03
5289,1421,223,8,1182.44,96.48
5290,3470,142,4,2254.34,11.07
5291,761,150,5,990.49,1.8
5292,1286,132,6,1013.33,58.8
5293,428,97,4,2479.57,23.21
5294,2061,522,3,2049.8,43.71
5295,4851,513,1,991.03,13.1
5296,4514,19,9,513.31,58.81
5297,1574,374,9,1478.81,19.19
5298,1530,439,6,631.57,90.85
5299,4287,543,5,2254.16,29.7
5300,4980,534,10,1250.92,11.28
5301,987,504,4,379.97,76.18
5302,1844,188,9,1761.99,84.25
5303,1667,543,6,1185.96,37.25
5304,2306,28,6,1994.83,33.55
5305,2883,197,5,465.41,98.02
5306,333,489,4,95.19,84.98
5307,961,285,5,1689.43,1.26
5308,3867,565,8,1153.22,56.5
5309,1669,392,8,2288.9,0.05
5310,2489,351,6,1250.28,28.2
5311,1887,478,8,544.39,20.76
5312,4715,354,7,510.79,14.72
5313,3902,124,5,416.93,15.9
5314,599,298,10,1626.55,63.71
5315,1329,48,4,159.73,9.64
5316,4186,383,3,596.97,31.2
5317,3969,18,1,1274.93,57.59
5318,4991,484,4,64.96,43.53
5319,1682,506,5,681.09,57.47
5320,1068,439,8,2093.21,90.51
5321,2154,408,7,182.42,33.09
5322,1997,115,10,1368.97,2.3
5323,4990,292,5,2466.51,32.76
5324,2732,600,6,690.28,1.28
5325,2705,430,1,1587.49,99.63
5326,3156,78,8,54.17,36.2
5327,4909,102,1,1218.79,10.49
5328,2005,452,10,381.74,88.64
5329,2148,7,8,1399.41,55.78
5330,3617,373,5,1645.4,7.49
5331,2380,331,2,2361.74,74.79
5332,1999,542,7,334.71,53.46
5333,3784,2,7,110.93,45.51
5334,4524,562,2,1043.64,78.5
5335,4024,362,9,1228.96,9.6
5336,1533,199,9,139.44,43.91
5337,4500,417,6,2068.28,9.41
5338,2066,103,6,1860.77,19.65
5339,1674,165,1,418.6,40.78
5340,3442,439,7,1225.4,61.61
5341,696,313,9,1786.51,72.36
5342,4122,182,1,1495.82,20.12
5343,1448,447,9,786.92,59.63
5344,4581,56,3,584.97,34.65
5345,3530,323,3,1609.44,52.62
5346,4765,189,8,868.93,53.12
5347,3403,544,7,276.62,22.25
5348,1217,336,6,354.59,4.86
5349,4420,110,2,2222.54,91.78
5350,3934,218,4,1317.06,93.84
5351,627,146,9,424.48,13.62
5352,3403,359,4,2361.12,94.98
5353,260,454,2,2008.54,27.28
5354,386,357,3,1762.65,3.44
5355,4979,473,10,300.7,50.44
5356,1011,86,9,2429.44,6.32
5358,622,117,6,2441.04,90.54
5359,2716,62,8,2471.49,18.17
5360,1599,580,8,146.91,48.5
5362,881,96,8,88.47,36.99
5363,3125,551,5,1259.2,99.96
5364,3355,66,8,114.91,34.93
5365,2424,553,4,1809.75,33.93
5366,1305,479,10,845.86,22.78
5367,2468,485,7,1539.13,61.77
5368,1881,198,1,2353.85,66.05
5369,111,592,5,2128.0,89.37
5370,3455,197,9,2297.66,37.71
5371,3024,541,5,2349.79,50.6
5372,3041,359,2,1131.01,8.49
5373,3698,370,1,1186.17,99.7
5374,3784,74,7,155.29,81.17
5375,277,292,7,439.64,76.13
5377,537,330,3,1560.26,95.86
5379,509,534,7,800.87,26.06
5380,498,450,8,750.91,52.49
5381,2505,243,5,1909.16,26.22
5382,1378,410,7,1003.15,41.41
5383,2817,99,4,1466.95,69.66
5384,1870,548,2,2201.64,23.32
5385,2493,82,5,803.93,33.72
5386,1305,474,3,1158.27,99.36
5387,3028,547,8,1547.45,96.39
5388,3214,24,7,155.53,20.5
5389,4036,514,2,1117.75,80.08
5390,4962,473,9,1668.19,52.45
5391,1979,60,10,1439.9,92.26
5392,1154,328,8,1390.0,4.86
5393,44,425,1,2361.08,63.34
5394,2228,419,1,1764.92,66.67
5395,16,427,1,1297.08,2.63
5396,3029,161,3,2155.51,52.09
5397,3769,573,10,665.68,44.19
5398,943,596,1,76.78,99.97
5399,854,508,2,1125.0,13.67
5400,3608,235,8,90.11,84.59
5401,1595,58,6,298.58,59.09
5402,4317,438,6,712.73,1.96
5403,2601,47,9,434.72,8.24
5404,2407,278,8,2098.65,12.03
5405,2935,54,6,553.43,47.34
5406,255,11,6,1215.68,55.47
5407,1221,447,4,1349.41,82.65
5408,1184,111,2,2276.74,80.71
5409,1422,50,7,1214.57,92.27
5410,4691,374,7,1783.52,49.24
5411,4142,444,8,2213.94,78.52
5412,129,28,8,1096.2,59.53
5413,4217,460,4,2008.75,64.33
5414,1213,216,10,307.42,34.66
5416,2704,470,2,186.63,61.88
5417,3358,436,10,1800.8,48.39
5418,4156,88,7,1319.3,51.01
5419,3095,23,4,1058.18,65.01
5420,2912,350,8,1725.39,89.21
5421,4700,201,6,1527.47,80.28
5422,1308,430,8,672.44,5.83
5423,2210,280,9,774.13,27.46
5424,4276,343,3,1722.61,85.08
5425,696,58,10,1282.94,45.25
5426,3578,387,8,1822.13,24.7
5427,1595,520,8,180.64,42.41
5428,500,10,9,1174.54,73.05
5429,3218,337,9,2221.11,23.33
5430,1083,404,1,2032.99,58.51
5431,1118,137,9,662.82,92.02
5432,1795,318,7,2041.49,49.44
5433,1818,105,7,65.46,62.5
5434,2979,203,7,207.55,12.33
5435,871,559,6,2362.31,77.2
5436,3736,120,6,1732.68,40.25
5437,3574,366,5,2148.69,36.62
5438,1505,594,5,218.85,6.22
5439,3697,199,8,1066.52,36.31
5440,1308,81,8,1759.89,29.94
5441,3652,443,9,1603.43,30.08
5442,1116,125,6,1699.34,95.78
5443,681,254,2,1460.81,37.85
5444,392,173,4,1970.87,50.17
5445,3980,181,10,454.99,1.64
5446,629,221,2,2367.32,2.77
5447,3381,532,4,1880.88,59.03
5448,1154,507,10,1405.73,42.64
5449,4017,193,8,431.33,28.99
5450,4689,339,8,2381.05,36.56
5451,3565,554,10,640.08,15.73
5452,348,267,8,181.89,73.11
5453,4096,114,9,1220.25,38.52
5454,2349,279,10,781.83,64.62
5455,3101,219,9,2350.85,17.36
5456,91,318,8,427.18,68.16
5457,2222,481,6,2375.38,16.52
5458,723,393,1,1393.39,53.68
5459,1485,277,7,361.13,61.87
5460,3587,402,10,1736.77,96.77
5461,4652,581,4,1345.65,57.75
5462,2790,588,9,137.6,50.21
5463,4783,318,5,1286.71,27.57
5464,945,69,5,2169.78,52.19
5465,3288,463,4,123.69,1.8
5466,4932,220,2,1354.32,26.53
5467,241,406,4,620.92,84.96
5468,4605,382,8,101.18,12.77
5469,2033,315,7,124.59,28.19
5470,2677,21,5,1890.7,47.6
5471,502,9,3,189.7,36.61
5472,1951,334,1,1130.24,11.51
5473,3865,498,2,69.51,83.93
5474,4267,507,6,1497.71,13.52
5475,4803,173,9,1489.57,90.83
5476,1014,83,4,1643.21,95.81
5477,371,57,5,1959.07,25.2
5478,4396,259,3,537.81,95.91
5479,1745,328,8,948.77,96.62
5480,1193,293,10,2049.21,17.22
5481,3472,294,3,2331.21,14.92
5482,1797,313,4,1869.1,15.86
5483,1777,185,7,348.99,65.85
5484,4087,363,6,1323.9,30.52
5485,587,468,5,555.23,62.32
5486,686,528,9,1881.36,71.83
5487,1175,296,10,1831.6,86.33
5488,1398,448,3,2453.12,35.62
5489,1319,141,10,1286.75,50.83
5490,1806,502,3,1923.15,61.78
5491,4966,181,1,1531.41,40.75
5492,680,283,8,2349.17,34.36
5493,2240,314,10,360.82,99.58
5494,4008,151,8,1076.62,18.82
5495,2079,546,4,540.86,48.52
5496,3666,225,6,1236.53,34.03
5497,1605,79,4,276.7,90.85
5498,933,149,7,2151.44,42.01
5499,3099,456,6,2276.88,83.93
5500,878,491,1,243.08,62.21
5501,1828,236,2,1975.27,22.65
5502,3047,345,6,52.61,20.58
5503,451,249,9,1824.47,8.32
5504,1138,25,4,2337.67,63.5
5505,681,467,3,579.0,81.9
5506,3524,41,3,2404.66,39.68
5507,4558,424,7,1058.79,0.07
5509,4175,464,4,788.73,42.92
5510,4664,340,2,1439.64,96.16
5511,1055,539,2,769.93,64.97
5512,2621,15,9,2040.67,24.48
5513,1053,398,8,1520.44,84.82
5514,1029,57,7,1745.07,8.18
5515,108,406,4,2093.85,78.04
5516,4920,402,4,2284.73,96.62
5517,4572,387,2,956.61,88.4
5518,2777,96,2,2486.68,38.53
5519,2730,151,5,487.77,41.54
5520,4874,484,6,1408.02,43.25
5521,122,4,1,711.71,0.31
5522,329,14,3,2069.64,50.4
5523,1555,577,9,211.36,69.42
5524,2009,121,5,2203.75,82.65
5525,4242,542,6,1616.94,60.05
5526,67,319,2,2184.74,73.59
5527,1187,244,3,1846.71,12.45
5528,171,504,1,379.22,98.82
5529,1695,545,9,436.83,12.64
5530,2965,102,2,24.16,41.5
5531,4912,502,1,2021.54,30.25
5532,2307,159,8,1752.1,58.16
5533,3321,437,8,1680.04,24.11
5534,2540,343,1,510.84,59.68
5535,1759,393,5,824.31,80.84
5536,2118,494,3,1941.16,17.86
5538,3052,41,8,1458.1,27.32
5539,2126,527,5,563.13,49.56
5540,1755,426,5,32.62,98.95
5541,4199,486,7,2365.81,78.35
5542,254,497,7,508.25,16.26
5543,4467,268,6,1331.29,40.29
5544,268,105,10,2057.71,78.77
5545,835,7,10,367.55,32.13
5546,1037,178,8,2473.26,20.87
5547,2759,543,4,1079.14,21.43
5548,1866,299,3,2272.35,13.11
5549,137,125,7,653.77,27.47
5550,45,372,3,958.77,39.05
5551,3703,432,6,41.28,76.49
5552,1240,366,2,2458.92,48.6
5553,1022,29,4,1358.2,23.45
5554,4194,577,10,2209.8,69.81
5556,86,154,7,2066.57,39.24
5557,4583,354,9,286.25,62.66
5558,3475,438,8,295.18,28.03
5559,4520,334,7,1965.86,58.57
5560,3505,578,7,402.43,43.3
5561,329,188,10,1379.84,16.01
5562,3364,285,8,2483.62,54.48
5563,2568,480,6,953.83,29.44
5564,1404,42,8,129.07,19.16
5565,2966,164,7,2426.83,74.11
5566,3974,133,9,1691.51,17.29
5567,3437,376,1,575.97,87.56
5568,4035,64,3,2451.54,80.98
5569,4055,466,8,1435.12,19.29
5570,389,149,1,1806.44,4.9
5571,1645,50,1,2301.85,48.58
5572,229,95,10,334.13,8.9
5573,1479,253,6,1261.52,30.89
5574,3036,347,10,34.41,80.16
5575,4565,127,3,136.48,19.99
5576,2334,283,10,1867.11,5.38
5577,3125,278,7,1768.03,43.29
5578,270,432,10,813.22,39.9
5579,3288,327,2,2176.5,25.01
5580,3953,39,8,688.71,78.48
5581,978,373,2,369.68,55.49
5582,4331,505,8,1996.12,76.72
5583,2795,278,1,2281.56,5.6
5584,2790,487,10,1002.2,66.83
5585,960,191,9,493.44,32.4
5586,1586,220,5,1081.12,96.38
5588,263,457,1,623.75,23.73
5589,4400,45,7,612.42,43.44
5590,3567,17,10,1127.61,60.62
5591,3536,23,5,120.39,33.52
5592,4784,594,4,703.62,98.04
5593,4979,70,5,1635.97,38.88
5594,1530,573,6,1102.33,69.88
5595,1417,143,3,2361.59,33.63
5596,2496,110,6,1553.73,26.09
5597,357,534,6,1587.74,61.24
5598,1902,426,7,590.02,1.32
5599,3119,81,2,2277.77,56.57
5600,1620,255,2,950.45,29.15
5601,2202,225,3,480.27,74.07
5602,2187,384,7,1961.28,9.53
5603,2240,426,5,2277.11,79.07
5604,3360,565,3,292.36,97.64
5605,3381,478,10,761.14,75.13
5606,4814,259,8,1432.17,43.89
5607,240,434,10,50.88,73.38
5608,813,143,9,866.54,85.58
5609,4350,170,7,2377.48,26.55
5610,3588,69,9,787.07,5.14
5611,4987,402,7,2041.43,3.29
5612,155,187,1,2106.48,67.94
5613,3453,311,8,1992.8,44.49
5614,3356,30,5,214.34,34.13
5615,3576,422,2,344.92,41.22
5616,1153,381,10,175.48,79.21
5617,241,180,3,961.17,10.92
5618,1247,539,5,2303.82,66.29
5619,4801,499,8,1308.45,88.61
5620,4322,76,4,1521.48,89.95
5622,320,44,6,1865.42,64.9
5623,1123,96,8,1122.04,26.66
5624,1480,42,2,2445.24,34.66
5625,4124,299,9,178.05,99.81
5626,1380,385,7,1579.12,76.78
5627,1816,309,4,1466.99,42.4
5628,4185,164,8,1563.46,94.41
5629,4830,242,3,1364.83,34.26
5630,1788,125,3,2379.47,31.11
5631,650,82,3,912.59,98.28
5632,4768,463,8,1578.48,87.12
5633,4682,547,1,1659.35,94.1
5634,1425,18,4,953.12,3.56
5635,2540,251,4,1895.98,16.69
5636,628,134,9,2086.45,66.46
5637,3753,535,10,2302.66,27.03
5639,2303,183,9,1110.19,0.45
5640,428,104,1,1337.55,87.79
5641,3427,558,1,500.78,75.07
5642,458,82,3,296.55,17.28
5643,720,426,9,1356.3,3.44
5644,1408,532,8,270.68,57.42
5645,263,466,6,1232.03,7.42
5646,152,442,9,1053.82,89.75
5647,3488,371,1,2211.24,23.33
5648,1230,446,1,1710.05,49.31
5649,1105,469,7,1118.02,23.4
5650,2712,266,10,2195.29,67.91
5651,603,553,7,1023.83,51.72
5652,1411,119,5,1272.54,57.65
5653,423,26,10,2198.49,67.6
5654,1285,596,5,673.66,79.73
5655,3286,105,9,1025.1,41.11
5656,3049,475,2,100.41,4.95
5657,1286,62,1,2326.91,79.75
5658,3578,412,4,810.81,66.84
5659,4985,345,8,2463.14,33.14
5660,1564,272,3,182.28,22.97
5661,589,476,7,968.03,49.65
5662,1218,497,4,434.08,83.67
5663,1568,353,1,1535.01,21.9
5664,2948,77,3,1660.03,4.65
5665,4946,111,10,444.91,86.15
5666,2240,536,9,2317.44,43.25
5667,795,1,4,483.25,32.63
5669,2079,350,3,2105.04,58.04
5670,2949,386,9,572.18,65.74
5671,2258,401,6,1371.63,11.35
5672,1575,49,7,32.54,86.73
5673,3814,353,4,1201.22,75.28
5674,2714,66,1,1740.13,82.88
5675,3731,507,1,2196.9,54.08
5676,4313,190,4,1032.08,29.07
5677,2912,374,5,1126.07,89.24
5678,360,140,2,2478.7,86.62
5679,3633,318,9,2122.19,18.27
5680,581,280,6,1313.23,96.25
5681,2865,135,3,1553.23,67.93
5682,4989,508,6,1423.05,27.56
5684,2315,592,7,2042.5,44.46
5685,2712,174,3,2181.18,18.93
5686,1133,193,3,90.55,52.14
5687,599,140,10,413.62,96.89
5688,3605,108,10,2426.36,99.31
5689,1217,253,1,1433.24,11.61
5690,4829,58,3,163.7,56.85
5691,3956,267,1,1563.44,90.74
5692,4174,208,10,359.81,56.63
5693,4838,437,2,2217.42,83.78
5694,1452,304,8,1561.04,7.33
5695,4990,229,7,1988.75,72.15
5696,3796,425,9,366.16,95.57
5697,3189,452,5,1520.92,91.39
5698,3979,568,8,447.24,64.79
5699,229,57,3,1016.9,51.3
5700,3224,298,5,452.48,49.96
5701,3622,397,4,485.03,98.05
5702,3761,198,9,251.87,8.54
5703,1478,322,4,1408.5,46.98
5704,2383,320,6,2499.3,11.99
5705,905,383,3,2331.12,7.78
5706,1797,242,7,2445.31,72.49
5707,2391,441,10,19.52,51.74
5708,3622,305,5,93.53,13.33
5709,376,112,9,1289.25,62.41
5710,3999,23,10,1356.38,25.41
5711,1309,502,2,1134.64,10.6
5712,1329,506,6,810.64,1.41
5713,3487,85,4,2129.72,82.69
5714,465,408,3,2104.68,77.47
5715,1409,519,3,2453.82,64.22
5716,3739,577,10,1561.27,86.71
5717,1738,27,2,1192.38,99.07
5718,4912,415,7,1149.34,10.97
5719,3536,449,8,1315.45,38.08
5720,775,278,7,169.64,79.5
5721,2979,595,3,1237.53,5.43
5722,910,142,4,1135.57,66.78
5723,2903,127,3,1934.7,80.04
5724,3303,158,1,1152.16,10.93
5725,2071,582,7,1556.38,55.42
5726,4000,533,5,1041.23,9.23
5727,2292,10,8,816.87,54.19
5728,3341,109,2,325.36,37.75
5729,3850,13,8,274.91,26.62
5730,830,376,9,1320.64,85.83
5731,1029,505,10,1391.37,9.81
5732,4882,519,3,591.9,71.81
5733,629,504,10,2219.74,66.54
5734,3446,273,4,405.35,31.61
5735,1095,401,2,175.72,0.69
5736,4321,155,2,1203.23,31.53
5737,4644,574,6,1760.09,97.65
5738,3827,234,7,2345.18,15.68
5739,1327,447,5,1654.56,77.13
5740,713,269,8,2311.8,82.01
5741,3980,275,6,605.99,3.74
5742,3327,146,8,1920.79,48.53
5743,4330,315,7,1309.12,2.81
5744,965,235,6,208.26,2.33
5745,364,158,7,1536.17,86.07
5746,2733,121,3,513.73,72.75
5749,2986,2,6,2403.29,64.16
5750,1206,441,4,437.35,22.68
5753,456,385,3,2253.41,51.67
5754,4875,266,8,1794.94,52.53
5755,1751,19,1,1182.93,79.24
5756,3088,314,1,113.32,2.24
5757,869,382,8,1316.63,49.52
5758,2351,24,6,1586.42,49.54
5759,2590,379,5,2472.4,1.7
5760,3398,265,6,772.37,37.62
5761,4689,188,4,248.68,55.49
5762,2545,171,2,2121.75,71.59
5763,1602,411,1,920.95,74.44
5764,612,437,2,135.26,64.06
5765,2711,433,3,1237.5,59.63
5766,1102,310,3,581.09,27.8
5767,4450,67,2,2124.38,52.29
5768,3189,370,1,2404.79,64.98
5769,2448,418,9,1536.24,65.7
5770,4773,228,2,2047.33,38.15
5771,3924,282,8,2466.31,17.04
5772,3879,439,3,1219.34,67.83
5773,3886,73,5,1351.64,56.47
5774,4938,54,2,642.34,53.98
5775,1152,534,9,1901.99,71.44
5776,2684,494,6,261.48,18.4
5777,687,86,1,1820.11,92.97
5778,4775,344,2,580.63,33.5
5779,2361,123,3,419.75,42.41
5780,372,436,7,1408.48,32.65
5781,356,4,7,1773.01,51.5
5782,563,72,6,2086.47,71.51
5784,2747,379,2,2182.7,25.43
5785,3654,94,3,1617.59,6.46
5786,2932,140,1,2184.62,53.61
5787,3538,520,7,2353.69,2.14
5789,4112,378,2,2079.91,73.37
5790,769,207,7,1220.78,81.51
5791,1046,172,9,530.14,30.29
5792,1876,426,9,1063.9,3.32
5793,2195,558,10,865.14,98.99
5794,4886,458,10,829.82,80.87
5795,2840,501,3,104.69,5.68
5796,2374,291,7,2156.76,19.29
5797,267,555,3,229.32,9.32
5798,4878,421,1,453.23,68.56
5799,3553,94,10,494.94,9.31
5801,1017,154,10,2487.73,61.96
5802,3165,38,10,132.43,71.63
5803,2687,458,8,2314.76,36.18
5804,1544,590,6,1712.62,49.67
5805,516,289,5,2088.51,45.66
5806,57,594,6,847.33,60.23
5807,238,321,9,1495.28,77.28
5808,145,221,1,2055.35,38.98
5809,1098,349,7,1835.67,5.47
5810,2033,26,2,1277.87,81.25
5811,1329,283,4,1031.61,92.48
5812,3441,567,7,1635.0,92.1
5813,3481,301,8,233.53,50.8
5814,544,8,10,1179.92,15.61
5815,3555,508,10,436.05,28.38
5816,946,350,9,2112.04,44.8
5817,2320,588,4,240.99,80.71
5818,433,239,2,1635.4,95.07
5819,335,343,8,2207.45,22.69
5820,2524,288,4,618.36,48.78
5821,3520,214,8,1011.58,55.85
5822,1508,520,6,1003.46,20.5
5823,1905,258,10,2456.81,8.0
5824,1122,365,2,1052.2,79.09
5825,404,442,7,2373.9,29.69
5826,212,354,4,744.44,75.12
5827,3030,103,7,697.09,14.08
5828,1158,348,9,1021.91,98.17
5829,2030,38,4,165.5,80.74
5830,1271,286,3,2154.74,7.26
5831,3012,361,8,1761.94,42.9
5832,3961,298,8,2365.2,78.56
5833,838,595,2,2305.47,15.9
5834,1946,430,7,27.8,58.76
5835,3039,373,1,259.41,9.37
5836,4658,552,4,1076.71,54.12
5837,4875,303,7,260.02,22.52
5838,3104,461,8,761.28,24.92
5839,3240,260,8,2488.95,13.67
5840,2981,70,7,1092.36,95.35
5841,666,308,2,669.35,73.8
5842,2554,340,9,2104.02,5.67
5843,2227,106,3,863.1,43.31
5844,3030,582,3,356.81,13.64
5845,1502,10,2,1181.07,27.48
5846,4244,395,2,417.38,82.47
5847,1550,135,8,1597.57,88.67
5848,946,170,6,1912.42,73.94
5849,469,276,7,1744.16,89.73
5850,4566,599,1,2271.5,73.47
5851,344,68,9,1180.47,7.62
5852,4368,271,6,1619.3,88.66
5853,2319,266,8,1990.66,6.21
5854,2047,93,6,2436.24,67.08
5855,3420,307,3,1461.94,18.58
5856,2434,316,3,1948.15,63.32
5857,1817,516,6,1449.23,20.88
5858,2294,599,8,808.37,71.01
5859,2615,205,4,1822.84,47.54
5860,1292,422,5,1899.3,6.31
5861,1977,353,5,313.35,35.94
5862,3315,138,5,980.57,32.29
5863,2976,364,4,881.01,50.02
5864,4337,580,10,1898.26,6.24
5865,2065,281,5,1864.94,57.72
5866,4979,108,9,317.95,86.37
5867,448,546,2,2052.43,14.49
5868,858,438,2,261.99,91.84
5869,2921,94,8,1901.76,57.47
5870,819,31,4,378.53,63.79
5871,2036,224,10,2459.25,14.35
5872,1158,513,6,247.8,99.25
5873,4477,562,8,1655.86,53.84
5874,2919,262,2,1311.98,3.71
5875,4556,55,4,152.58,93.24
5876,4253,80,7,793.25,20.89
5877,3097,160,4,373.55,87.59
5878,1728,395,4,697.26,42.94
5879,2547,442,6,2317.57,69.54
5880,1176,16,10,913.17,52.3
5881,3830,218,9,384.18,46.33
5882,467,493,2,2250.02,16.56
5883,1528,216,10,2306.05,3.98
5884,3424,150,10,1135.75,89.25
5885,275,499,3,38.08,13.53
5887,1068,150,9,1202.65,67.93
5888,1834,65,9,1242.43,87.77
5889,3961,211,9,690.05,99.83
5890,3928,414,4,1103.64,90.83
5891,1555,453,4,1418.5,40.49
5892,4551,41,8,515.21,44.34
5893,4711,591,2,1445.5,68.43
5894,723,191,6,490.98,33.65
5895,1429,202,9,1603.22,27.18
5896,300,556,10,558.21,4.87
5897,3020,238,3,997.16,30.89
5898,3881,502,5,1106.03,63.38
5899,4639,283,6,312.33,53.62
5900,44,555,7,1454.49,52.59
5901,507,198,9,423.82,43.89
5902,4316,67,7,1194.77,35.53
5903,2750,236,6,1505.82,6.63
5904,2878,330,3,355.09,32.1
5905,1577,53,1,1364.79,68.89
5906,3897,420,8,136.26,17.45
5907,1630,256,9,341.78,79.15
5908,4104,215,6,1577.18,20.82
5909,1029,524,4,2062.52,52.48
5910,2224,230,7,2399.7,38.46
5911,4350,534,5,594.38,39.22
5912,936,450,9,1833.41,31.66
5913,326,301,7,1788.5,46.47
5914,4187,530,2,41.71,66.86
5915,2830,74,10,2117.01,23.24
5916,2257,168,10,1416.68,44.8
5917,3660,259,4,983.73,80.77
5918,4413,387,7,748.25,83.79
5919,3734,562,1,1728.13,9.89
5920,4927,264,8,1553.06,47.12
5921,2621,525,6,2230.83,55.26
5922,4911,67,3,1029.2,14.5
5923,826,292,1,2388.75,11.9
5924,1048,244,6,599.85,20.63
5925,4086,184,4,1456.34,3.48
5926,2514,504,8,2171.34,73.9
5927,976,367,10,2434.04,19.56
5928,3008,151,8,2345.93,3.46
5929,1385,21,1,2391.32,90.87
5930,1610,596,1,1708.17,82.63
5931,18,211,3,144.51,50.48
5932,543,420,4,1969.13,14.76
5933,3300,104,10,374.8,91.41
5934,4387,126,8,2112.98,16.59
5935,962,432,4,2448.39,82.6
5936,4921,190,1,1700.51,67.4
5937,654,90,7,736.85,2.15
5938,2865,215,3,2483.22,99.33
5939,454,165,1,1152.88,41.28
5940,4472,104,8,430.12,69.09
5941,2011,136,9,555.79,93.74
5942,1196,211,5,1676.58,8.53
5943,4235,113,8,2315.16,17.77
5944,1312,487,2,1043.73,65.14
5945,177,490,6,1066.06,6.76
5946,3348,224,5,2163.9,5.5
5947,1535,85,3,2268.12,37.73
5948,2159,71,2,2452.94,74.76
5949,2635,346,7,2375.47,18.63
5950,2087,66,1,1734.3,78.66
5951,3075,100,5,2468.24,30.73
5952,3808,3,7,1565.28,21.78
5953,4982,531,9,2056.8,80.4
5954,1389,250,3,1782.37,97.48
5955,4896,565,8,1425.01,37.06
5956,2901,68,5,1245.66,12.18
5957,748,161,6,310.68,37.41
5958,2164,573,6,1444.8,24.97
5959,4138,484,1,316.8,1.31
5960,4553,536,2,2393.76,30.87
5961,1486,68,2,1654.84,38.5
5962,38,436,1,1727.56,4.85
5963,3194,483,3,676.01,41.84
5964,4189,26,10,492.45,57.14
5965,1908,221,4,1741.79,30.39
5966,3619,320,4,1444.75,54.18
5967,3995,86,8,1232.68,10.72
5968,4274,590,6,1729.52,25.27
5969,2145,402,3,1472.23,23.27
5970,825,334,9,2301.7,59.53
5972,3529,162,1,58.52,28.28
5973,913,356,3,371.8,45.05
5974,416,70,4,1650.15,82.0
5975,1686,188,8,718.95,47.72
5976,2799,571,6,2371.96,98.8
5977,4975,409,10,1920.45,87.97
5978,1556,106,4,1890.36,56.9
5979,838,553,3,1937.55,51.01
5980,3745,248,9,1984.41,28.91
5981,4498,364,2,1573.04,70.04
5982,4225,446,5,1771.72,33.97
5983,3881,63,9,241.78,32.97
5984,1092,505,5,108.52,96.01
5985,3730,161,6,96.62,85.79
5986,1920,425,1,1947.48,81.01
5987,4721,443,10,690.75,31.35
5988,1444,33,4,264.82,46.89
5989,649,168,7,2187.99,57.16
5990,569,380,5,559.58,0.21
5991,4045,58,10,2014.28,19.34
5992,424,420,7,1617.49,76.81
5993,2118,286,3,1141.08,1.17
5994,3514,482,10,657.33,1.35
5995,1908,159,2,2236.65,35.66
5996,2987,341,7,1732.25,44.41
5997,3341,527,6,315.41,16.27
5998,2931,430,1,2101.0,68.64
5999,399,259,6,60.82,79.82
6000,4879,209,5,1331.71,15.79
6001,3895,371,8,1518.93,21.46
6002,1443,293,6,426.39,55.86
6003,1061,253,5,1723.83,54.48
6004,3863,65,1,101.35,20.13
6005,1001,559,9,1083.62,80.99
6006,4786,352,4,1925.32,19.09
6007,4090,80,6,342.77,55.87
6008,4156,270,1,1887.93,86.86
6009,3801,7,9,636.64,61.33
6010,934,561,2,1633.12,21.92
6011,2677,105,4,1421.8,32.86
6012,1151,194,10,2104.82,30.47
6013,4641,251,1,2360.12,55.3
6014,1992,202,10,533.0,67.95
6015,1883,335,8,1865.99,5.9
6016,4800,544,9,1509.71,33.95
6017,4240,550,9,40.02,94.48
6018,2804,421,6,1225.5,40.34
6019,1499,474,3,505.28,3.72
6020,3795,40,4,701.93,52.39
6021,1152,544,1,2283.33,4.49
6022,4431,112,5,1513.42,62.05
6023,1758,201,5,1592.55,45.53
6024,1963,523,10,57.16,25.42
6025,930,250,8,2101.74,19.92
6026,90,277,8,1484.38,58.63
6027,4873,579,2,1175.18,78.59
6028,3669,222,8,258.24,50.42
6029,571,234,3,2378.67,16.61
6030,3011,498,3,1305.61,7.18
6032,558,569,9,1018.0,86.52
6034,2071,91,8,2310.8,55.74
6035,2097,359,9,1747.42,20.86
6036,4167,76,7,1568.46,97.18
6037,2533,10,6,915.51,29.39
6038,1738,43,5,1721.1,6.6
6039,4777,238,1,683.01,40.61
6040,4832,28,2,2096.44,96.42
6041,2462,331,3,2115.52,73.21
6042,2597,588,10,1487.33,7.82
6043,1494,493,9,255.08,18.6
6044,3947,166,3,1828.93,91.08
6045,4326,433,4,288.0,99.94
6046,519,198,2,1894.33,54.85
6047,850,505,4,1272.18,2.92
6048,2628,13,6,478.09,45.36
6049,2546,183,9,187.99,11.65
6050,2770,485,4,1549.54,39.49
6051,2432,24,5,160.56,45.77
6052,4495,311,10,559.26,88.17
6053,691,113,3,42.35,46.63
6054,332,416,7,930.03,82.75
6055,56,27,1,1064.6,74.9
6056,1546,161,6,135.62,13.59
6057,1309,152,1,2215.26,46.49
6058,4276,304,1,1257.67,31.62
6059,3954,142,2,746.3,2.0
6060,438,23,10,1324.44,89.49
6061,3627,331,9,370.62,88.05
6062,4965,305,4,699.07,37.5
6063,1032,119,4,1849.49,92.65
6064,3570,350,1,2296.97,21.41
6065,3852,534,6,1910.09,13.6
6066,1409,469,9,1451.24,49.48
6067,1746,179,4,1429.99,51.96
6068,3294,515,8,1565.26,11.93
6069,3819,490,6,876.9,45.14
6070,624,429,6,2212.65,80.51
6071,3750,196,9,1074.24,31.1
6072,4990,428,1,1404.62,11.57
6074,3774,59,2,1680.79,44.31
6075,2722,304,6,2186.48,28.88
6076,4558,513,1,844.86,1.07
6077,4697,210,8,77.4,86.29
6078,4260,306,9,1398.25,58.62
6080,4510,313,9,559.17,16.8
6081,1890,304,6,2235.17,98.21
6082,4128,147,8,1574.78,12.84
6083,2810,289,4,1188.49,91.5
6084,4971,365,3,2395.49,80.76
6085,4336,235,6,912.2,43.56
6086,2069,74,6,480.2,57.48
6087,3863,281,1,2180.54,24.84
6088,1083,3,10,472.55,75.37
6089,1012,148,3,595.01,74.46
6090,1279,142,1,1317.99,97.37
6091,485,186,10,2488.66,73.72
6092,2885,143,1,162.21,84.66
6093,4295,295,2,282.02,2.42
6094,4061,486,7,1720.6,46.2
6095,1985,563,4,988.22,66.46
6096,3303,303,8,372.02,44.22
6097,3861,165,6,2147.42,51.48
6098,2187,229,1,996.04,8.98
6099,1534,218,5,1390.34,5.3
6100,728,596,9,2473.38,52.25
6101,852,486,10,755.53,32.91
6102,2622,204,3,1244.57,0.98
6103,909,35,1,441.48,20.05
6104,4600,388,7,723.18,7.87
6105,1032,503,7,1184.01,4.94
6106,582,230,9,2378.3,66.03
6107,4768,22,7,2015.26,43.18
6108,3469,541,6,1303.22,48.94
6109,591,31,10,197.71,91.37
6110,2889,279,9,38.09,75.77
6111,3982,24,5,2203.19,89.59
6112,4072,100,2,1214.32,26.77
6113,183,486,5,1535.1,24.37
6114,1923,496,9,628.61,14.64
6115,3643,411,1,385.83,92.55
6116,3786,171,1,970.82,40.63
6117,4368,375,10,2001.03,77.39
6118,830,534,3,1094.13,36.95
6119,3195,219,10,1456.67,94.16
6120,1523,137,9,643.2,72.86
6121,1646,261,10,364.95,75.49
6122,3353,227,10,2192.7,30.71
6123,53,258,5,287.64,1.82
6124,2764,543,6,1531.58,1.09
6125,3715,503,10,1964.01,16.91
6126,2597,445,7,1016.37,53.73
6127,1595,318,1,852.76,68.85
6128,191,476,8,270.29,51.28
6129,2652,39,7,438.22,30.34
6130,630,268,3,2216.91,68.09
6131,105,457,3,992.39,98.95
6132,3234,467,10,879.14,8.06
6133,2428,278,4,1164.22,85.71
6134,1900,407,7,1768.24,56.89
6135,3658,563,7,2254.47,42.75
6136,43,268,3,2397.33,98.49
6137,3360,494,8,2122.1,64.18
6138,2856,32,5,995.76,94.33
6139,697,128,10,226.26,66.03
6140,1454,145,7,1143.28,55.51
6141,2117,563,4,36.81,70.71
6142,4986,225,7,2254.06,55.62
6143,441,155,10,1566.97,46.38
6144,1285,395,7,512.36,67.61
6145,736,234,2,799.08,96.89
6146,4962,462,4,1314.48,84.67
6147,581,181,2,49.35,90.1
6148,200,395,2,1239.27,48.65
6149,1433,242,7,1142.39,76.93
6150,3803,426,5,313.86,33.42
6151,4786,490,9,1922.9,50.73
6153,2167,22,3,1670.37,47.85
6154,3099,104,7,1538.59,38.89
6155,1652,250,7,1297.06,45.58
6156,3596,309,4,1100.46,2.51
6157,3848,455,4,1150.0,64.52
6158,3355,271,4,207.16,90.37
6159,3026,492,2,2042.54,56.88
6161,2985,74,4,394.66,95.43
6162,2936,349,9,787.4,74.7
6163,462,11,8,722.64,35.38
6164,813,136,9,1970.84,51.88
6165,1570,281,9,258.37,99.42
6166,4415,429,2,194.02,9.11
6167,847,381,9,492.84,75.25
6168,3678,570,3,64.55,80.65
6169,307,522,6,1336.62,19.27
6170,2364,88,9,1506.81,38.46
6171,868,268,9,664.5,28.16
6173,1621,586,2,813.19,41.53
6174,2821,202,9,1326.88,23.2
6175,2191,116,6,1524.6,8.27
6176,813,557,9,1629.36,92.28
6177,4582,375,8,1036.85,46.89
6178,3722,208,10,1168.24,59.66
6179,4379,534,10,2022.23,73.06
6180,4900,418,9,1096.81,14.3
6181,1789,312,7,1319.01,55.25
6182,4271,25,7,321.18,32.98
6183,4143,292,2,2002.23,13.87
6184,1014,5,7,400.84,81.11
6185,1961,330,1,1449.55,98.45
6186,4287,22,8,1742.2,22.34
6187,1418,459,3,618.31,92.0
6188,3248,17,9,1096.43,69.45
6189,3000,5,1,2325.7,8.05
6190,1375,414,8,2429.66,9.42
6191,501,334,9,2279.74,70.3
6192,4993,244,7,1814.64,24.51
6193,1968,410,4,1743.1,68.68
6194,4611,489,1,542.93,6.97
6196,4002,303,4,1675.6,62.65
6197,1825,561,10,1426.04,66.02
6198,2287,17,4,1519.2,33.55
6199,2381,448,7,1467.77,24.96
6200,3518,143,3,651.87,58.15
6201,3479,386,10,2050.5,59.09
6202,3156,434,8,517.14,50.18
6203,1214,541,10,2194.73,2.7
6204,3871,57,3,1584.56,82.74
6206,2040,399,4,290.26,23.42
6207,745,562,4,1481.67,34.33
6208,4777,453,5,884.67,8.12
6209,4342,350,6,1406.48,43.94
6211,1804,462,3,2045.59,70.41
6212,1952,108,1,607.16,92.89
6213,1864,11,5,1759.22,32.9
6214,2748,574,4,568.89,97.3
6215,3471,370,4,107.45,61.33
6216,4324,73,2,1268.18,65.21
6217,3175,307,9,840.43,86.88
6218,428,59,1,974.75,92.89
6219,1663,291,10,1026.79,73.74
6220,226,394,7,873.49,6.46
6221,4039,319,2,1185.13,99.79
6222,2489,40,8,2453.97,53.94
6223,3944,347,8,2304.25,64.04
6224,4501,498,9,1771.71,98.65
6225,2454,129,4,264.51,90.23
6226,4182,210,1,280.55,92.13
6227,1634,511,10,1445.42,77.24
6228,2470,137,6,1702.89,92.17
6229,4117,24,6,2406.05,22.42
6230,1408,406,6,1131.63,96.12
6231,4417,8,6,941.84,65.01
6232,3255,122,1,32.4,1.65
6233,166,341,5,281.43,94.06
6234,2799,4,2,125.73,80.39
6235,1390,405,9,685.93,41.85
6236,3733,360,8,2002.84,84.79
6237,2731,270,6,204.98,84.26
6238,4063,267,3,470.8,79.5
6239,2666,554,5,1474.66,62.43
6240,4029,317,10,1077.18,32.6
6241,3469,384,10,952.88,91.23
6242,243,209,2,470.0,56.06
6243,2115,548,9,2398.15,48.35
6244,4046,130,10,1082.07,22.66
6245,4513,141,6,2192.04,50.21
6246,1759,100,9,786.91,99.25
6247,1246,358,1,381.03,1.16
6248,4712,530,3,1563.23,28.99
6249,4484,47,7,1360.24,54.34
6250,3090,508,6,1645.62,58.65
6251,4132,338,8,1629.15,75.43
6252,2042,121,2,1629.83,93.95
6253,4374,548,8,1798.21,67.34
6254,1506,402,2,1061.7,40.26
6255,1147,165,9,2199.98,87.71
6256,4343,295,4,768.28,31.16
6257,4653,325,2,761.71,72.7
6258,683,452,8,1951.66,29.45
6259,2535,73,5,914.87,19.24
6260,590,555,2,2204.33,21.84
6261,4315,113,4,1752.23,80.28
6262,4778,107,1,2287.33,39.32
6264,2881,73,7,1058.1,94.33
6265,3481,295,1,92.97,87.8
6266,2359,302,6,874.17,72.32
6267,1404,494,3,1955.77,14.01
6268,4386,558,5,197.71,84.47
6269,2325,488,7,414.09,26.98
6270,2586,330,4,1243.29,69.92
6271,1794,212,6,2288.54,35.17
6272,1832,262,10,924.15,55.2
6273,725,515,4,1226.87,39.73
6274,3598,353,5,1086.63,88.66
6275,1114,187,10,781.76,79.87
6276,3871,140,7,831.16,66.25
6277,597,195,8,241.5,74.58
6278,4086,433,7,2388.62,10.39
6279,3550,152,7,1543.92,82.11
6280,2184,477,10,1572.65,18.32
6281,2905,331,8,1670.61,38.98
6282,4092,321,10,177.66,62.43
6283,2045,208,9,1796.76,39.75
6284,3536,31,4,2457.01,31.19
6285,2986,592,5,1438.08,45.84
6286,2239,337,2,1560.6,99.66
6287,2158,40,10,2193.15,89.31
6288,2531,87,8,2296.36,28.15
6289,2065,30,3,820.75,89.27
6290,4899,227,6,2108.25,13.49
6291,3979,196,8,1742.44,5.9
6292,4179,442,8,704.76,81.52
6293,3568,95,4,2069.08,61.8
6294,2111,587,8,1416.58,63.92
6295,1335,171,10,1123.07,95.04
6296,89,363,2,792.04,26.4
6297,3408,573,8,1327.71,96.22
6298,4609,428,1,1635.58,2.49
6299,2018,239,6,2300.35,85.71
6300,3707,418,1,375.1,54.37
6301,1305,572,3,1378.8,92.56
6302,161,582,7,1020.77,54.6
6303,2456,48,3,1105.57,76.99
6304,4342,76,5,2403.1,89.14
6305,1243,11,7,704.43,16.33
6306,3783,497,9,552.64,75.63
6307,1379,493,8,1344.82,97.65
6308,4462,572,5,1181.34,27.0
6309,663,280,8,72.29,38.23
6310,4474,9,1,2071.45,92.94
6311,3504,305,6,1108.58,37.38
6312,4549,478,5,852.56,70.18
6313,1772,185,1,1348.58,29.62
6314,4191,588,7,595.6,13.86
6315,3931,90,9,2094.4,95.3
6316,4469,123,9,1417.94,5.61
6317,3933,469,4,903.13,63.79
6318,2031,217,10,966.15,77.87
6319,4514,289,4,859.52,58.12
6320,4301,97,9,531.62,67.58
6321,857,102,3,1534.16,80.92
6322,3256,288,8,1135.48,66.64
6323,2918,387,4,954.44,51.85
6324,1356,186,3,1121.91,99.4
6325,4089,467,10,1219.45,3.32
6326,4744,518,5,789.85,6.04
6327,1147,218,8,1086.82,8.93
6328,2124,433,1,1962.93,38.72
6329,157,90,4,2217.06,34.45
6330,1071,75,5,647.35,58.64
6331,1491,550,2,2494.29,63.51
6332,4833,267,8,1827.05,83.61
6333,4704,153,10,1614.97,92.1
6334,968,545,6,834.53,94.07
6335,1451,7,9,461.03,21.25
6336,1364,104,6,1671.3,74.21
6338,920,563,3,1803.7,89.51
6339,4872,486,4,1961.96,1.2
6340,3358,328,10,1182.4,48.27
6341,848,427,4,1747.2,55.27
6342,1494,257,6,2086.43,28.82
6343,1854,443,1,11.89,32.72
6344,2629,268,9,1568.19,83.05
6345,2987,162,9,250.18,70.33
6346,4638,448,3,334.0,14.9
6347,2320,423,3,1206.8,53.94
6348,3606,195,5,359.41,29.76
6349,3231,394,1,1120.86,65.38
6350,816,532,1,1802.46,71.42
6351,3495,395,8,1468.73,82.24
6352,4685,385,6,68.47,96.08
6353,438,564,3,2479.3,67.11
6354,1267,30,7,1919.49,34.71
6355,2440,465,3,321.21,5.92
6356,577,298,9,1583.09,23.93
6357,2348,325,2,1610.66,18.71
6358,294,27,1,1821.9,31.54
6359,4735,465,8,846.87,87.0
6360,607,467,3,1271.0,41.27
6361,2493,513,8,184.93,57.82
6363,2225,129,7,2176.48,91.82
6364,3581,84,4,1372.32,58.64
6365,4883,446,4,915.93,16.21
6366,4524,116,3,1646.43,50.42
6367,2493,476,5,956.3,80.73
6368,1293,403,4,2035.61,48.83
6369,571,571,10,1070.33,67.83
6370,3335,286,2,190.89,12.37
6371,4719,593,7,226.75,58.6
6372,1640,149,4,376.34,2.95
6373,4923,523,3,21.35,94.2
6374,2436,498,2,385.69,82.68
6375,2003,552,10,1818.55,42.2
6376,3532,384,8,532.42,81.69
6377,1986,178,8,1207.62,62.08
6378,1899,558,10,599.74,95.42
6379,2809,225,6,44.63,92.42
6380,3079,38,4,2263.26,29.3
6381,2871,78,8,216.35,63.6
6382,1508,500,9,140.58,15.92
6383,4143,66,3,599.3,3.9
6384,2821,379,4,1128.13,39.51
6385,2485,19,4,1344.96,57.1
6386,4153,281,3,1775.13,91.57
6387,4857,311,8,2260.33,45.18
6388,3804,54,3,216.89,59.09
6389,3796,364,5,1534.55,48.41
6390,1684,252,10,1191.58,97.83
6391,2615,122,2,2169.52,3.07
6392,908,427,9,790.14,52.83
6393,1670,450,2,994.63,21.69
6394,4515,106,3,1075.75,88.47
6395,4456,266,6,793.49,29.75
6396,2230,449,8,871.04,20.28
6397,4544,459,10,1578.73,58.26
6398,736,290,3,2222.76,51.8
6399,3959,185,10,924.25,57.27
6400,3363,330,10,30.72,41.75
6401,702,412,2,869.98,52.61
6402,669,355,7,2438.64,2.91
6403,4527,106,6,2005.79,54.38
6404,420,426,1,1005.71,2.97
6405,3962,492,7,1649.5,18.58
6406,3575,19,2,109.98,79.46
6407,200,436,4,2440.53,72.07
6408,4048,543,10,353.47,94.64
6409,935,14,4,1512.23,62.02
6410,3711,173,8,2072.92,6.48
6411,1622,7,2,1723.42,75.98
6412,749,430,2,1363.49,3.12
6413,2676,204,8,832.85,88.97
6415,1526,11,8,141.0,72.71
6416,2989,15,6,1635.08,10.86
6417,4334,593,9,39.43,99.54
6418,4829,270,6,369.87,13.11
6419,1655,202,6,651.63,17.11
6420,687,178,4,1696.07,19.91
6421,4222,208,1,622.91,1.66
6422,1957,139,7,357.75,49.13
6423,121,262,7,2057.28,67.37
6424,2160,306,8,1246.28,65.45
6426,4558,14,8,2019.98,83.58
6427,3120,493,8,1323.87,33.95
6428,1567,249,4,883.11,77.63
6429,3733,41,9,1954.79,67.89
6430,376,204,9,502.5,98.33
6431,1742,493,2,1766.72,32.62
6433,923,405,6,598.42,98.95
6434,2357,363,8,1704.29,45.1
6435,1377,360,4,2220.46,24.11
6436,1030,444,4,1963.09,0.37
6437,1529,132,8,1009.62,61.7
6438,3689,139,3,1595.19,46.4
6439,2478,15,3,50.48,71.59
6440,572,4,6,1949.53,56.86
6441,2167,12,10,1441.16,79.05
6442,3833,571,7,1424.95,35.83
6443,2908,537,7,1651.73,75.86
6444,309,228,8,410.74,59.32
6445,1424,171,9,277.25,54.48
6446,765,249,4,2197.06,23.03
6447,413,297,1,1832.65,16.56
6448,1556,30,6,1882.62,59.62
6449,4127,503,1,1609.41,2.64
6450,2913,157,1,135.04,83.85
6451,3219,217,3,218.68,98.75
6452,1328,229,1,2041.9,78.81
6453,3932,289,5,761.16,49.34
6455,118,36,8,1841.94,98.83
6456,1879,191,8,820.01,45.79
6457,3161,498,4,2437.79,25.88
6458,4737,97,9,692.92,87.3
6459,2970,403,4,1543.73,31.01
6460,2436,30,5,263.11,58.93
6461,4596,317,9,412.77,61.23
6462,1656,474,4,267.24,92.74
6463,1536,549,5,2216.67,1.19
6464,4367,519,9,923.39,67.31
6466,2350,93,1,1016.28,93.33
6467,3014,361,6,1422.9,40.53
6468,259,193,9,2175.92,13.54
6469,123,245,2,1537.75,72.76
6470,4512,561,9,1296.75,16.47
6471,2972,272,4,31.85,73.37
6472,4430,47,2,2264.44,55.18
6473,3192,209,4,1715.0,97.12
6474,2353,444,3,1928.83,95.63
6475,997,374,6,1667.12,65.68
6476,1877,347,3,1651.55,85.08
6477,2299,563,8,748.38,92.82
6478,2895,593,3,1500.96,92.42
6479,3685,230,5,795.24,40.14
6480,2351,298,7,1251.14,68.09
6481,4009,315,7,21.81,74.04
6482,1258,520,3,1143.47,63.77
6483,3666,67,1,277.97,42.89
6484,1187,200,5,370.89,35.69
6485,4178,17,9,164.28,54.24
6486,2464,555,2,1592.9,31.08
6487,558,185,6,700.49,71.65
6488,485,435,3,1917.13,8.23
6489,982,486,9,1782.64,74.18
6490,1182,80,10,1400.41,43.06
6491,1736,595,9,1022.35,32.31
6492,3039,599,8,733.9,88.91
6493,4564,484,7,2061.03,66.02
6494,3643,113,6,2232.05,90.85
6495,3944,135,9,712.78,51.87
6496,3635,19,2,2320.62,19.9
6497,3734,268,8,2377.26,15.28
6498,3628,217,7,418.59,38.54
6499,3416,68,9,848.48,65.75
6500,2528,49,10,1213.03,39.18
6501,1443,552,1,395.05,82.71
6502,4811,330,1,1777.86,40.87
6503,2015,147,5,706.45,59.99
6504,1968,75,2,721.05,68.31
6505,2880,534,5,378.99,85.02
6506,2801,121,5,635.07,30.59
6507,2829,63,9,150.94,92.56
6508,4950,130,7,2444.9,34.86
6509,614,369,1,1484.58,75.19
6510,1122,557,10,477.45,57.99
6511,2889,139,3,1111.88,41.93
6512,609,282,8,1505.04,47.86
6513,3242,110,5,1236.79,83.63
6514,1079,320,1,441.31,22.67
6515,3745,156,2,1909.67,74.75
6516,296,374,2,414.89,31.42
6517,197,97,10,406.61,47.19
6518,312,577,2,1683.78,28.84
6519,284,589,1,684.95,99.23
6520,758,502,6,315.49,98.44
6521,2827,412,7,1740.84,9.05
6522,4550,556,7,2382.82,27.27
6523,2770,19,7,718.15,32.4
6524,3397,164,10,1299.36,22.78
6525,4954,175,8,1401.14,80.34
6526,3852,79,9,2027.9,7.37
6527,3366,240,4,883.34,28.89
6528,964,95,2,1739.97,68.68
6529,3579,293,8,806.86,48.01
6530,1678,585,9,1866.44,56.68
6531,4741,486,1,1521.64,8.94
6532,1719,232,4,2073.62,58.79
6533,4206,343,2,1793.04,16.08
6534,429,439,8,650.87,84.69
6535,244,328,10,1208.15,42.57
6536,101,393,2,1468.82,15.35
6537,2329,159,1,1399.3,21.49
6538,4567,516,8,2154.65,33.73
6539,2433,298,8,2403.62,24.35
6540,1064,324,9,1357.02,18.1
6541,2879,352,4,370.13,22.81
6542,484,393,4,1912.91,49.53
6543,4620,46,10,713.26,76.04
6544,434,11,9,997.65,10.76
6545,2883,29,6,1159.29,40.29
6547,3943,248,7,2485.81,22.54
6548,467,187,3,142.83,62.12
6549,4306,142,2,301.34,38.18
6550,4702,524,6,2101.66,27.94
6551,4268,226,10,1682.54,91.7
6552,4932,12,5,1575.73,42.15
6554,1210,215,3,1386.17,70.72
6555,1736,470,3,798.87,67.91
6556,305,342,3,1534.34,75.45
6558,380,420,9,1545.68,35.99
6559,3989,477,8,1371.46,78.15
6560,82,525,8,1569.93,81.72
6561,4067,135,9,13.77,3.94
6562,2742,438,7,1275.23,54.08
6563,2541,514,7,2355.51,58.61
6564,150,442,4,1875.73,56.73
6565,68,3,8,552.02,7.69
6566,2109,210,5,2188.77,54.09
6567,1676,72,2,889.39,91.72
6568,4366,216,1,933.44,19.02
6569,4545,301,9,1967.43,33.04
6570,519,453,7,2366.75,30.16
6571,804,535,8,1863.73,19.82
6572,4676,524,6,2424.09,96.55
6573,1895,375,7,382.11,67.42
6574,4860,195,7,1894.26,42.76
6575,1506,336,5,1436.1,58.17
6576,60,71,5,1539.81,24.18
6577,4589,589,10,1279.01,70.69
6578,1933,191,9,705.79,98.31
6579,2545,240,6,786.82,18.3
6580,619,162,10,2352.47,55.7
6581,4787,228,10,2187.98,72.61
6582,404,446,9,393.93,38.18
6583,352,41,6,1761.59,22.41
6584,1658,188,10,1834.42,63.94
6586,1217,286,5,1891.34,79.52
6587,2780,333,1,1265.74,55.8
6588,1712,226,6,1517.85,26.76
6590,3070,113,7,671.96,67.66
6591,2596,223,4,1976.08,81.85
6592,3337,125,10,1167.64,16.16
6593,2026,446,1,1758.66,61.83
6594,1667,486,9,492.52,22.01
6595,1501,484,1,2293.86,97.69
6596,4443,96,8,316.07,30.08
6597,4750,18,9,899.84,57.44
6598,2371,52,9,1427.33,6.1
6599,2634,529,3,1147.72,15.25
6600,897,217,8,65.34,15.65
6601,3709,252,1,2328.11,34.62
6602,2994,239,1,510.48,68.09
6603,786,428,1,701.82,79.54
6604,2959,63,8,2051.99,41.63
6605,1875,203,1,1253.73,62.04
6606,2618,73,7,62.64,71.0
6607,2367,411,2,813.26,53.77
6608,1685,178,2,2417.02,16.68
6609,3207,69,1,888.89,68.44
6610,648,449,1,1211.05,92.46
6611,172,307,8,1170.54,70.1
6612,3280,188,1,359.63,81.42
6613,3700,506,1,839.3,7.77
6614,4862,39,5,2445.08,92.86
6615,1811,419,4,2203.47,70.07
6616,3802,20,5,1054.44,5.12
6617,3115,329,6,328.71,20.57
6618,579,98,9,407.46,84.59
6619,1301,143,10,2289.64,8.56
6620,70,113,10,1085.27,15.59
6621,2201,353,5,185.6,60.83
6622,4002,15,7,616.73,2.96
6623,4962,487,9,1306.99,22.47
6624,1138,467,6,1593.94,24.21
6625,949,577,4,262.05,74.04
6626,4847,288,6,2295.6,2.38
6627,2591,135,3,1846.23,49.47
6628,3236,61,6,1128.55,35.38
6629,1799,23,10,379.6,81.13
6630,1168,14,9,809.84,78.57
6631,1325,570,9,287.51,25.03
6632,3662,327,8,2165.87,84.01
6633,3085,88,4,2441.29,20.98
6634,4297,423,3,441.08,76.44
6635,3048,327,1,173.9,4.69
6636,4807,402,10,2054.02,60.9
6637,3338,298,3,1610.81,49.82
6639,2708,140,2,1217.66,25.6
6640,844,599,2,2204.69,75.88
6641,2495,118,6,1660.63,72.96
6642,4706,51,5,1092.58,30.11
6643,1201,151,8,758.81,65.54
6644,3503,413,9,193.78,87.29
6645,3638,59,2,2113.29,43.83
6646,4541,13,10,43.36,9.14
6647,265,195,1,296.02,36.96
6648,2597,191,8,296.81,87.97
6649,1289,263,4,1838.2,30.12
6650,237,462,6,1091.81,32.32
6651,4196,592,8,252.63,31.66
6652,4386,599,6,1171.1,94.42
6653,1093,327,2,2320.07,50.01
6654,1189,163,8,294.28,0.13
6655,3843,219,4,1997.25,1.22
6656,1529,248,2,450.42,13.11
6657,2361,137,10,1597.78,3.38
6658,1739,587,2,826.79,51.1
6661,1707,224,5,2309.0,98.03
6662,3124,37,4,2269.37,35.57
6663,432,462,8,511.69,7.11
6664,3380,180,7,2333.86,50.28
6665,1087,415,7,593.36,2.62
6666,636,516,2,151.01,3.44
6667,4758,282,4,402.53,21.12
6669,3294,533,2,570.12,93.72
6670,4739,74,3,1758.38,54.74
6671,57,70,2,2023.59,56.36
6672,236,83,2,1442.7,68.79
6673,3794,119,3,1146.81,33.6
6674,4596,449,8,2043.62,43.68
6675,3691,502,3,1788.91,74.13
6676,2831,387,5,906.29,28.6
6677,2752,541,8,467.4,93.98
6678,4413,120,2,1269.29,1.41
6679,2999,361,2,1260.03,66.75
6680,1551,333,6,423.39,26.36
6681,2496,585,8,218.67,10.76
6682,3045,147,5,1250.87,5.54
6683,2060,329,5,706.76,21.11
6684,1949,541,3,2036.02,42.23
6685,4808,262,2,1132.72,57.29
6686,1836,200,3,1129.24,90.27
6687,994,72,1,553.53,68.28
6688,1512,150,2,398.71,71.98
6689,4531,261,7,1949.18,34.71
6690,4435,486,2,1735.55,92.97
6691,4591,337,3,1273.11,97.71
6692,3954,360,4,1232.36,19.98
6693,961,549,1,242.7,82.67
6694,3293,149,6,1599.81,43.97
6695,870,575,5,1166.85,11.6
6696,2575,139,9,1485.25,43.21
6697,4165,260,3,1641.57,75.1
6698,4840,157,9,1012.99,48.75
6699,3267,153,6,1131.8,71.16
6700,410,55,3,568.99,85.06
6701,1131,525,7,214.24,90.02
6702,2458,21,2,731.37,89.52
6703,3846,236,9,1195.39,51.04
6704,3793,4,6,329.72,49.96
6705,3958,58,4,1574.82,41.62
6706,3465,133,4,1451.38,51.45
6707,3699,491,2,288.57,39.56
6708,2099,68,8,1718.39,38.47
6709,4491,347,1,2186.0,97.96
6710,2351,320,9,671.8,13.62
6711,2233,520,6,1282.73,29.14
6712,3465,573,6,2472.42,74.76
6713,3416,338,6,2212.37,49.35
6714,3643,244,7,2371.21,34.31
6715,2211,95,3,1741.07,82.98
6716,726,81,4,386.76,95.22
6717,4239,380,2,69.47,99.22
6718,4320,350,4,1047.63,68.82
6719,520,2,8,729.45,65.28
6720,4544,188,7,1091.42,69.88
6721,2490,188,5,522.95,61.63
6722,3888,12,9,2278.53,33.19
6723,1718,404,6,463.16,92.08
6724,3302,121,3,1271.81,9.85
6726,3383,117,8,873.94,78.32
6727,1396,71,8,1922.05,37.55
6728,3726,197,3,610.37,70.91
6730,4995,354,4,2336.33,61.36
6731,4421,11,8,430.26,71.83
6732,2939,164,4,607.3,86.41
6733,4895,444,5,596.59,55.85
6734,511,462,9,728.14,97.08
6735,4279,127,7,798.85,32.33
6736,4985,439,2,1884.2,5.14
6737,2649,120,5,2136.78,0.68
6738,1124,329,3,2403.34,25.98
6739,4853,596,6,530.85,24.42
6740,3669,444,6,1371.99,71.28
6741,2221,277,4,64.73,73.53
6742,3807,152,5,1177.47,93.87
6743,1138,510,3,2441.47,74.51
6744,200,292,2,1987.0,92.3
6745,4928,555,1,259.35,47.44
6746,4301,346,7,1130.55,34.36
6747,1322,118,5,982.44,89.93
6748,765,114,1,1840.51,5.04
6749,4951,334,3,637.46,56.2
6750,670,141,6,290.13,80.63
6751,2550,433,6,622.75,24.73
6752,3875,583,2,1679.01,25.24
6753,4859,47,8,262.15,46.72
6754,425,338,7,2343.63,90.79
6755,1012,242,8,954.11,60.32
6756,3331,348,10,2298.99,89.25
6757,3521,189,4,1425.36,71.3
6758,2557,349,10,458.59,58.91
6759,3885,128,10,474.93,31.9
6761,222,449,4,624.83,90.29
6762,3997,596,7,1155.82,25.42
6763,3581,529,8,882.71,38.2
6764,4869,156,5,789.56,33.98
6765,2076,546,10,2224.77,38.11
6766,4478,62,6,22.48,17.71
6767,3632,433,1,693.38,36.31
6768,4078,383,2,1722.87,61.63
6769,3880,271,10,327.89,21.61
6770,1001,157,5,1368.86,24.05
6771,3856,24,4,610.49,34.06
6772,3415,525,7,942.33,35.63
6773,4988,107,10,480.12,26.29
6774,1890,241,9,327.59,39.14
6775,1784,514,2,709.85,10.41
6776,1219,347,2,302.42,80.03
6777,969,358,8,1960.91,17.96
6778,3089,233,7,1517.35,10.78
6781,3978,561,7,1436.07,25.8
6782,54,411,4,254.03,48.71
6783,4186,138,3,88.91,35.14
6784,4584,441,2,855.33,45.08
6785,4563,116,7,39.86,18.64
6786,25,102,3,1222.11,67.89
6787,2640,316,9,530.5,6.45
6788,4002,257,5,33.51,0.43
6789,2464,250,10,1126.86,10.1
6790,4783,384,5,1326.62,71.78
6791,412,423,4,1747.78,98.18
6792,652,207,5,100.69,34.94
6793,3061,211,3,476.0,97.61
6794,1858,226,2,2049.81,40.89
6795,1123,594,2,1043.75,94.73
6796,3833,342,9,776.28,97.12
6797,1060,253,5,556.76,81.38
6798,2582,416,3,131.7,21.72
6799,4062,314,3,2300.1,94.97
6800,3933,582,9,340.18,49.38
6801,585,236,9,1173.09,20.86
6802,4762,463,6,2220.41,59.95
6803,133,573,9,1240.66,63.41
6804,4195,429,5,2489.86,47.13
6805,1767,446,4,1494.28,57.11
6806,2698,504,10,471.09,13.12
6807,1339,125,4,163.89,54.04
6808,2125,428,2,1326.94,8.9
6809,4813,233,9,617.14,21.17
6810,2368,589,7,347.8,79.25
6811,4975,202,3,1224.24,80.39
6812,815,476,1,1000.87,80.57
6813,862,7,9,632.46,0.68
6814,343,274,2,73.29,98.53
6815,3279,133,8,297.29,52.83
6817,2491,525,10,376.25,60.85
6818,1390,1,10,945.64,81.26
6819,523,541,5,796.2,2.09
6820,2390,81,7,856.46,97.4
6821,4051,339,10,970.74,82.63
6822,2071,228,2,201.56,22.29
6823,769,266,3,1466.3,60.45
6824,1281,213,9,923.91,60.96
6825,3919,172,7,1933.87,42.92
6826,854,240,5,1433.67,42.06
6827,3623,204,3,23.61,47.54
6828,84,240,3,996.04,52.5
6830,2205,391,1,1676.5,45.33
6831,4031,150,6,1215.49,49.92
6832,1287,592,6,291.23,13.18
6833,2721,446,7,738.79,10.85
6834,256,75,10,1843.85,36.81
6835,4590,187,1,642.4,1.25
6836,1132,520,1,567.53,30.94
6837,2463,379,7,965.41,20.04
6838,365,388,10,1071.73,31.28
6839,2351,278,1,57.06,39.13
6840,2470,319,7,1026.0,36.88
6841,3977,592,6,388.99,23.18
6843,1038,550,5,674.4,29.67
6844,339,487,6,782.14,64.5
6845,4220,146,3,2181.01,2.03
6846,2244,275,8,85.01,5.24
6848,413,230,8,2347.08,72.32
6849,4991,386,5,766.58,13.43
6850,943,413,3,1460.05,83.04
6851,1392,513,9,1086.82,48.66
6852,4758,240,8,2103.71,50.0
6853,1538,370,6,1189.51,12.86
6854,2588,130,4,1935.97,67.2
6855,3750,293,1,1371.88,31.3
6856,195,37,6,202.57,36.89
6857,521,184,5,660.19,37.12
6858,4671,554,4,677.88,81.94
6859,34,229,1,428.52,97.56
6860,423,453,8,2368.71,77.43
6861,3922,540,7,1813.0,76.04
6862,1091,383,3,1666.82,59.82
6863,2956,464,2,581.23,17.77
6864,1106,412,3,2211.82,9.01
6865,3223,544,6,1306.32,95.51
6866,4707,82,3,348.75,14.91
6867,309,429,5,205.77,51.69
6868,3964,148,6,1101.71,35.02
6870,3228,483,8,591.95,64.49
6871,1001,249,1,1871.67,3.97
6872,1281,498,9,663.0,90.97
6873,3580,296,4,1600.32,73.71
6874,704,552,5,1331.59,95.93
6875,3660,440,6,2084.1,76.32
6876,3063,63,6,364.19,51.16
6877,4983,574,5,355.71,57.51
6878,3894,419,2,1900.77,24.61
6879,4999,28,7,1376.16,30.11
6880,1827,64,1,494.85,97.68
6881,2704,370,4,497.85,44.91
6882,2659,424,1,49.42,63.59
6883,19,178,5,2132.38,84.79
6884,2022,425,10,1164.9,4.73
6885,181,103,2,1860.53,8.54
6886,36,230,4,348.05,21.11
6887,2497,230,3,505.06,49.4
6888,3521,344,5,1003.79,79.07
6889,2555,103,7,2136.4,8.08
6890,4164,170,7,634.74,58.38
6891,1374,233,7,2281.51,63.63
6892,4403,269,3,552.27,42.76
6893,4822,390,1,1747.54,79.54
6894,650,5,10,881.17,9.57
6895,572,62,1,2342.1,53.08
6896,3035,205,2,1731.37,34.14
6897,517,374,9,1612.0,20.11
6898,1398,572,3,578.78,37.21
6899,2254,340,5,32.38,8.01
6900,4362,15,3,141.53,81.23
6901,3351,126,5,2379.01,31.37
6902,4768,217,8,2263.69,67.62
6903,3279,273,5,1516.67,17.04
6904,3551,206,9,1921.68,61.79
6905,4170,12,10,267.26,71.04
6906,1579,56,7,94.5,31.13
6907,1383,295,7,1549.08,30.69
6908,4425,93,9,2244.43,89.12
6909,675,163,3,944.94,79.1
6910,4397,187,10,2106.31,15.72
6911,922,245,8,1090.04,69.07
6912,159,173,9,2468.26,58.61
6913,2914,50,4,301.79,18.06
6914,82,214,1,787.13,89.88
6915,3999,117,8,509.2,50.0
6916,1775,533,8,952.96,2.2
6917,2226,156,8,117.86,54.36
6918,2434,506,7,1860.26,41.86
6919,2197,256,6,44.12,69.64
6920,4952,309,3,303.48,24.4
6921,1624,125,6,1266.02,81.04
6922,2841,42,1,1556.05,81.86
6923,3332,143,3,1811.16,90.91
6924,1482,282,4,31.69,78.0
6925,2415,17,9,2224.8,49.8
6926,1991,272,10,2221.43,40.71
6927,1193,329,4,1619.88,13.28
6928,211,144,8,1427.86,94.82
6929,3921,434,4,2143.83,86.14
6930,1009,577,10,267.58,99.34
6931,4101,39,7,977.31,93.9
6932,2718,65,9,355.68,58.19
6933,1934,116,7,1296.92,3.02
6934,69,463,9,982.76,2.89
6935,1640,324,5,67.47,47.38
6936,4394,346,2,2222.02,23.59
6937,1966,224,8,884.86,66.91
6938,4670,323,5,2489.69,65.44
6939,1584,174,4,1615.97,67.94
6940,1615,336,4,2183.34,39.32
6941,2491,250,9,553.03,51.75
6942,2178,511,1,1872.04,66.39
6943,4454,5,3,2070.26,39.37
6944,4522,374,5,2474.9,96.82
6945,3088,528,8,1497.91,39.83
6946,2589,113,9,377.11,76.66
6947,846,541,1,1792.07,42.11
6948,1855,509,7,39.89,69.88
6949,2927,420,6,1779.79,10.39
6950,2280,181,5,2304.91,69.84
6951,2507,323,9,63.42,30.49
6952,4547,175,4,397.0,35.5
6953,277,87,9,1593.43,97.48
6954,2821,36,2,1663.51,72.72
6955,834,430,3,769.57,31.73
6956,4324,112,1,95.46,73.42
6957,2921,104,4,1451.63,78.2
6958,2235,366,7,802.87,37.2
6959,4048,428,9,1397.44,69.03
6960,2076,366,6,1477.12,13.3
6961,992,88,1,964.82,2.24
6962,2472,599,3,1096.53,45.83
6963,995,599,8,450.15,13.26
6964,3601,458,8,860.13,83.29
6965,2435,238,8,268.2,68.44
6966,3130,456,4,2200.66,9.16
6967,1662,344,3,455.57,98.25
6968,4578,408,4,425.55,88.48
6969,4792,206,2,2209.49,74.19
6970,2046,465,8,1590.51,47.82
6971,2680,533,2,1854.66,14.27
6972,1684,537,1,1433.76,25.19
6973,4538,345,8,755.63,63.46
6974,2832,253,8,1541.78,27.36
6975,1789,418,2,756.43,40.65
6976,4450,332,3,132.01,57.34
6977,51,407,8,2389.42,84.52
6978,2790,380,8,1773.13,22.37
6980,3936,521,1,2142.13,66.81
6981,1445,570,3,1177.54,23.72
6982,4249,367,8,1090.28,15.15
6983,4749,63,7,1553.52,28.39
6984,3593,260,2,2198.69,9.62
6985,2317,285,9,1318.45,61.95
6986,2755,106,2,1646.58,43.23
6987,2087,291,1,2371.51,36.37
6988,2813,109,9,14.69,41.68
6989,3658,443,8,70.96,90.32
6990,3001,228,5,58.42,65.49
6991,2301,90,8,905.51,47.99
6992,1159,551,3,312.37,20.08
6993,2425,247,1,1976.33,52.57
6994,450,554,2,2453.05,87.43
6995,3719,305,6,275.99,97.09
6997,4203,396,5,193.31,52.21
6998,242,393,5,384.73,84.11
6999,4113,133,9,2219.84,92.7
7000,1174,358,3,2439.46,77.82
7001,2605,153,7,396.05,31.36
7002,4291,64,9,591.77,17.41
7003,3818,119,6,984.9,87.59
7004,2439,420,2,1148.31,18.96
7005,2366,312,1,274.66,36.71
7006,635,213,1,1262.29,19.98
7007,3573,253,6,908.56,99.79
7008,2271,550,7,1739.08,73.59
7009,3753,419,6,453.71,42.56
7010,2325,523,10,2194.27,93.45
7011,1516,112,4,1770.14,47.74
7012,2128,206,2,354.71,42.09
7013,1518,369,2,912.48,29.28
7014,4165,337,9,65.48,54.26
7015,127,96,10,34.65,10.91
7016,4775,41,3,42.41,92.27
7017,247,459,2,1800.21,56.74
7018,4562,254,5,770.09,86.19
7019,8,464,10,1644.5,83.58
7020,3783,181,2,2029.86,59.49
7021,2576,57,1,1693.64,54.53
7022,356,176,9,633.0,90.68
7023,1700,483,10,733.38,14.88
7024,4183,227,8,33.83,85.67
7025,2632,210,3,1275.36,92.83
7026,743,222,4,1799.19,3.65
7027,3146,527,10,1939.58,13.66
7028,2023,352,8,1055.94,6.39
7029,805,290,5,1231.71,32.76
7030,4569,557,3,382.91,35.73
7031,4357,264,4,738.38,30.79
7032,2449,527,7,1318.55,33.59
7033,4004,102,4,2035.78,43.06
7034,3868,469,9,224.35,96.16
7035,3215,376,7,658.21,39.56
7036,1617,379,1,1012.87,30.29
7037,277,483,2,1139.21,84.01
7038,186,326,3,775.62,33.09
7039,822,520,2,592.32,26.09
7040,4763,587,10,381.82,15.34
7041,4480,44,2,1108.75,54.18
7042,4155,332,6,1527.9,96.09
7043,1428,527,10,1476.81,67.6
7044,3786,445,2,2492.83,99.86
7045,1862,545,7,2176.08,26.16
7046,3355,282,9,1060.8,8.39
7047,428,69,7,1335.22,2.15
7048,281,14,1,2391.32,49.88
7049,791,262,7,63.96,46.39
7051,3960,308,7,1684.06,79.07
7052,2847,45,7,1607.76,26.04
7053,4617,561,7,2096.02,73.74
7054,2615,585,9,581.51,7.5
7055,4631,454,9,162.69,6.6
7056,3960,335,10,307.67,45.78
7057,206,197,5,720.76,53.67
7058,3315,453,8,511.51,69.45
7059,1024,477,2,966.6,0.24
7060,752,136,3,2492.14,7.56
7061,4205,376,5,1007.96,87.02
7062,1654,306,1,1403.1,5.78
7063,2788,216,4,1923.89,18.9
7064,1063,148,8,241.58,36.2
7065,696,370,10,1842.09,77.89
7066,1626,397,10,2086.09,44.37
7067,2799,254,9,2070.35,86.82
7068,4432,61,10,981.46,24.04
7069,1095,268,7,1309.82,49.22
7070,851,223,3,178.67,68.06
7071,2685,52,9,1351.56,79.9
7072,767,121,5,2432.41,9.47
7073,1499,551,9,1317.38,78.37
7074,2866,319,10,2202.08,46.82
7075,2314,255,6,531.15,9.34
7076,2937,301,6,488.8,91.18
7077,1764,188,5,442.89,98.93
7078,900,26,9,832.51,89.19
7079,4891,277,9,1830.15,5.26
7080,677,416,9,1573.78,46.13
7081,1753,412,4,1466.29,37.22
7082,4203,383,1,166.71,80.97
7083,1740,371,4,1066.32,88.9
7084,2826,295,10,2234.01,0.61
7085,783,456,10,699.44,31.91
7086,4552,40,4,309.88,48.44
7087,735,233,2,2030.4,0.87
7088,291,429,7,2000.87,9.66
7089,1347,387,10,2008.12,68.37
7090,3173,113,4,1362.67,11.13
7091,3628,417,8,2356.45,92.58
7092,4111,324,4,102.1,91.42
7093,2520,472,1,941.46,15.66
7094,1708,321,1,1584.23,2.0
7095,4663,6,3,2065.31,78.76
7096,2183,242,2,707.57,63.0
7097,1238,143,6,218.45,16.68
7098,3038,78,2,267.75,55.16
7099,4442,580,1,865.45,4.93
7100,4925,232,7,861.46,83.26
7101,200,562,5,1812.49,30.13
7102,4517,402,6,37.98,53.58
7103,3961,315,3,662.61,72.32
7104,2721,178,8,355.72,60.74
7105,4965,560,10,1453.05,39.9
7106,3100,31,4,127.93,39.51
7107,3425,334,5,1700.99,46.45
7108,2852,54,2,1895.3,41.75
7109,3551,455,6,1319.14,63.08
7111,4204,65,6,1391.62,62.81
7112,1114,308,7,1895.27,20.91
7113,4395,362,4,233.61,11.51
7114,4197,103,8,964.88,42.04
7115,1422,26,10,855.95,66.59
7116,4716,578,1,1432.15,73.78
7117,528,591,3,1160.24,27.23
7118,1693,544,6,378.46,40.89
7119,4309,455,1,1598.0,9.18
7120,3385,551,10,243.23,50.64
7122,4829,597,3,588.77,41.96
7123,2041,66,1,1529.68,53.2
7124,4555,163,8,798.95,27.11
7125,4198,387,3,895.39,80.57
7126,4285,399,8,130.25,35.35
7127,3892,521,7,2380.35,8.98
7128,436,449,7,380.71,44.17
7129,3038,382,3,2107.74,49.22
7130,3897,274,8,1394.29,25.44
7131,1351,185,1,1314.79,8.63
7132,3598,151,10,1027.37,82.76
7133,3917,445,1,1277.96,76.79
7134,3575,482,10,375.64,17.82
7135,3777,514,5,1824.77,40.26
7136,4316,552,1,1230.03,68.2
7137,4672,538,3,994.56,44.0
7138,998,367,3,728.75,12.37
7139,3893,447,6,434.05,56.95
7140,4378,580,8,351.24,48.57
7141,2754,68,6,665.63,91.22
7142,1880,67,10,678.82,98.88
7143,2830,235,10,404.16,54.16
7144,2974,255,4,126.34,66.46
7145,3020,270,7,1364.27,81.27
7146,3484,512,9,281.08,10.37
7147,675,526,5,2147.11,42.62
7148,3370,388,8,1673.76,88.19
7149,3704,374,2,2167.68,12.52
7150,2873,530,1,947.13,95.7
7151,4618,236,4,691.16,47.05
7152,349,50,10,749.74,86.32
7153,459,10,9,1850.5,42.91
7155,4311,410,4,215.51,72.03
7156,3880,198,6,737.1,3.1
7157,4954,255,5,1361.49,26.46
7158,3890,17,4,1111.69,47.06
7159,1557,53,4,1916.2,8.74
7160,1228,397,2,1582.53,43.14
7161,4321,172,1,2322.85,72.71
7162,3438,280,8,2086.4,64.38
7164,502,546,1,103.61,0.93
7165,1246,429,1,2349.83,68.91
7166,966,125,3,1541.39,0.78
7167,4572,492,7,2208.45,75.0
7168,444,316,10,416.45,14.97
7169,3389,229,7,1763.05,34.92
7170,2173,35,5,1761.53,59.18
7171,2877,145,5,323.19,16.65
7172,2677,134,4,74.65,82.07
7173,2035,352,5,1423.95,15.2
7174,4176,208,7,1724.66,46.97
7175,3720,492,2,772.02,8.53
7176,3471,156,7,301.4,70.01
7177,4237,276,10,1204.82,7.93
7178,3452,101,10,1239.56,32.2
7179,3273,548,9,2117.24,6.4
7180,2999,337,5,1650.05,91.82
7181,3730,15,5,39.97,67.46
7182,1554,233,2,1150.03,58.59
7183,1396,540,2,1568.11,69.95
7184,4274,529,4,533.28,33.91
7185,3441,30,8,252.23,8.64
7186,3032,588,10,749.9,16.94
7187,1125,370,4,600.13,1.37
7188,3180,367,5,1562.88,58.54
7189,2297,282,6,19.08,99.21
7190,4586,160,10,1639.89,51.84
7191,2512,594,2,1934.97,64.39
7192,95,517,7,595.93,69.66
7193,1121,348,8,292.52,54.18
7194,4594,344,9,617.2,81.7
7195,1462,398,2,569.73,54.56
7196,1796,377,7,743.56,59.32
7198,1277,247,9,1622.04,27.15
7199,274,515,10,2446.51,56.63
7200,2501,218,8,2469.54,14.42
7201,4584,163,8,1107.68,58.06
7202,3084,538,9,2197.73,46.58
7203,372,365,9,313.57,23.1
7204,1294,596,5,2078.16,21.9
7205,1776,272,9,901.55,48.54
7206,2033,385,4,383.55,33.11
7207,4814,558,9,194.11,82.08
7208,3990,370,5,1324.97,45.91
7209,4471,539,9,84.05,4.84
7210,790,127,8,840.02,29.33
7211,3601,87,2,2025.99,1.86
7213,3890,333,3,2428.1,46.38
7214,1818,132,3,705.46,30.59
7215,4134,246,9,1066.15,75.77
7216,342,152,1,1523.13,30.28
7217,4460,189,6,2017.35,7.07
7218,3815,172,7,2100.23,46.96
7219,957,215,2,1290.14,49.47
7220,1074,555,3,620.86,0.21
7221,4415,518,10,1880.89,27.33
7222,4800,295,5,1528.4,8.7
7223,1097,134,4,82.47,85.05
7224,4536,32,5,1164.4,16.03
7225,2752,523,8,1699.97,38.46
7226,1045,515,4,2419.01,74.34
7227,2014,297,5,350.76,99.89
7229,1727,292,6,876.22,19.6
7230,3056,13,8,1524.16,88.4
7231,4656,177,7,864.01,91.56
7232,3865,381,3,218.26,84.83
7233,4458,140,2,2214.07,17.78
7234,452,147,9,178.86,21.77
7235,4740,582,2,1962.84,20.84
7236,4136,455,4,2079.25,28.01
7237,1316,150,5,1173.15,65.11
7238,3693,548,1,1053.22,0.75
7239,3305,298,8,728.67,66.94
7240,308,506,1,1228.02,23.12
7241,1278,241,6,2271.82,8.8
7242,4099,324,9,301.13,50.81
7243,23,356,7,679.49,19.95
7244,1350,387,2,2282.89,35.34
7245,4202,288,8,994.57,70.55
7246,2667,351,5,70.02,45.14
7247,1902,261,2,328.54,27.68
7248,73,549,3,917.53,75.08
7249,2510,585,2,2295.76,45.03
7250,70,304,6,1063.49,95.67
7251,1401,350,6,757.74,15.27
7252,4601,24,3,1639.01,70.59
7254,200,331,5,1145.62,42.41
7255,1620,213,9,1898.94,16.3
7256,4960,466,2,992.57,8.99
7257,4908,458,1,2092.2,97.29
7258,4246,433,1,1067.31,98.49
7259,4553,79,6,1379.74,84.79
7260,3808,110,9,1647.96,15.82
7261,4563,549,5,419.79,23.54
7262,2825,105,6,82.62,66.91
7263,2068,414,10,1063.3,23.61
7264,54,267,9,1361.98,0.39
7265,3969,132,2,2122.39,69.62
7267,987,67,7,75.62,90.68
7268,3034,350,9,1146.26,60.74
7269,1838,531,4,262.31,14.84
7270,2344,503,1,1020.65,58.26
7271,2166,442,7,226.78,33.17
7273,839,467,8,1662.22,73.91
7274,807,72,5,482.87,85.52
7276,860,494,7,571.97,70.23
7277,1006,490,10,1198.38,15.65
7278,2368,61,2,2232.99,7.89
7279,2626,578,7,862.02,95.91
7280,3876,143,6,1339.91,74.72
7281,4889,200,1,1242.42,32.08
7282,3515,110,6,985.4,53.5
7283,4065,324,9,53.37,30.59
7284,377,174,2,1248.01,75.0
7285,2268,416,4,887.63,70.15
7286,354,369,7,2443.31,81.42
7287,4088,354,3,783.16,19.63
7288,3951,569,6,2390.9,5.6
7289,90,502,6,748.95,38.49
7290,4213,535,10,477.58,48.48
7291,3667,115,9,2474.48,71.16
7292,2645,585,7,1609.2,28.33
7293,1855,184,5,1779.43,12.35
7294,4640,116,5,1909.28,82.31
7295,2690,518,8,1415.1,35.99
7296,2456,339,10,2227.66,54.21
7297,3759,189,8,68.36,11.44
7298,1641,274,9,427.88,11.91
7299,2373,538,6,1471.42,5.89
7301,2196,32,7,1275.69,12.74
7302,1767,54,4,87.0,57.8
7303,4265,330,8,391.44,89.29
7304,4047,26,3,2066.5,71.32
7305,1293,69,7,1358.36,35.25
7306,3707,503,2,588.13,12.3
7307,3326,233,8,1526.05,53.9
7308,352,226,7,987.66,81.25
7309,1965,419,9,1343.92,15.98
7310,1542,213,10,1035.19,7.39
7311,3900,562,6,2370.85,20.76
7312,231,377,1,953.53,25.15
7313,3312,562,6,1453.26,68.66
7314,4475,465,5,800.11,64.39
7315,1573,100,4,2495.53,88.68
7316,149,133,4,2267.19,8.67
7317,1266,7,8,1340.61,20.9
7318,3093,190,7,363.68,46.91
7319,713,66,5,2149.14,59.34
7320,2413,534,3,2076.95,40.64
7321,3515,177,2,1397.03,68.65
7322,510,106,6,937.73,74.91
7323,3339,484,10,279.02,41.57
7324,1966,10,3,422.33,83.56
7325,380,210,7,355.29,67.55
7326,4630,417,4,1091.95,17.79
7327,1666,468,1,2344.14,6.73
7328,1713,74,3,1645.27,34.48
7329,2777,48,7,1710.62,17.49
7330,2248,506,1,1648.47,68.77
7332,4178,544,8,449.82,9.9
7333,1773,362,9,1053.87,14.71
7334,517,19,8,282.34,70.91
7335,1145,479,4,440.79,87.89
7336,3020,551,1,1718.9,61.49
7337,613,475,2,2103.91,66.23
7338,1086,131,10,58.21,40.72
7339,3360,282,7,604.25,53.42
7340,3051,168,5,629.63,58.86
7341,506,139,3,2472.08,57.17
7342,3229,411,1,927.25,10.55
7343,4031,452,2,2417.77,75.57
7344,2306,215,3,2464.8,43.04
7345,4307,299,7,1585.25,90.9
7346,2935,20,1,673.03,50.52
7347,838,329,1,1731.61,44.82
7348,3220,35,7,623.55,45.45
7349,4106,352,6,1027.14,66.55
7350,3395,239,4,2219.03,13.23
7351,1006,266,3,2470.12,63.45
7352,1931,262,8,554.19,24.78
7353,569,179,10,619.31,22.04
7354,4973,229,1,2335.85,44.49
7355,506,406,8,307.02,50.5
7356,390,83,8,1376.81,80.27
7357,3151,600,2,2455.35,96.24
7358,449,338,5,2132.66,34.06
7359,1349,271,8,328.87,45.05
7360,3628,525,5,2255.48,17.83
7361,3755,65,8,488.42,84.41
7362,4564,429,7,2064.13,74.63
7363,1816,423,2,698.41,53.23
7364,684,473,4,793.84,92.18
7365,4203,489,1,1727.28,96.68
7366,3021,111,1,2314.83,55.58
7367,3232,47,3,426.32,32.58
7368,2388,71,4,2128.23,97.45
7369,1407,179,2,93.03,22.38
7370,204,588,3,2326.86,14.88
7371,1549,470,9,14.35,93.26
7372,1427,429,10,619.35,14.85
7373,1818,54,4,2255.48,1.22
7374,2645,167,4,308.62,26.76
7375,1131,134,1,683.71,48.32
7376,3319,45,5,63.94,26.89
7377,4127,162,10,634.1,69.08
7379,4972,596,7,64.1,78.92
7380,384,572,5,474.26,83.72
7381,3545,136,3,1148.41,16.51
7382,2715,219,10,1445.97,18.93
7383,1849,455,8,673.71,7.51
7384,2185,37,3,2285.69,85.71
7385,2397,204,9,365.05,0.94
7386,1857,121,6,372.79,26.37
7387,4357,182,4,2428.97,60.87
7388,2592,312,7,849.46,23.79
7389,2233,121,9,551.0,88.24
7390,590,427,4,466.5,36.78
7391,4523,70,4,1497.31,46.12
7392,2145,307,4,839.55,77.24
7393,1211,287,5,372.52,99.18
7394,4029,207,6,1300.7,77.2
7395,3700,388,10,1813.15,24.86
7396,3144,234,9,1653.79,66.4
7397,343,25,10,2030.91,90.09
7399,4793,369,9,265.41,47.73
7400,4007,30,1,1781.76,48.29
7401,1905,532,1,2139.12,98.36
7402,310,224,1,1473.12,84.15
7403,402,52,2,1422.71,17.34
7404,921,4,9,501.28,95.92
7405,861,343,9,295.22,29.03
7406,1316,436,8,923.82,97.61
7407,3228,181,2,1842.92,86.53
7408,3004,378,10,2291.56,51.01
7409,4761,92,1,800.13,30.26
7410,421,369,3,1377.15,19.93
7411,1858,481,3,165.96,37.48
7412,2699,320,9,643.66,61.0
7413,1234,299,4,2309.27,39.19
7414,1486,263,1,1281.57,15.38
7415,189,15,1,275.23,29.19
7416,554,445,2,1605.73,60.35
7417,3762,47,1,643.57,24.43
7418,1765,357,3,87.96,70.53
7419,1434,210,1,559.25,34.99
7420,991,564,5,1898.8,97.49
7421,2051,182,2,1715.94,63.89
7422,2289,453,2,1837.33,24.1
7424,2832,343,10,2061.95,14.95
7425,2476,102,8,1309.33,10.23
7426,1534,398,3,296.59,70.46
7427,1917,299,7,1662.13,57.52
7428,1632,588,8,805.84,22.9
7429,2504,273,10,1815.89,73.56
7430,2196,396,6,598.6,14.01
7431,170,11,9,2153.46,86.13
7432,1139,440,7,1388.67,42.16
7433,2452,305,1,2164.74,41.88
7434,4038,521,1,2096.83,97.06
7435,1289,534,10,1039.81,93.98
7436,4527,534,4,2007.46,82.0
7437,4556,525,3,155.57,57.05
7438,2918,171,7,892.8,72.39
7440,531,200,6,193.8,35.61
7441,4148,342,3,1658.08,97.7
7442,1924,66,2,1520.06,18.54
7443,4815,459,7,1937.02,89.14
7444,3702,186,2,1074.41,36.74
7445,4213,435,3,1846.0,0.31
7446,2159,411,2,2245.39,10.28
7448,4471,414,3,303.16,96.79
7449,4346,370,6,822.83,9.24
7450,1595,16,9,1008.96,11.6
7451,497,327,5,1162.69,46.53
7452,3782,108,1,522.31,11.09
7453,1096,467,10,201.87,6.1
7454,3532,10,7,1090.89,15.19
7455,4568,67,8,1905.24,58.41
7456,504,404,6,1434.53,86.57
7457,4849,582,6,2029.95,33.04
7458,2570,61,5,1523.42,10.17
7459,3206,263,2,704.25,22.14
7460,1812,16,2,2464.46,83.9
7462,28,388,3,1287.03,95.49
7463,4489,236,9,176.07,28.95
7464,4169,422,7,1243.74,54.18
7465,1232,116,5,2181.8,79.2
7466,3131,152,8,2177.95,62.56
7467,4786,316,8,324.68,76.55
7468,119,8,1,1889.54,89.14
7470,4153,254,5,1939.96,69.83
7471,943,34,2,845.18,49.28
7472,703,191,1,1713.7,67.48
7473,1618,407,3,28.0,14.21
7474,1469,173,7,1495.65,45.16
7475,1530,54,3,2199.91,59.8
7476,2509,2,6,1556.02,27.96
7477,4426,427,7,1436.41,27.96
7478,3214,420,1,936.65,80.31
7479,222,40,10,626.57,67.4
7480,3402,461,6,967.3,8.03
7481,1070,237,5,490.56,27.36
7482,172,258,5,1192.01,30.79
7483,94,356,8,211.22,81.99
7484,2336,101,10,733.9,87.27
7485,729,82,7,382.8,25.54
7486,3371,93,6,2409.37,39.48
7487,1103,413,3,1863.46,41.83
7488,1579,480,6,1197.45,47.4
7490,1691,111,5,47.3,85.64
7491,2185,221,5,153.03,45.07
7492,4113,179,10,127.63,84.91
7493,3323,515,8,195.32,14.5
7494,3,70,9,1608.44,14.7
7495,724,53,10,2114.02,41.97
7496,2477,146,10,74.85,17.34
7497,307,433,1,1842.09,88.11
7498,4587,511,2,892.16,20.74
7499,4590,20,5,194.62,99.16
7500,2528,577,1,743.7,25.87
7501,1445,345,3,663.69,69.25
7502,813,574,9,1956.37,55.66
7503,3229,598,5,456.19,56.5
7504,4602,305,3,1906.49,93.5
7505,1279,119,1,1180.17,42.74
7506,4815,373,10,1564.78,35.17
7507,1821,89,1,1610.18,61.01
7508,3221,254,5,2350.15,79.46
7509,412,492,10,2499.99,87.8
7510,2352,64,10,1173.98,24.44
7511,1782,335,10,2495.87,77.72
7513,4207,247,9,1672.76,52.36
7514,2091,393,6,1551.11,86.52
7515,3188,237,7,1462.86,67.77
7516,4773,121,10,1256.8,0.06
7517,1314,97,8,1302.51,96.77
7518,525,502,6,1732.43,27.77
7519,3702,91,9,1142.22,73.44
7520,150,497,6,1596.79,93.53
7521,3500,562,7,76.08,77.82
7522,4691,55,8,1954.55,5.76
7523,4368,372,4,1445.16,67.2
7524,4740,93,8,632.39,18.72
7525,451,334,2,1456.49,29.36
7526,874,265,7,2376.8,47.42
7527,1629,523,8,1456.3,39.14
7528,1852,254,5,1831.43,95.44
7529,2284,60,10,1583.66,2.93
7530,228,317,5,343.91,10.89
7531,3429,420,4,879.2,55.83
7532,2085,26,10,503.55,66.17
7533,4740,554,5,2071.66,43.32
7534,4575,224,8,538.42,37.97
7536,982,340,8,933.63,32.11
7537,4335,200,3,1026.21,14.17
7538,3787,145,1,1778.73,1.75
7539,1028,283,8,330.6,5.02
7540,3229,556,5,1721.87,84.57
7541,1266,496,1,1701.64,59.49
7542,2407,586,10,1731.87,27.81
7543,987,529,1,1549.18,52.14
7544,1488,590,3,578.6,75.57
7545,461,519,7,1639.96,36.78
7546,1351,184,1,1460.72,75.55
7548,3186,61,5,1206.17,88.82
7549,3896,249,9,2221.34,72.67
7550,4914,367,10,475.98,58.6
7551,2005,292,9,1235.07,46.77
7552,2455,440,2,2188.42,62.55
7553,2437,126,4,1534.79,8.78
7555,1193,56,10,2239.84,25.86
7556,2947,469,1,423.16,34.71
7557,3729,81,6,1515.56,74.88
7559,4202,242,7,2233.33,89.03
7560,4320,10,9,1077.69,79.85
7561,1625,543,4,330.27,50.7
7562,655,453,9,385.7,94.11
7563,4576,551,6,273.93,89.25
7564,4883,174,2,1269.57,9.81
7566,549,213,1,736.5,78.47
7567,1687,543,6,1287.05,81.9
7568,4999,453,4,1700.27,72.27
7569,2635,272,1,1729.35,54.57
7570,4380,15,2,1542.45,9.02
7571,75,559,7,1428.41,97.38
7572,964,160,10,1276.24,29.96
7573,1947,566,8,1696.11,97.24
7574,740,348,2,2041.16,28.35
7575,2787,435,4,2101.09,5.48
7576,2572,209,8,51.77,42.84
7577,3661,85,3,1386.3,58.5
7578,1632,61,7,286.95,49.45
7579,2079,150,3,2227.32,91.08
7580,3850,381,5,1889.09,40.14
7581,3246,60,7,1774.85,60.38
7582,156,315,9,305.31,61.72
7583,1791,43,6,600.59,34.15
7584,3638,394,1,989.62,3.38
7585,2685,62,9,529.41,87.25
7586,659,7,5,2440.57,51.61
7587,1585,77,10,2352.74,24.76
7588,1221,256,8,1742.45,5.82
7589,2371,362,2,2089.93,57.73
7590,2044,32,6,281.54,1.01
7591,4456,80,8,945.48,96.86
7592,173,348,9,60.71,77.17
7593,2708,449,3,1992.23,45.68
7594,4953,326,3,1333.51,30.93
7595,921,167,4,2417.08,19.01
7596,4462,151,6,732.33,29.81
7597,59,522,3,836.36,38.07
7598,1730,395,3,435.38,57.61
7599,2048,348,7,2000.49,14.28
7600,2814,326,9,1957.66,17.67
7601,3655,53,7,1318.16,4.03
7602,3929,146,4,1992.83,50.36
7603,355,354,10,769.79,23.93
7604,1458,99,3,450.32,8.36
7605,3296,343,5,2314.58,64.3
7606,3364,535,1,669.89,76.05
7607,3501,35,2,2183.83,62.92
7608,871,141,2,894.56,98.26
7609,4024,157,5,598.68,46.09
7610,2337,519,5,1431.63,69.47
7611,3349,585,4,2304.59,1.55
7612,379,577,3,272.26,37.36
7613,4604,94,8,546.02,69.67
7614,869,312,3,1971.11,31.67
7616,40,352,5,1556.71,59.33
7617,905,25,3,1686.03,83.0
7618,3380,112,8,1760.21,28.61
7619,108,356,5,165.15,23.1
7620,827,314,7,2141.71,76.75
7621,2578,264,6,1760.57,36.24
7622,4200,479,4,322.65,80.83
7624,717,333,9,770.61,78.75
7625,1414,200,10,730.58,39.86
7626,3004,302,10,1388.7,35.3
7627,4853,325,6,1141.21,43.15
7628,3070,344,5,1654.88,4.8
7629,250,473,4,2354.7,59.51
7630,4413,162,7,1359.01,37.87
7631,4195,336,10,1563.38,26.9
7632,4664,314,7,2490.89,21.9
7633,1242,240,5,1798.14,76.42
7634,1606,53,1,1857.77,79.65
7635,1983,253,4,1498.32,55.23
7636,3343,437,9,1047.5,40.46
7637,2260,525,4,321.09,35.55
7638,707,188,4,429.15,91.95
7640,1947,423,10,1974.67,70.16
7641,3120,267,5,763.2,64.84
7643,308,235,6,435.99,77.44
7644,770,569,2,1158.11,3.3
7645,2504,284,1,2325.4,26.16
7646,4727,573,7,1452.82,14.09
7647,538,316,5,1823.1,73.8
7648,3976,586,10,123.81,64.67
7649,1797,334,6,1271.11,33.23
7650,1993,108,5,1283.21,71.6
7651,313,2,8,1039.3,67.44
7652,1554,26,3,1709.57,1.48
7653,3413,496,6,1785.51,99.45
7654,1014,457,9,1538.94,75.46
7655,1920,34,10,2199.2,88.18
7656,4186,108,4,1941.96,70.27
7657,735,471,2,67.35,58.56
7658,2648,474,5,184.27,6.54
7659,1512,28,5,1095.25,89.89
7660,4452,341,10,539.91,99.66
7661,232,480,1,2448.45,87.15
7662,53,190,7,817.53,52.89
7663,3890,108,2,1180.71,24.26
7664,2680,507,3,1340.57,86.73
7665,1055,515,1,1487.36,6.27
7666,1915,76,9,2496.42,96.09
7667,2600,426,6,1150.84,70.41
7668,23,330,9,2251.51,30.08
7669,3469,390,2,1494.45,9.37
7670,171,325,6,370.0,30.4
7671,4930,422,7,1657.65,58.59
7672,3655,422,7,1295.62,61.54
7673,417,479,10,1398.53,50.32
7674,97,268,2,294.79,24.38
7675,3474,278,10,1679.33,29.0
7676,3942,44,10,534.92,23.49
7678,4413,228,8,40.57,68.73
7679,166,517,8,460.33,25.05
7680,2373,237,6,2302.7,2.46
7681,1238,132,4,499.88,76.87
7682,2223,53,4,624.01,45.09
7683,4588,267,4,2412.0,25.19
7684,4523,76,3,335.68,11.13
7685,2568,492,7,588.1,36.99
7686,2357,581,2,956.35,67.22
7687,3561,420,7,673.09,9.02
7688,3317,576,5,559.32,52.69
7689,2793,110,5,1718.38,83.66
7690,341,26,10,791.1,50.95
7691,4788,483,3,1594.09,40.51
7692,1900,61,7,185.38,83.68
7693,1269,93,10,1875.39,61.49
7694,4538,250,10,2219.19,73.59
7695,2723,385,4,2062.12,22.97
7696,619,438,5,2114.51,7.72
7697,3146,355,1,238.0,65.41
7698,1401,169,4,1044.0,61.48
7699,2780,524,4,1374.51,81.66
7700,3167,49,10,835.41,98.3
7701,1160,325,5,372.25,81.85
7702,626,198,8,2006.94,50.1
7703,3287,591,2,719.76,3.78
7704,3815,80,5,1326.1,79.99
7705,3825,547,10,24.79,76.72
7706,2970,261,7,900.25,51.89
7707,3501,108,1,2297.39,44.11
7708,1761,424,1,791.23,14.73
7709,1657,370,1,1119.54,60.3
7710,3652,187,4,2132.95,80.96
7711,2918,392,10,1363.79,17.68
7712,1064,525,2,2252.82,60.16
7713,2633,258,6,2047.38,26.1
7714,4719,257,1,454.88,88.38
7715,3273,198,8,2240.93,32.6
7716,747,45,2,2352.71,26.29
7718,4995,47,1,744.48,37.21
7719,720,477,8,281.71,21.99
7720,4158,287,10,2446.2,82.49
7721,4167,309,2,1187.86,8.55
7722,4928,156,8,1227.95,78.88
7723,4423,499,2,1350.31,20.11
7724,454,434,4,916.36,96.51
7725,3690,407,10,182.95,35.58
7726,38,158,3,2279.82,92.02
7727,814,502,8,1147.89,66.64
7728,1411,547,1,124.23,34.44
7729,3710,187,6,1629.24,27.09
7730,4509,254,9,561.96,69.58
7731,4686,444,2,1381.26,36.25
7732,2656,407,1,1967.17,2.1
7734,89,51,3,1281.83,61.04
7735,567,343,1,1253.76,17.86
7737,1446,166,3,828.38,34.57
7738,1562,96,9,331.93,31.61
7739,2176,158,5,2477.51,57.17
7740,2421,283,2,2446.18,71.18
7741,363,275,3,2144.18,18.74
7742,4093,600,6,1176.1,44.79
7743,1332,91,2,278.08,50.97
7744,1309,228,9,2157.13,54.27
7745,4332,352,8,1917.28,64.52
7746,1907,140,3,2485.54,65.88
7747,1003,325,6,2201.88,42.7
7748,1555,450,8,946.02,4.85
7749,3833,571,3,2187.38,70.18
7750,4967,501,7,595.25,29.08
7751,3904,37,1,880.25,88.63
7752,1121,339,2,36.15,77.86
7753,1792,406,9,1783.99,86.53
7754,3757,50,6,1598.46,27.97
7755,3033,152,6,944.54,45.4
7756,1936,293,5,2480.06,18.97
7757,4513,197,3,1119.05,17.06
7758,66,190,2,1684.87,21.0
7759,2467,311,3,1372.79,0.94
7761,4096,137,3,1255.65,49.35
7762,1986,203,8,663.34,44.82
7763,4362,270,1,724.2,95.32
7764,1194,566,8,2047.42,33.65
7765,2518,571,6,727.74,16.28
7766,3172,374,8,927.31,55.13
7767,4735,257,7,2386.54,96.52
7769,898,404,6,1413.74,76.47
7770,2162,284,9,2091.14,87.62
7771,3271,393,5,1682.06,96.49
7772,93,189,7,1664.01,49.41
7773,2561,82,3,2488.8,23.77
7774,917,145,1,1156.26,22.57
7775,3939,317,9,2476.44,29.85
7776,2444,170,9,1095.01,67.58
7777,1826,451,10,2336.69,36.81
7778,2424,85,6,833.1,46.16
7779,2794,13,5,441.06,15.69
7780,4462,382,10,1658.88,56.22
7781,4219,88,8,196.2,70.26
7783,4958,578,9,302.54,37.12
7784,245,62,5,762.44,50.44
7785,4726,45,7,1317.51,1.32
7786,4079,527,3,368.75,25.5
7787,4936,244,1,782.4,77.74
7788,4933,461,8,2445.0,29.56
7789,4131,66,6,932.83,7.74
7790,2444,240,7,1851.66,13.97
7791,1112,36,10,688.44,3.41
7792,1141,425,7,2145.24,74.85
7793,4914,492,8,1730.36,18.31
7794,2507,400,10,1573.4,90.83
7795,2800,469,9,1032.7,3.02
7796,2639,482,1,915.2,76.21
7797,1613,168,10,2044.06,67.48
7798,877,261,2,111.64,28.04
7799,2933,177,5,1455.34,8.11
7800,1599,370,9,1310.69,36.53
7801,3158,558,4,350.66,82.04
7802,1113,409,6,68.85,75.1
7803,989,96,5,1214.23,22.84
7804,3156,158,9,1834.12,26.21
7805,2528,555,7,915.01,44.28
7806,2478,143,2,1996.92,22.78
7807,2266,314,6,2476.38,74.16
7808,908,54,6,2062.69,66.06
7809,4176,34,7,390.36,11.33
7810,2103,91,2,368.86,36.18
7811,361,299,9,1497.99,39.26
7812,2567,46,3,1558.27,95.0
7813,4440,515,1,819.67,16.36
7814,4230,140,2,1229.14,12.79
7815,1059,383,7,1414.42,76.74
7816,3325,5,10,635.71,18.23
7817,1731,15,2,1983.67,1.11
7818,2225,598,9,2085.35,14.65
7819,71,217,5,917.46,89.19
7820,4539,522,2,1611.87,87.86
7821,2591,505,4,966.96,83.52
7822,4143,465,10,1555.99,38.65
7823,683,415,10,1633.5,69.07
7824,2115,399,2,961.08,67.05
7825,3526,229,4,1670.07,73.61
7826,4888,451,9,1263.55,64.15
7827,1225,300,8,932.48,63.84
7828,707,404,9,1081.32,18.23
7829,3603,332,7,747.99,51.01
7830,2454,32,5,2068.4,98.77
7831,4387,202,2,1933.74,12.02
7832,2524,479,5,453.66,23.74
7833,1559,162,9,1131.61,92.69
7834,70,174,6,1216.6,29.58
7835,1420,257,2,567.23,99.4
7836,1305,31,6,1799.95,47.65
7837,1228,395,1,2333.75,85.24
7838,2005,389,7,1626.94,41.59
7839,4273,371,4,339.52,53.8
7840,2577,526,3,27.81,69.65
7841,211,113,2,575.35,91.13
7842,3258,525,8,852.34,77.09
7843,1287,80,7,1852.81,47.63
7844,4516,18,8,38.02,50.05
7845,4616,218,1,1515.46,80.41
7846,1007,386,1,1253.54,80.52
7847,2470,580,3,473.1,93.8
7848,3829,526,10,2239.44,27.59
7850,4793,560,2,2330.27,58.38
7851,11,524,1,688.33,50.79
7852,743,250,3,941.26,19.12
7853,2232,93,10,1713.96,90.56
7854,3962,147,9,1174.69,17.4
7855,678,477,10,867.33,81.46
7856,1623,119,4,293.79,59.21
7857,2862,370,7,2251.12,90.6
7858,3756,564,2,160.03,54.65
7859,4046,403,6,597.47,12.39
7860,1825,114,7,2253.84,26.59
7861,3694,238,3,1438.91,95.99
7862,3015,474,1,2419.45,27.92
7863,4553,439,3,61.32,66.08
7864,4634,29,4,2139.22,25.91
7865,681,488,6,1593.68,95.32
7866,3974,177,8,254.72,82.75
7867,4608,504,8,1818.24,53.99
7868,1266,398,8,857.24,4.75
7869,1402,214,4,938.9,28.34
7870,1283,327,4,575.93,37.6
7871,1724,151,2,1949.04,58.84
7873,4855,240,3,2345.46,33.84
7874,2926,96,2,1365.62,98.1
7875,4645,494,1,1969.24,16.39
7876,4570,593,2,288.03,69.43
7878,4483,103,1,262.46,99.15
7879,1897,409,3,64.54,39.53
7880,2261,577,4,2393.74,86.14
7881,15,462,3,339.44,72.48
7882,4945,256,1,1739.64,83.77
7883,4973,3,7,1600.32,11.3
7884,4732,247,3,1112.23,73.14
7885,509,278,9,677.49,40.33
7886,4712,84,1,2202.19,91.2
7887,2707,164,10,159.67,48.56
7888,446,317,4,2134.93,57.75
7889,279,337,10,814.31,4.67
7890,2278,225,5,19.11,10.44
7891,3518,499,2,79.2,34.52
7892,602,59,2,1190.63,24.53
7893,2405,172,6,1863.56,42.68
7894,3924,357,4,937.6,26.48
7895,4504,184,2,965.88,82.54
7896,669,276,3,1955.11,33.41
7897,4155,302,10,2080.36,32.24
7898,3606,229,9,2055.19,97.11
7899,125,86,10,2414.16,11.89
7900,4974,146,3,752.2,37.81
7901,541,329,9,2088.78,1.96
7902,4645,130,2,2399.45,14.49
7903,916,87,2,704.88,92.62
7904,268,94,6,2365.86,77.85
7905,3672,38,1,2109.29,27.53
7906,3628,401,1,1136.49,62.02
7907,4192,131,10,692.98,92.83
7908,1159,546,1,570.5,25.34
7909,2710,273,1,213.08,92.92
7910,4904,480,5,1517.82,40.63
7911,3367,256,7,1808.63,71.14
7912,2923,426,2,2064.04,8.5
7913,2250,85,3,2236.32,72.65
7915,3837,479,3,2285.85,15.16
7916,3447,226,2,2325.23,27.89
7917,2529,406,7,637.93,45.14
7918,3872,339,9,1822.04,85.13
7919,3871,20,1,671.95,62.88
7920,1655,474,7,210.15,31.8
7921,3423,195,1,1701.85,48.69
7922,858,419,5,1151.55,22.58
7923,4435,185,3,1154.55,34.92
7924,2432,510,7,799.99,19.08
7925,4604,302,2,2494.52,84.64
7926,2049,473,7,2223.93,33.84
7928,857,383,6,1141.04,42.89
7929,4582,188,5,585.04,13.75
7930,3586,540,9,1261.88,99.3
7931,2669,236,3,2139.57,72.61
7932,1278,571,3,1053.31,53.52
7933,4078,224,10,418.6,56.8
7934,3179,53,9,1530.1,78.64
7935,4897,289,4,1240.68,54.68
7936,4968,251,10,762.57,23.87
7937,816,263,9,1688.95,61.84
7938,3718,24,6,1751.16,48.93
7939,4117,600,6,662.09,85.4
7940,2047,395,6,324.36,23.88
7941,3415,569,1,414.23,43.27
7942,154,391,8,1260.5,71.87
7943,2052,424,6,918.68,13.8
7944,3965,150,2,728.42,61.16
7945,2665,288,7,1061.24,21.48
7946,4625,600,9,1178.05,59.91
7947,38,1,1,710.2,40.95
7948,2964,168,1,342.1,92.33
7949,1120,308,2,1218.03,19.55
7950,32,405,1,676.81,2.6
7951,650,462,10,1848.98,88.8
7952,1874,326,7,749.0,51.0
7953,190,166,2,1968.93,8.73
7954,234,89,2,792.58,79.3
7955,1590,536,2,547.78,60.13
7956,16,300,10,1537.17,51.74
7957,1944,189,6,1193.39,4.72
7958,4791,226,7,382.56,50.57
7959,1123,325,8,1176.01,86.75
7960,2849,186,9,1020.41,24.98
7961,4851,504,10,1837.77,13.75
7962,3772,93,5,1913.59,60.36
7963,2186,341,2,1426.32,92.23
7964,2542,599,7,741.82,98.21
7965,348,334,10,1744.82,86.67
7966,2217,577,6,1523.82,27.55
7967,542,262,6,290.5,1.03
7968,4377,476,1,2037.49,16.77
7969,2877,315,10,1129.55,20.04
7970,3081,392,4,1069.85,58.88
7971,4342,206,10,1918.22,71.72
7972,4057,227,4,1767.83,77.49
7973,2698,287,3,1559.33,49.55
7974,2414,579,8,1572.74,49.44
7975,470,157,8,1337.3,48.55
7976,245,465,2,605.5,9.03
7977,2209,488,9,1333.7,14.05
7978,3446,108,6,470.8,54.06
7979,2438,51,3,2101.18,14.88
7980,1088,453,8,1600.16,28.99
7981,4088,48,1,1336.29,44.54
7982,4690,84,5,1617.15,66.47
7983,143,155,8,1203.36,91.43
7984,2103,196,9,2199.18,14.29
7985,249,40,1,1949.36,59.42
7986,3191,345,5,1497.79,74.43
7987,2827,270,8,1789.27,18.68
7988,3583,9,4,1047.29,76.66
7989,2439,455,10,343.38,67.65
7990,1793,162,10,2325.7,86.5
7991,4740,370,3,1438.15,39.64
7992,4166,537,8,902.47,26.79
7993,1135,443,2,674.06,79.98
7994,4831,257,1,219.74,18.35
7995,2442,436,5,518.11,3.35
7996,4412,293,4,2081.06,58.7
7997,4149,585,5,2327.4,24.69
7998,3443,304,7,1237.63,67.24
7999,3874,100,6,1986.2,57.97
8000,380,448,7,1494.62,48.08
8001,1826,20,1,1867.59,2.92
8002,4166,491,3,1332.37,15.96
8003,2545,32,3,2101.4,56.4
8004,601,511,4,209.83,12.47
8005,1046,147,2,203.11,24.79
8006,1897,385,2,1809.43,20.42
8007,311,22,9,123.85,10.49
8008,2450,5,6,1309.58,69.11
8009,2906,32,8,552.5,25.42
8011,493,180,2,466.21,60.41
8012,1439,5,7,1565.21,99.92
8013,3215,82,5,1924.27,55.74
8014,1219,223,3,1411.95,53.91
8015,3846,129,5,2400.51,7.36
8016,574,569,4,2430.32,34.33
8017,2566,247,2,93.01,96.58
8018,148,265,8,1255.71,82.53
8019,1217,55,9,1919.07,91.0
8020,4883,143,3,832.29,96.46
8021,1946,183,10,169.22,87.94
8022,2257,375,5,2466.82,62.86
8023,3457,221,9,215.4,40.95
8024,51,283,9,1858.47,96.76
8025,3434,429,2,1463.61,31.37
8026,704,549,10,255.64,69.1
8027,3220,257,3,1645.91,95.21
8028,4413,551,9,1503.08,5.0
8029,4035,241,1,64.52,56.16
8030,1455,185,4,1320.92,12.09
8031,2871,154,1,497.85,68.59
8032,1001,469,9,1778.09,97.19
8033,1335,340,10,1124.63,9.05
8034,4219,364,8,116.24,30.62
8035,4077,231,10,334.84,21.7
8036,960,298,1,1449.78,96.22
8037,1667,464,8,2478.31,93.9
8038,3061,486,5,1595.29,91.96
8039,3555,220,7,305.31,28.24
8040,4996,177,4,1546.8,78.91
8041,1864,600,3,756.42,49.22
8042,337,51,9,887.54,91.53
8043,2957,385,7,1649.28,21.01
8044,3526,530,9,1320.25,6.15
8045,4968,504,2,1941.57,26.32
8046,2271,370,3,36.61,36.05
8047,3350,406,4,504.26,35.84
8048,4861,454,3,378.06,85.51
8049,4753,97,4,2376.81,31.08
8050,2757,555,9,2238.56,9.34
8052,1538,210,1,30.87,88.57
8053,3201,141,8,1493.22,50.53
8054,2423,367,6,589.31,76.47
8055,4338,144,3,2065.93,30.24
8056,4193,64,9,357.46,32.69
8057,4539,384,7,1286.49,19.23
8058,839,30,8,1344.23,42.1
8059,1392,560,5,1745.05,54.84
8060,4376,579,6,924.79,32.72
8061,2297,355,10,515.44,34.63
8062,4300,375,4,431.41,29.31
8063,656,60,2,2431.29,36.85
8064,4657,288,10,470.03,91.41
8065,855,252,4,373.52,16.15
8066,4412,218,3,945.9,11.5
8067,2271,366,6,1732.12,40.74
8068,3310,392,1,314.92,49.29
8069,3083,268,10,170.18,93.72
8070,2776,479,7,2423.32,48.36
8071,790,177,10,16.34,19.02
8072,3118,386,6,494.14,3.11
8073,4632,531,2,1196.53,56.29
8074,3568,428,3,1752.28,10.97
8075,1116,221,8,520.72,60.43
8076,197,164,2,1586.14,48.24
8077,1785,150,6,1085.22,4.0
8078,1561,431,9,621.45,37.5
8079,2446,165,3,128.09,74.07
8080,833,114,1,2292.4,68.25
8081,2331,278,2,2446.77,45.6
8082,4404,161,7,647.29,60.02
8083,669,459,3,2440.45,26.05
8084,4135,482,9,1805.06,11.28
8085,1709,99,3,2468.47,46.46
8086,4283,26,5,1988.27,8.52
8087,2012,527,8,604.74,39.48
8088,3999,116,7,1289.42,20.93
8089,4339,362,5,962.61,29.41
8090,2018,435,3,796.76,71.84
8091,45,349,6,2468.93,75.41
8092,4754,142,4,806.74,41.96
8093,1865,26,10,1046.39,97.82
8094,1495,144,4,2276.95,34.25
8095,703,198,4,2238.4,61.52
8096,3204,477,8,225.59,8.74
8097,4503,394,3,462.77,86.8
8099,651,97,10,2108.93,83.24
8100,1464,472,9,1518.45,71.71
8101,4108,144,1,1235.09,27.97
8102,4288,394,6,893.07,62.17
8103,4781,183,10,1683.35,54.76
8104,2197,326,9,1995.83,90.8
8105,774,442,1,1984.73,82.79
8106,1944,213,8,872.07,74.45
8107,2836,75,9,339.48,88.83
8108,2860,208,3,1240.9,64.23
8109,1171,564,9,371.84,26.07
8110,2237,135,2,50.98,44.7
8111,2839,429,1,561.94,58.08
8112,3873,357,9,1755.27,49.76
8113,2358,210,7,1660.94,14.61
8114,1541,34,10,1667.02,49.96
8115,1565,153,5,1377.91,24.44
8116,4597,555,1,141.38,56.45
8117,1652,473,5,354.41,90.24
8118,963,381,4,1518.14,73.48
8119,4824,444,3,621.53,16.19
8120,780,428,7,1505.75,7.86
8121,2389,92,6,613.63,3.19
8122,553,71,2,1624.92,3.09
8123,2727,566,2,1576.48,73.0
8124,2078,262,2,1976.37,29.92
8125,2225,70,3,2348.44,73.66
8126,2960,316,2,2063.17,37.68
8128,4623,75,7,2101.53,78.14
8129,4726,6,10,747.55,4.21
8130,2506,115,3,1537.33,93.64
8131,1243,522,8,1395.62,67.38
8132,537,456,4,662.26,30.41
8133,2900,424,9,459.63,46.83
8134,3695,476,8,1387.1,98.16
8135,4319,396,3,1137.55,20.37
8136,2590,443,8,1712.79,20.02
8137,499,296,3,793.38,80.37
8138,525,336,6,182.61,94.69
8139,1195,451,9,587.43,69.1
8140,932,314,6,417.42,48.44
8141,4278,535,2,334.0,69.62
8142,2098,136,8,1282.0,19.66
8143,1168,59,5,2268.6,12.07
8144,1954,32,3,401.21,33.83
8145,3845,157,1,569.98,14.73
8146,2243,276,9,2208.29,27.81
8147,3670,289,6,1585.2,53.89
8148,2089,542,1,39.89,35.76
8149,1257,589,3,1625.72,25.38
8150,4683,584,10,1302.28,16.18
8151,1150,90,4,880.17,90.71
8152,1499,222,3,616.11,78.19
8153,884,385,2,437.89,63.88
8154,445,527,6,115.88,52.13
8155,524,229,3,1643.06,77.59
8156,504,315,5,145.36,82.16
8157,1614,10,3,1712.85,97.39
8158,1342,378,4,2211.61,22.64
8159,3789,242,4,1145.3,4.33
8160,4388,347,4,1132.61,12.85
8162,2825,592,1,1415.22,59.27
8163,3591,15,1,350.18,74.94
8164,369,540,8,256.46,32.06
8165,849,445,6,2483.23,95.18
8166,3342,366,3,338.64,15.76
8167,4324,429,2,787.95,27.15
8168,1871,285,2,221.21,10.91
8169,3081,555,10,2398.94,89.36
8170,1753,428,7,1993.77,7.15
8171,785,532,4,683.06,45.27
8172,3852,476,7,193.38,3.02
8173,4797,249,10,2378.68,65.29
8175,3163,380,8,1080.38,87.81
8176,687,416,9,2485.99,6.93
8177,219,95,9,51.95,1.12
8178,2682,550,7,111.12,54.23
8179,4011,467,8,1492.42,77.61
8180,1674,73,8,1761.77,88.74
8181,3326,333,10,1186.51,64.19
8182,4269,348,6,1356.54,47.11
8183,2993,488,4,745.09,31.01
8184,3833,159,4,2399.55,18.97
8185,1205,221,2,2451.06,57.71
8186,3452,514,2,2419.59,41.83
8187,1952,502,2,916.77,42.85
8188,1434,35,9,949.11,60.68
8189,1636,576,8,710.82,51.24
8190,3254,374,2,1685.16,58.09
8191,235,231,1,2269.92,90.0
8192,4615,139,2,2240.99,63.21
8193,1712,205,5,157.1,57.21
8194,4758,350,4,1470.14,62.81
8195,2498,48,3,2278.17,22.74
8196,593,239,10,387.29,20.81
8197,346,421,10,1749.45,79.47
8198,323,59,9,1877.54,9.14
8199,1798,375,7,319.26,23.65
8200,4941,314,1,2070.79,13.87
8201,552,195,1,2168.34,18.82
8202,2539,154,1,432.64,57.37
8203,776,567,6,1657.58,16.34
8204,3030,394,5,854.75,71.0
8205,2409,420,5,1752.86,29.39
8206,4860,8,6,543.02,19.49
8207,2009,128,6,1596.77,47.8
8208,4846,492,4,932.65,29.42
8209,1667,202,4,393.93,58.39
8210,449,285,10,2146.8,17.27
8211,742,158,7,309.53,78.23
8212,1747,486,1,1439.25,76.27
8213,4575,289,1,508.45,77.18
8214,880,463,3,775.82,4.38
8215,3968,422,8,1522.59,9.95
8216,915,429,8,724.97,5.42
8217,1851,480,8,795.75,7.27
8218,3892,503,8,1278.36,30.63
8219,363,573,3,230.91,33.95
8220,4581,456,9,200.89,57.12
8221,4030,465,8,859.15,21.67
8222,3829,492,2,116.38,74.47
8223,3029,360,10,219.16,78.52
8224,1239,565,1,1553.13,88.25
8225,2725,247,3,1983.5,94.37
8226,65,167,7,1396.14,62.2
8227,2359,376,7,799.17,37.12
8228,3987,352,2,802.07,58.2
8229,4689,541,9,387.7,97.0
8231,3301,450,10,468.88,99.46
8232,2260,302,9,558.53,41.16
8233,4778,232,5,1198.1,98.5
8234,4562,518,8,2230.24,74.33
8235,1665,526,7,1896.6,67.12
8236,805,440,5,1456.44,12.08
8237,3251,148,6,2230.68,99.45
8238,3261,256,5,1795.71,33.66
8239,4303,431,2,361.6,40.46
8240,4013,574,5,2350.22,5.32
8241,3568,467,4,961.59,10.41
8242,195,171,8,575.29,85.6
8243,4950,47,2,410.95,2.19
8244,2281,324,2,88.01,82.36
8245,2434,316,7,10.26,79.8
8246,3833,131,10,2194.51,30.32
8247,2487,230,3,142.81,40.0
8248,162,327,10,1617.76,6.18
8249,479,30,3,1002.18,56.83
8250,2337,403,3,509.33,90.22
8251,2075,177,6,371.0,0.14
8252,3665,380,9,2455.46,46.19
8253,755,587,1,20.24,4.21
8254,4915,307,5,1455.77,64.19
8255,3054,533,6,712.8,90.71
8256,3056,519,9,2114.49,70.18
8257,470,192,3,2380.63,16.37
8258,596,284,9,273.94,51.44
8259,3304,359,6,2238.87,98.53
8260,4407,348,2,230.35,37.48
8261,1078,533,10,984.38,47.52
8262,367,178,2,492.69,18.82
8263,4524,458,7,1330.63,78.22
8264,4654,471,9,72.04,63.68
8265,442,352,5,2258.05,13.28
8266,3799,361,2,1605.37,53.92
8267,1180,510,4,1148.1,39.81
8268,1542,128,9,280.79,28.7
8269,4447,397,1,2026.86,67.12
8270,3408,543,5,1495.85,32.41
8271,864,529,1,926.13,32.64
8272,593,404,5,2185.49,25.69
8273,3572,249,2,1924.98,39.8
8274,4465,458,2,805.3,56.64
8276,290,329,2,1205.09,76.64
8277,3159,565,10,357.49,91.41
8278,3871,343,5,227.62,5.22
8279,2346,48,2,2176.08,65.78
8280,2872,462,6,562.35,0.09
8281,2978,136,8,704.02,23.19
8282,700,83,9,2219.61,37.07
8283,1912,219,7,755.82,99.65
8284,2686,418,10,1474.66,15.22
8286,4583,444,6,2274.21,79.91
8287,2345,534,7,2203.88,1.29
8288,2939,141,9,2329.05,15.42
8289,3939,301,3,1593.68,89.01
8290,1354,520,3,1612.72,31.33
8291,2696,87,10,249.95,76.14
8292,2235,54,1,44.38,67.93
8293,2333,479,7,1746.6,83.05
8294,1236,36,10,2067.82,98.32
8295,3567,150,2,2074.01,18.69
8296,3042,401,1,709.15,87.46
8297,1897,596,10,2497.88,81.26
8299,2693,423,3,175.56,16.11
8300,4612,593,10,1206.61,34.88
8301,2054,497,3,1682.02,44.05
8302,4852,297,9,687.71,12.77
8303,1077,124,6,2145.16,2.03
8304,2964,329,7,23.52,56.94
8305,2476,217,8,19.45,62.84
8306,689,411,9,541.68,27.75
8307,1886,398,2,2002.56,80.96
8308,2519,34,3,513.81,92.75
8309,1529,482,1,1623.85,52.71
8312,4455,471,7,1481.2,78.93
8313,4805,97,6,92.13,81.9
8314,549,434,3,1504.25,43.01
8315,1164,236,1,1361.92,55.36
8316,56,561,3,491.39,29.61
8317,3842,48,1,780.91,40.11
8319,750,192,4,641.23,19.46
8320,4666,355,8,1055.08,51.51
8321,4146,170,10,1208.27,22.61
8322,3633,143,5,2144.94,28.16
8323,4930,597,3,1235.5,51.75
8324,3442,135,7,2139.15,33.69
8325,3963,144,6,1280.68,23.08
8326,2763,176,1,483.53,21.1
8327,4951,529,2,2466.58,41.81
8328,253,142,8,1394.35,25.47
8329,4796,178,9,1351.94,18.63
8330,650,599,2,2269.22,87.59
8331,777,141,10,608.59,43.48
8332,1577,203,6,888.83,44.86
8333,2418,399,5,1359.5,62.91
8334,4941,292,8,1143.7,10.37
8335,4998,382,4,236.44,84.99
8336,4011,173,7,673.33,0.44
8337,3746,462,4,372.5,19.35
8338,1652,385,2,256.12,95.18
8339,3520,309,5,1335.8,90.66
8340,767,349,8,477.09,37.26
8341,118,210,8,529.79,89.57
8342,2486,396,2,426.07,5.06
8343,2794,39,8,200.27,27.79
8344,1394,415,8,593.66,26.09
8345,237,85,6,1818.42,85.76
8346,1397,265,4,1504.75,91.12
8347,2704,474,5,225.49,58.28
8348,4929,82,7,2075.22,58.68
8349,2142,417,3,208.26,40.07
8350,1498,504,8,2186.12,91.3
8351,4460,328,8,979.18,96.35
8352,409,418,1,1688.97,87.81
8353,1596,99,7,460.31,80.36
8354,4242,469,10,2362.21,41.79
8355,1942,331,7,264.5,37.98
8356,1559,290,3,2037.1,42.72
8357,1117,403,2,519.23,59.4
8358,318,444,4,2261.36,34.74
8359,1244,575,9,581.2,78.88
8360,2208,396,1,564.3,91.25
8361,4775,368,2,800.63,64.88
8362,715,448,7,1698.78,75.73
8363,2181,584,10,115.11,54.91
8364,1037,65,10,436.74,2.71
8365,1429,471,1,552.25,97.03
8366,3128,347,4,1039.3,63.64
8367,2892,264,7,458.12,59.24
8368,1260,167,6,1129.95,88.8
8369,2483,295,1,1059.89,32.11
8370,916,428,7,1937.12,67.06
8371,4124,366,10,2224.53,30.43
8372,2930,536,2,2126.77,94.19
8373,2299,298,10,291.93,52.64
8375,4180,347,5,39.43,4.09
8376,1159,267,4,680.77,70.93
8378,4580,310,3,501.67,98.69
8379,36,483,3,695.27,97.24
8380,2879,193,8,674.98,66.3
8381,3809,297,1,1427.65,83.44
8382,3052,505,3,483.56,65.98
8383,1336,554,10,2025.08,30.21
8384,2416,427,7,2048.08,60.54
8385,892,386,4,784.46,59.28
8386,1507,506,9,1625.45,2.8
8387,3809,161,2,2026.94,87.04
8388,2718,530,9,1145.38,89.39
8389,3561,420,1,899.39,14.71
8390,2954,229,9,89.74,28.33
8391,3682,212,9,71.29,83.87
8392,63,54,1,1564.12,21.13
8393,3575,482,6,506.33,18.73
8394,4032,395,3,188.69,71.87
8395,4437,276,3,686.49,31.15
8396,1895,431,6,55.92,16.96
8397,4936,24,9,1798.51,51.17
8398,4055,545,8,2464.91,19.91
8399,2216,299,6,1033.68,24.19
8400,3033,236,5,884.12,30.87
8401,394,437,7,2234.04,34.12
8402,4894,390,8,815.41,15.46
8403,425,82,10,2231.75,70.78
8404,3198,404,10,2153.15,62.94
8405,1634,20,2,1588.23,43.85
8406,2798,461,6,2307.07,45.88
8407,4594,50,7,1935.94,79.62
8408,1703,98,1,605.41,13.79
8409,577,138,7,2422.64,31.26
8410,4739,143,6,2196.9,91.49
8411,392,186,4,2062.53,8.46
8412,496,411,10,722.63,88.45
8413,3599,469,7,1854.63,28.49
8414,3816,294,8,2036.31,16.24
8415,317,220,1,265.85,75.91
8416,3092,593,8,1891.81,66.87
8417,831,440,3,1802.77,47.93
8418,244,537,8,997.4,84.26
8419,2028,565,5,1778.05,5.51
8420,1150,475,9,2402.18,54.36
8421,2912,180,8,1185.28,51.41
8423,3620,105,2,2304.81,73.72
8424,616,253,8,1207.36,96.69
8425,997,100,2,67.56,44.42
8426,1391,506,6,1290.25,36.73
8427,519,3,2,932.06,65.89
8428,4387,209,4,778.1,61.45
8429,3805,559,9,1630.04,60.81
8430,3169,488,5,1485.97,68.19
8432,4722,588,6,1010.26,16.54
8433,3165,75,4,1734.95,51.16
8434,3905,87,2,148.67,67.89
8435,3977,548,3,1090.94,10.96
8436,2418,464,2,682.63,7.79
8437,4316,544,10,1013.1,25.13
8438,3383,254,8,1396.2,27.0
8439,741,421,10,1339.3,76.55
8440,1835,88,2,417.03,63.32
8441,2704,131,8,1991.95,82.94
8442,7,286,2,2094.73,99.35
8443,1150,108,2,1779.91,69.5
8444,2350,349,7,223.57,16.13
8445,4242,578,9,2491.93,19.37
8446,4905,530,1,2119.86,74.75
8447,826,123,10,2125.81,70.2
8448,3661,147,10,2022.71,96.22
8449,437,420,4,1181.01,29.67
8450,945,130,7,596.67,52.43
8451,1756,511,10,1534.33,53.12
8452,4965,508,8,1958.31,78.74
8453,1025,318,4,1736.83,96.17
8454,3824,345,4,325.45,73.17
8455,3404,248,6,2492.65,10.05
8456,3631,196,9,515.36,34.2
8457,1587,10,7,1335.29,14.07
8458,3066,235,8,882.71,21.0
8459,1065,123,8,1289.26,10.62
8460,3988,526,4,671.14,23.06
8461,3863,297,10,303.26,36.37
8462,1067,194,2,1705.71,26.01
8463,4622,503,10,2188.14,83.38
8464,408,74,4,337.7,97.47
8465,755,49,2,2404.08,50.97
8466,663,161,4,1477.19,44.91
8467,2079,262,10,855.48,48.56
8468,3381,392,7,1715.97,65.49
8469,1443,208,5,1225.97,40.23
8470,2042,91,8,564.57,81.8
8471,841,146,7,1586.18,69.33
8472,4623,257,9,2194.32,83.13
8473,3510,269,4,2088.79,35.62
8474,4453,155,5,1115.09,63.21
8475,809,425,6,1000.01,27.76
8476,793,28,9,1292.63,75.92
8477,3549,518,3,2351.84,14.82
8478,2851,62,3,1472.59,46.95
8479,2818,386,2,600.22,85.22
8480,4175,513,6,1289.96,64.78
8481,525,146,9,1646.62,5.95
8482,2050,23,4,1965.67,80.12
8483,387,549,5,1168.96,8.62
8484,1263,344,4,2492.6,41.41
8486,2790,590,10,2260.9,37.29
8487,18,83,6,2379.29,78.07
8488,4176,362,8,537.54,80.56
8489,3813,269,9,1810.85,33.77
8490,3532,274,8,310.44,60.1
8491,37,119,9,1401.97,77.7
8492,1354,598,1,77.96,4.82
8494,10,137,7,20.25,9.52
8495,1606,190,10,1837.3,79.96
8496,2910,137,2,1405.18,35.86
8497,1062,513,1,194.11,21.65
8498,2044,252,3,1301.96,13.63
8499,3977,576,6,2036.4,47.77
8500,446,164,7,2346.32,83.45
8501,4285,407,6,13.91,5.48
8502,3225,529,1,514.05,96.96
8503,777,348,5,146.46,41.9
8504,1741,207,3,798.06,4.63
8505,3433,328,2,126.85,13.71
8506,443,414,9,2086.32,34.81
8507,3672,34,2,244.53,15.22
8508,937,149,8,2337.25,92.66
8509,3829,428,7,672.47,26.6
8510,4029,423,6,1237.48,58.45
8511,3720,554,3,1925.33,15.1
8512,1928,143,2,872.27,52.21
8513,3315,99,1,1704.94,58.65
8514,7,440,3,1665.36,77.63
8515,3245,108,4,375.4,69.95
8516,1771,474,2,2361.67,97.04
8517,738,272,3,1725.15,52.25
8518,4201,202,3,1805.97,33.6
8519,3725,305,9,1899.38,12.29
8520,130,287,3,623.43,25.9
8521,4223,241,9,606.84,34.91
8522,4446,176,2,1194.08,0.87
8523,2967,170,5,1309.76,56.35
8524,2320,431,3,2006.53,70.79
8525,614,77,4,1546.48,25.36
8526,580,507,1,2174.26,65.72
8527,3130,229,4,2034.87,99.03
8528,865,44,10,1150.69,43.46
8529,4143,384,4,870.85,46.13
8530,377,78,3,1094.75,97.22
8531,1256,107,4,1888.86,98.6
8532,1395,448,7,1135.28,23.37
8533,4266,295,6,1288.31,92.72
8534,2435,422,9,684.05,12.53
8535,2766,422,7,1269.48,21.98
8536,1918,226,3,169.16,47.22
8537,2417,244,4,533.44,70.28
8538,712,485,5,1610.26,34.32
8539,2618,569,6,1251.37,54.72
8540,3096,388,7,1895.61,59.46
8541,4543,363,7,2214.41,2.58
8542,3435,215,6,1343.1,72.52
8543,4528,276,4,199.46,86.36
8544,590,479,1,1432.03,34.79
8545,2242,379,1,1043.96,41.84
8546,1481,198,4,1702.22,2.5
8547,3046,493,6,2384.51,8.64
8548,3309,198,10,384.42,61.06
8549,3359,468,2,780.66,91.55
8550,3821,373,3,2374.06,40.19
8551,333,257,2,467.57,26.11
8552,2491,93,7,1070.44,71.37
8553,3785,283,8,1330.57,60.53
8554,4501,236,6,1415.51,4.37
8555,1656,115,5,1287.82,90.65
8556,4474,125,2,752.75,90.17
8557,858,576,1,1101.13,58.56
8558,2301,24,4,1025.24,3.72
8559,2543,482,9,1669.73,79.47
8560,1347,508,3,1335.38,20.51
8561,4744,86,1,1121.24,57.14
8562,1656,600,3,1355.47,86.67
8563,4196,361,1,1974.15,34.69
8564,4068,478,4,1189.6,35.67
8565,1722,477,1,236.98,53.54
8566,2521,485,10,1074.67,68.18
8568,2061,298,6,824.92,5.49
8569,2060,349,6,908.72,25.14
8570,1435,72,7,1143.99,9.81
8571,4256,395,1,650.66,71.7
8572,623,511,8,46.99,14.45
8573,4095,143,8,147.38,98.9
8574,2942,349,3,1707.49,43.45
8575,720,271,8,364.89,30.84
8576,2092,103,4,1845.41,36.34
8577,413,570,8,1538.27,6.69
8578,3375,290,3,694.82,38.32
8579,1773,484,6,344.23,28.42
8580,1206,208,4,1368.17,15.46
8581,2070,443,7,957.78,87.12
8582,3336,513,4,1972.4,52.74
8583,1257,323,5,2285.53,28.0
8584,3031,582,8,1596.32,95.33
8585,4151,2,9,2194.59,76.93
8586,4833,282,10,1232.53,62.87
8587,4454,477,3,335.63,55.07
8588,4825,152,7,461.98,83.62
8589,4728,233,7,569.27,35.94
8590,674,273,4,516.82,82.34
8591,3039,224,10,1178.22,42.21
8592,1263,299,9,145.35,74.0
8593,2177,120,2,2468.66,85.97
8594,2350,465,10,61.1,25.68
8595,4958,197,9,2499.1,86.37
8596,3279,317,10,1545.4,60.2
8597,4694,517,3,410.8,8.89
8598,2170,367,5,1531.9,50.83
8599,4693,129,7,1852.84,10.71
8600,550,534,2,1170.87,74.4
8601,111,141,1,1502.31,46.7
8602,120,595,9,1959.76,26.38
8603,3992,376,8,81.3,85.8
8604,586,138,5,2331.23,12.54
8605,665,80,8,1006.97,20.48
8606,3504,314,10,858.51,39.57
8607,2517,416,7,1914.37,10.99
8608,3786,390,2,2297.42,57.12
8609,662,116,10,83.62,55.54
8610,4457,201,10,1729.72,60.88
8611,1568,582,8,849.56,45.78
8612,786,195,7,123.87,27.01
8614,1866,453,5,1983.83,23.83
8615,115,502,1,315.4,65.94
8616,4754,118,7,1574.02,95.96
8617,859,539,1,518.23,78.28
8618,3574,594,5,1767.15,27.97
8620,2630,122,6,137.64,16.53
8621,3045,466,5,2118.25,16.69
8622,4842,149,9,2404.37,30.79
8623,4243,534,7,1430.06,58.76
8624,128,203,5,2228.4,64.56
8625,4197,296,1,1987.09,94.64
8626,1458,428,8,2420.78,31.43
8627,3670,524,10,1341.6,76.14
8628,1126,560,6,305.76,55.65
8629,1229,450,7,289.27,94.08
8630,4123,88,6,784.32,24.92
8631,4420,57,6,1373.87,1.48
8632,3568,211,8,603.32,59.11
8633,4478,169,3,1534.58,9.2
8634,2194,214,9,1333.89,69.78
8635,4143,52,2,1782.09,72.14
8636,2747,47,9,517.23,3.59
8637,2755,350,7,2000.96,33.96
8638,1086,206,9,1319.06,63.77
8639,189,15,2,1012.51,89.21
8640,1131,134,4,923.87,10.96
8642,4767,271,8,889.07,5.8
8643,4832,362,6,424.81,15.25
8644,4697,565,5,2189.48,38.81
8645,2548,164,8,362.25,36.14
8646,4625,173,9,1966.66,46.97
8647,981,238,6,25.14,59.23
8648,1886,156,4,2473.32,56.52
8649,727,307,3,165.08,18.2
8650,4156,33,3,1353.47,28.84
8651,2024,330,7,831.5,1.72
8652,3516,436,7,2450.04,84.38
8653,3956,119,6,612.36,65.68
8654,218,343,8,1180.09,11.02
8655,3635,171,4,2186.19,31.86
8656,1345,334,7,1157.36,21.22
8657,3110,541,2,724.07,34.89
8658,1277,54,7,1932.62,19.53
8660,332,178,10,1872.92,87.52
8661,3859,509,2,2467.76,62.2
8662,2077,400,1,115.79,14.18
8663,916,173,9,1117.92,90.45
8664,3775,344,6,1971.36,84.19
8665,1465,502,3,1083.18,23.79
8666,1440,582,1,482.52,0.03
8667,2783,93,5,1710.94,8.92
8669,4995,284,2,1919.02,1.93
8670,4283,73,3,1280.58,22.07
8671,2495,550,6,2220.44,78.52
8672,4093,184,4,1072.81,13.19
8673,2726,419,2,1225.32,65.5
8674,87,78,10,462.23,50.03
8675,934,454,5,169.22,65.15
8676,1544,387,5,174.33,59.22
8677,1560,69,8,790.95,23.84
8678,1604,502,10,1800.86,41.22
8679,4729,125,10,2222.46,18.67
8680,2656,219,1,1909.27,49.13
8681,406,269,9,1314.03,75.66
8682,2350,151,8,2352.17,65.64
8683,4610,5,7,2089.44,11.32
8684,88,574,8,2112.45,61.92
8685,1867,509,3,1591.81,16.99
8686,3764,238,1,535.4,51.35
8687,2719,129,1,900.98,73.96
8688,3051,208,1,743.44,31.38
8689,493,143,6,1895.25,48.38
8690,2255,322,6,845.26,78.57
8692,4199,201,2,1209.86,6.23
8693,4581,39,8,664.55,6.62
8694,3508,470,9,510.58,97.58
8695,2462,533,7,1372.18,72.75
8696,2663,248,2,1533.92,95.42
8697,1786,192,6,2205.21,93.05
8698,4894,393,6,496.75,41.59
8700,3950,87,2,1485.21,29.73
8701,2606,135,5,1260.06,23.61
8702,1968,515,2,1490.32,1.11
8703,4503,129,1,476.86,66.52
8704,4640,333,4,2061.66,66.92
8705,2531,316,6,1600.09,40.29
8706,1476,330,4,1766.65,22.45
8707,3707,490,5,1285.97,71.17
8708,1842,129,8,323.1,39.76
8709,652,303,8,204.7,48.41
8710,4053,467,5,1170.07,30.69
8711,3782,532,7,2178.95,30.95
8712,282,71,7,1199.12,84.17
8713,2101,191,2,625.22,74.35
8714,1876,462,9,372.09,88.75
8715,1916,311,7,1005.1,19.65
8716,23,186,2,627.02,84.24
8717,3477,228,4,1094.45,57.95
8718,3614,565,10,1129.8,3.62
8719,2184,341,2,514.06,71.49
8720,761,486,4,2146.32,0.02
8721,1999,79,9,1013.41,26.8
8722,4693,61,1,204.1,7.15
8723,1304,128,2,1578.43,34.95
8724,2033,569,3,185.07,68.36
8725,2341,427,1,1567.89,43.75
8726,2689,253,10,1734.49,69.63
8727,2896,331,7,2238.22,16.71
8728,76,561,2,1787.12,31.44
8729,2175,535,10,1090.66,29.8
8730,1821,186,8,1487.48,99.97
8731,211,546,1,1760.26,88.41
8732,4788,514,1,784.93,91.52
8733,3911,425,6,228.3,74.05
8734,4393,10,9,442.41,86.83
8735,2185,219,3,692.59,74.11
8736,2194,224,5,2329.27,72.15
8737,2390,558,5,882.12,59.96
8738,1621,85,7,1377.13,59.15
8739,1971,286,5,1168.94,91.33
8740,3681,455,8,499.38,43.75
8741,3126,70,9,1682.95,86.17
8742,1921,314,9,410.87,34.26
8743,3842,450,8,414.29,17.96
8744,1083,582,8,2294.11,49.97
8745,4201,94,3,1379.9,89.47
8746,2970,233,6,1790.09,86.25
8747,1262,40,8,2362.75,60.92
8748,3387,354,10,398.09,0.59
8749,3754,71,1,1306.49,9.2
8750,1348,152,9,2406.4,58.75
8751,1173,344,4,901.42,9.33
8752,1569,269,6,1535.94,89.2
8753,4021,235,8,1271.76,20.54
8754,752,155,10,2015.42,9.21
8755,263,89,1,591.85,92.61
8756,334,371,9,1609.2,1.56
8757,1131,279,4,626.27,26.89
8758,4399,577,5,84.58,89.35
8759,3648,181,8,158.63,28.24
8760,1147,486,5,1093.24,25.84
8761,3870,185,10,424.11,23.17
8762,4744,548,8,1749.87,70.16
8763,65,261,9,1326.4,59.77
8764,4622,510,10,1383.3,47.66
8765,3546,595,7,2314.74,74.15
8766,4331,457,2,1759.83,87.69
8767,971,88,5,1294.2,74.79
8768,4854,454,8,1643.22,57.3
8769,762,416,5,1804.17,48.3
8770,2,184,2,1752.69,43.83
8771,123,52,4,287.21,77.94
8772,84,302,6,902.89,18.78
8773,1647,263,2,1659.55,72.8
8774,3968,297,6,1030.07,49.02
8775,2459,150,7,162.52,60.39
8776,2336,353,7,2398.14,6.05
8777,929,526,1,2454.67,30.66
8778,1303,1,3,1475.86,3.75
8779,2357,314,2,532.12,69.91
8780,1627,535,10,812.78,75.48
8782,4261,92,4,1707.86,33.42
8783,2077,411,3,467.98,27.24
8784,3943,460,1,154.22,33.13
8785,1961,438,4,2055.63,72.42
8786,3697,103,10,2121.08,1.7
8787,1086,10,10,1407.94,39.44
8788,1326,373,6,166.4,70.39
8789,3029,375,10,2461.38,78.85
8790,2443,427,3,33.6,54.12
8791,4842,322,2,355.08,72.38
8792,3597,324,2,611.48,18.3
8793,678,152,6,2196.56,79.33
8794,4373,353,4,1372.57,91.27
8795,1624,198,5,294.87,26.77
8796,4949,224,6,1446.31,14.21
8797,4059,490,1,164.18,79.66
8798,2262,7,10,1084.91,32.26
8800,2077,572,5,481.51,73.98
8801,3468,333,9,1758.58,8.76
8802,568,541,9,687.06,48.66
8803,4668,33,7,737.44,91.55
8804,1449,313,8,556.33,40.16
8805,16,436,2,2130.82,91.82
8806,1432,371,1,1384.82,23.81
8807,3133,563,7,2329.8,14.95
8808,1719,531,5,1579.84,82.74
8809,543,111,7,1228.33,92.33
8810,3620,414,6,1157.86,52.3
8811,3363,311,10,715.56,23.07
8812,4005,384,3,957.64,55.17
8813,1839,482,1,995.86,18.09
8814,594,552,2,1798.12,73.15
8815,4042,549,3,1965.24,18.81
8816,1953,334,4,21.93,80.53
8817,3537,489,3,1809.97,68.03
8818,1079,465,4,1326.95,25.47
8819,4003,387,10,1178.76,29.86
8820,3256,315,9,2442.67,54.64
8821,4154,494,8,1768.61,77.55
8822,1278,581,4,673.97,36.77
8823,282,139,8,690.34,9.51
8824,3347,580,3,2411.26,16.36
8825,4382,90,10,1090.98,30.24
8826,2188,561,1,1470.74,91.88
8827,1794,25,1,1709.88,93.6
8828,4170,232,8,2303.71,16.09
8829,3596,89,1,775.67,87.2
8830,505,197,8,1912.93,13.28
8831,694,255,7,1868.91,12.22
8832,1359,355,8,461.95,51.22
8833,3498,200,4,2114.47,18.54
8834,582,494,3,2445.23,66.96
8835,2731,472,1,1829.35,0.79
8836,4847,278,8,170.51,77.63
8837,4279,450,5,1422.02,5.16
8838,4211,395,4,1042.2,59.71
8839,3165,109,2,1363.85,70.6
8840,1129,139,8,428.36,26.01
8841,844,590,8,901.33,40.9
8842,1647,27,7,987.05,44.0
8843,2646,292,8,649.46,74.46
8844,4231,141,6,2206.49,85.16
8845,3969,128,5,2202.11,56.25
8846,638,442,6,1337.31,46.68
8847,522,570,8,690.36,28.07
8848,4229,37,7,567.08,40.37
8849,2833,427,7,718.59,5.57
8850,2546,184,9,414.07,18.02
8851,3206,118,4,2443.23,53.01
8852,997,258,8,2260.27,5.16
8853,412,411,1,1280.39,55.35
8854,1062,257,7,1301.95,67.49
8855,4039,220,2,1408.0,74.54
8856,376,33,3,1973.9,29.84
8857,50,352,4,100.72,78.01
8858,2044,546,10,128.24,88.92
8859,650,238,2,2457.01,95.65
8860,1227,288,8,2407.23,62.71
8861,2086,188,2,2350.4,66.41
8862,2598,259,7,1403.44,34.35
8863,1035,65,1,1882.2,75.08
8864,2204,42,4,1131.44,6.32
8865,3253,254,3,438.05,49.13
8866,2166,526,10,1189.85,36.47
8867,2811,508,4,1353.24,44.74
8868,1992,163,10,2239.64,52.17
8869,2464,177,7,1432.08,45.66
8870,1269,288,5,783.92,86.44
8871,1697,435,8,2135.24,46.65
8872,1135,123,4,1881.57,14.17
8873,2748,565,8,1842.35,6.04
8874,2404,497,10,2154.47,40.9
8875,3844,496,1,100.43,77.76
8876,2125,370,5,2127.25,84.29
8877,4530,144,2,521.05,27.51
8878,4621,230,8,316.07,26.94
8879,3612,333,6,713.45,8.71
8880,4058,570,1,500.83,38.66
8881,3210,586,7,1078.03,89.62
8882,1032,530,8,961.0,71.28
8883,1815,37,9,56.39,26.58
8884,3645,8,2,680.88,26.45
8885,1346,259,10,129.03,91.49
8886,3563,431,7,60.96,87.52
8887,3083,271,7,963.94,46.59
8888,3484,417,9,511.2,1.1
8889,1581,483,4,924.42,68.86
8890,3708,397,9,1116.97,66.47
8891,902,210,9,1686.71,63.57
8892,4182,371,3,2383.55,15.23
8893,4302,223,7,1476.56,50.5
8894,934,210,7,1476.66,32.27
8895,2661,275,4,2206.99,67.31
8896,1513,333,7,2362.08,99.67
8897,4193,74,9,2467.51,49.55
8898,3977,489,9,2272.1,14.92
8899,3738,231,9,1085.64,36.4
8901,2683,137,4,814.92,6.11
8902,4644,444,1,491.76,52.62
8903,3312,249,1,501.78,7.74
8904,2841,231,7,2437.65,21.81
8905,268,215,6,1303.15,1.12
8906,2746,513,2,1904.81,47.43
8907,1478,307,1,1652.01,87.18
8908,1955,286,9,1336.65,15.2
8909,2856,334,5,1754.45,31.87
8910,1302,526,6,2173.45,28.41
8911,4282,451,10,1819.2,8.89
8912,4987,32,7,324.03,98.09
8913,3247,72,9,1589.29,64.56
8914,2509,512,9,1952.37,14.54
8915,820,148,8,1456.68,96.1
8916,2351,18,1,1311.58,17.5
8917,4334,126,5,1065.8,31.11
8918,3881,207,4,70.32,5.01
8919,1426,86,10,2154.38,22.63
8920,109,288,1,2259.17,91.32
8921,927,288,7,1171.3,39.45
8923,612,321,10,1408.29,35.56
8924,3430,477,1,634.96,24.33
8925,1274,205,10,1818.7,12.83
8926,1561,420,2,195.88,38.85
8927,4164,304,6,641.16,95.83
8928,1331,429,3,462.74,47.84
8929,2207,335,7,2430.32,38.96
8930,3551,210,3,2236.22,85.16
8931,1027,172,4,1148.02,45.8
8932,3971,436,9,995.24,90.67
8933,4639,418,1,2481.57,87.63
8934,4696,170,6,1595.45,62.59
8935,2766,71,5,1137.96,43.1
8936,4822,247,3,464.93,23.98
8937,4465,486,5,1053.8,0.64
8938,2589,257,1,2093.39,83.33
8939,3426,40,8,2197.48,45.89
8940,735,473,2,398.55,96.82
8941,448,156,6,2055.9,0.09
8942,3298,300,3,973.75,2.31
8943,4249,201,3,1028.53,36.07
8944,733,355,9,2048.5,52.3
8945,1763,546,5,2298.1,68.01
8946,4186,441,2,2317.27,41.76
8947,2441,307,6,1059.45,26.98
8948,4045,510,4,463.26,4.69
8949,390,192,8,1367.31,15.71
8950,4642,546,8,124.22,77.82
8951,4188,592,9,837.97,47.94
8952,3196,213,5,73.46,89.02
8953,302,372,6,1344.59,71.36
8954,2544,526,8,1078.6,6.08
8955,2452,143,6,905.86,53.05
8956,415,359,7,883.01,49.17
8957,1862,595,9,1434.89,82.38
8958,4967,104,1,1336.45,28.94
8959,1754,338,9,2425.39,83.88
8960,2896,159,3,2206.54,87.11
8961,289,329,10,2450.33,44.84
8962,3668,453,1,1224.35,55.95
8963,4509,110,1,619.62,37.14
8964,2211,103,6,59.52,20.16
8965,4962,400,7,2489.24,7.69
8966,1613,545,4,2248.16,40.21
8967,1083,258,2,538.33,60.52
8968,1252,536,3,1730.06,30.67
8969,2710,211,1,592.12,30.57
8970,2449,461,6,1813.89,60.74
8971,2146,110,10,1511.74,20.22
8972,4454,185,8,2274.93,37.09
8973,1656,105,4,2379.57,34.78
8974,2701,276,3,2022.32,91.39
8975,4436,498,9,114.97,44.47
8976,2157,61,7,2112.93,0.94
8977,2200,222,7,798.84,76.9
8978,205,551,4,391.41,18.25
8979,2736,16,2,1302.13,18.67
8980,4183,430,5,1618.67,63.56
8981,1783,368,5,844.27,82.25
8982,4298,279,6,2345.09,28.2
8983,1982,353,8,867.76,91.21
8984,2617,511,9,970.74,76.84
8985,1847,311,7,2213.24,26.68
8986,3663,241,8,507.12,76.91
8987,2829,460,2,2196.99,36.88
8988,2403,334,1,508.3,83.06
8989,4076,101,8,539.14,25.36
8990,3373,582,4,385.71,41.03
8991,4312,174,10,2261.84,66.06
8992,1901,39,8,1110.34,37.08
8993,3821,62,5,1954.08,63.91
8994,1007,269,5,2131.24,49.52
8995,807,342,6,1504.03,76.07
8996,4502,381,4,1212.19,76.35
8997,3635,328,2,2041.65,40.15
8998,3663,545,5,822.52,87.98
8999,2082,202,10,1535.04,75.68
9000,684,23,7,1290.67,84.36
9001,4532,364,8,2484.64,96.31
9002,1371,46,5,1255.66,97.65
9003,4594,123,5,592.84,80.14
9004,4964,13,6,710.3,44.49
9005,3890,233,9,20.95,35.86
9006,1468,231,7,1544.28,18.0
9007,726,248,2,2024.29,67.07
9008,4968,474,2,264.13,63.78
9009,1051,329,7,2454.04,89.67
9010,4832,350,5,54.99,87.61
9011,3933,485,7,512.46,59.68
9012,2575,105,9,1131.79,20.82
9013,1139,372,9,368.54,46.0
9014,88,288,5,1903.21,32.89
9015,1843,452,2,2374.85,63.46
9016,3716,548,2,1609.25,17.82
9018,1453,18,9,1497.24,18.96
9019,1704,384,3,788.6,70.25
9020,2729,515,4,1216.3,54.78
9021,122,141,9,342.5,14.07
9022,3379,319,5,266.26,42.45
9023,3126,275,2,851.57,31.2
9024,241,489,4,693.79,21.55
9025,2418,363,10,656.79,76.15
9026,4773,483,3,671.07,74.01
9027,1264,436,8,252.04,90.07
9028,1945,401,8,118.58,55.37
9029,561,446,9,1075.81,15.45
9030,2278,75,3,2426.53,38.1
9031,1623,521,7,2344.17,68.34
9032,2676,447,9,175.49,95.42
9033,2703,429,3,472.61,60.01
9034,4577,225,3,1831.25,24.64
9035,3428,495,3,2449.56,83.72
9036,1589,449,8,1443.32,53.73
9038,4600,383,9,302.92,68.89
9039,4517,106,7,533.3,13.14
9040,4663,370,2,692.06,92.85
9041,202,193,3,390.17,21.37
9042,1823,536,2,1676.42,34.43
9043,4855,339,6,1926.57,73.56
9044,1806,300,8,163.24,28.76
9045,2882,58,7,722.99,43.44
9046,4343,183,4,581.65,41.29
9047,3104,401,9,511.14,8.21
9048,804,455,3,1110.43,45.41
9049,1384,40,7,2191.06,33.64
9050,2163,280,7,2198.02,61.22
9051,2851,51,9,134.53,93.66
9052,1241,419,8,342.25,44.87
9053,992,385,10,1617.11,14.63
9054,4568,79,7,2388.53,89.82
9055,27,519,3,1129.58,10.72
9056,1261,119,7,2405.92,39.57
9057,3102,564,6,60.61,17.14
9058,3876,109,7,2306.6,27.41
9059,1916,405,2,613.38,67.52
9060,3176,6,8,249.45,52.07
9061,4595,283,6,2398.98,77.23
9063,2946,572,1,2286.67,28.41
9064,3877,337,10,2471.83,31.79
9065,3581,447,3,996.47,69.63
9066,2944,469,6,47.05,75.34
9067,423,470,10,2064.47,56.08
9068,634,474,5,671.59,66.88
9069,4526,78,4,1896.42,69.34
9070,103,339,5,1004.84,20.53
9071,2145,340,10,562.14,65.29
9072,4287,265,2,2129.6,34.08
9073,776,501,7,2093.47,36.32
9074,697,211,7,1028.87,27.47
9075,1517,109,10,1599.79,92.78
9076,1593,237,7,374.44,69.24
9077,3066,68,8,716.98,72.1
9078,2695,294,2,1105.57,6.4
9079,3290,365,9,880.77,3.93
9080,3677,390,7,1089.5,79.03
9081,3653,31,3,38.51,5.21
9082,4635,281,9,1159.72,76.93
9083,4596,407,6,414.31,50.61
9084,3350,245,1,1894.47,3.75
9085,3353,129,1,2245.35,42.25
9086,2101,281,7,19.3,77.61
9087,4813,509,10,881.3,76.38
9088,4589,384,1,250.53,51.04
9089,2524,218,7,2464.81,45.23
9090,2594,544,9,244.39,6.48
9091,4493,191,1,2377.92,75.26
9092,2966,457,3,902.55,90.83
9093,3637,564,7,1686.13,19.83
9094,4344,49,5,1589.36,71.72
9095,2234,12,9,794.36,87.21
9096,3812,537,8,2058.19,45.49
9097,2136,413,4,507.81,19.57
9098,4495,191,6,916.62,87.59
9099,1078,568,1,360.02,8.77
9100,1375,548,7,216.13,39.45
9101,3645,386,3,1969.57,77.9
9102,45,51,5,189.67,50.67
9103,1355,64,5,1655.14,62.89
9104,4171,223,2,1738.87,85.49
9105,55,347,9,2256.09,49.56
9106,4371,328,10,2408.57,61.03
9107,1249,553,7,743.18,33.12
9108,4003,480,1,1095.58,60.87
9109,4674,60,10,539.06,72.67
9110,943,593,9,819.3,1.47
9111,3005,583,1,1834.49,38.77
9112,2194,86,4,1471.1,57.14
9113,4913,571,3,2274.36,59.48
9114,4844,336,7,796.35,23.41
9115,2126,205,7,1126.67,69.97
9116,3735,549,2,1475.89,23.05
9117,4333,489,1,359.27,39.09
9118,4263,172,2,1515.78,20.66
9119,2207,316,2,1403.3,44.97
9120,3199,246,10,2111.65,33.0
9121,402,290,8,2242.21,77.75
9122,2881,154,1,1954.16,12.67
9123,286,582,1,1407.26,78.12
9124,1927,377,1,368.27,98.51
9125,3626,101,9,374.91,30.18
9126,4073,181,8,1087.23,35.81
9127,2990,15,6,2364.46,68.85
9128,80,307,9,2237.14,24.4
9129,3430,272,5,1883.12,15.89
9130,2362,575,1,114.47,35.3
9131,2022,105,4,1631.41,78.94
9132,1989,503,6,1344.44,18.52
9133,2625,579,7,757.89,34.26
9134,2731,191,4,231.09,60.38
9135,2736,489,8,2139.1,49.34
9136,2322,289,1,135.53,99.73
9137,2365,199,2,456.08,4.82
9138,39,230,5,2234.71,16.41
9139,4545,534,2,2115.62,55.86
9140,2875,49,5,921.56,55.78
9141,3204,54,3,2478.69,47.55
9142,1535,581,9,1279.6,46.06
9143,1156,163,6,1727.51,24.06
9144,3999,190,10,2356.07,63.78
9145,748,479,1,404.51,84.88
9146,3072,519,6,1411.96,59.09
9147,4676,396,5,465.3,22.93
9148,695,108,8,2079.2,18.07
9149,2608,120,2,281.2,47.39
9150,4950,508,8,1083.2,96.05
9151,778,341,3,679.21,91.41
9152,4979,240,3,2487.92,26.7
9153,2221,211,8,1169.44,0.33
9154,4460,17,8,955.46,12.66
9155,1157,169,1,1107.12,10.08
9156,2942,154,9,2155.78,21.85
9157,895,258,5,411.77,40.5
9158,788,39,7,1453.5,58.52
9159,737,172,10,649.17,94.2
9160,4397,76,7,1493.77,6.35
9161,4753,80,2,1481.64,82.32
9162,3509,277,5,296.79,7.08
9163,1117,213,2,2031.6,65.51
9165,4279,490,2,233.83,5.57
9166,609,231,7,1779.93,44.92
9167,4688,45,3,560.13,14.53
9168,927,493,9,2123.13,8.02
9169,3113,483,6,296.49,53.24
9170,548,374,10,2268.72,70.39
9171,836,31,3,1752.49,67.92
9172,4213,201,6,2184.11,7.71
9173,697,165,1,1287.16,50.16
9174,4843,307,2,100.16,57.08
9175,3388,341,7,1984.42,2.32
9176,54,212,9,254.14,11.55
9178,3552,350,7,2235.17,64.13
9179,1167,259,9,825.49,33.61
9180,717,53,4,1543.82,26.72
9181,2971,407,10,795.7,36.03
9182,3970,165,4,1229.17,83.73
9183,659,290,6,582.34,92.13
9184,2349,358,3,1525.35,59.28
9185,3290,433,3,437.21,10.42
9186,2904,338,8,1898.18,84.29
9187,3878,567,1,2242.96,11.53
9188,4965,9,7,390.5,39.06
9189,1036,97,1,1278.73,98.83
9190,4380,39,6,1014.66,84.02
9191,4791,439,6,587.11,95.32
9192,939,544,9,2278.53,59.6
9193,1460,196,9,2223.44,11.29
9194,162,583,7,933.98,38.84
9195,137,342,1,2458.34,50.44
9196,4737,107,5,397.22,36.94
9197,1782,525,6,113.22,58.49
9198,4215,277,6,1425.84,77.29
9199,784,63,9,649.55,72.58
9200,380,477,2,1526.73,79.17
9201,3223,163,3,806.08,29.93
9202,144,595,1,514.57,24.85
9203,1430,393,8,93.58,82.16
9204,4388,453,1,2335.39,76.98
9205,3297,338,9,1015.33,36.8
9206,1132,61,9,332.0,98.63
9207,3112,345,7,1301.04,1.2
9208,4905,94,5,1022.74,84.88
9209,2534,65,9,2350.17,34.71
9210,1607,207,2,262.99,46.39
9211,4152,412,4,1278.5,24.15
9212,419,308,8,2049.9,34.99
9213,2804,179,2,1464.46,23.79
9214,2989,432,7,1534.71,69.78
9215,929,320,10,815.89,10.58
9216,2983,110,8,2089.95,86.37
9217,2326,245,9,736.52,58.39
9218,869,252,1,739.6,55.7
9219,3449,224,1,501.92,88.4
9220,1503,566,3,1577.29,68.19
9221,4923,263,6,316.18,44.24
9222,3779,558,8,769.97,52.11
9223,1450,570,6,825.95,96.71
9224,905,425,4,706.5,53.55
9225,465,343,7,477.7,42.61
9226,4006,291,1,1771.02,91.03
9227,4632,547,10,1855.14,61.78
9228,2452,244,8,1822.25,9.68
9229,4700,564,10,2281.23,65.1
9231,1746,387,10,1266.21,74.59
9232,888,421,4,1858.05,94.08
9233,3169,523,5,1983.43,66.32
9234,4004,439,4,2338.84,80.58
9235,3608,175,2,1801.22,92.9
9236,705,417,9,103.47,53.67
9237,1978,354,5,217.09,98.3
9238,3490,220,8,1302.54,94.08
9239,3783,143,5,1915.84,67.9
9240,361,223,8,808.27,34.5
9241,344,346,9,553.82,16.24
9242,4991,492,6,1664.18,76.05
9243,3216,455,9,2228.66,30.59
9244,1314,311,3,708.6,33.45
9245,1404,226,9,1789.9,49.12
9246,1067,276,1,85.51,95.98
9247,3957,588,2,1350.88,50.5
9248,1248,537,10,2481.77,72.94
9249,3560,506,7,1930.22,11.5
9250,3535,600,10,992.37,94.72
9251,4706,570,1,1400.82,10.05
9252,4376,278,2,2476.15,14.9
9253,160,323,3,2110.35,48.53
9254,1109,72,6,1529.62,63.11
9255,1216,111,6,711.12,39.17
9256,2811,105,1,2241.64,95.03
9257,3442,319,8,2281.76,3.77
9258,1714,172,8,1763.97,15.26
9259,3034,458,9,2239.92,15.42
9260,2622,498,9,265.97,11.51
9261,3045,53,8,1599.26,52.77
9262,4468,466,9,2043.48,70.43
9263,2382,135,1,1744.04,38.54
9264,586,467,10,1185.03,38.56
9265,684,496,10,829.03,93.82
9266,228,392,4,309.1,45.58
9267,2301,314,9,645.49,87.62
9268,3946,38,2,556.8,20.25
9269,2006,78,9,276.0,55.5
9270,358,117,5,584.69,6.29
9271,3911,293,5,459.36,13.06
9272,4783,221,8,824.64,30.08
9273,4828,537,2,2178.44,1.91
9274,4584,534,1,35.21,30.54
9275,917,184,9,2276.85,42.27
9276,4120,401,8,440.38,55.28
9277,239,306,3,351.18,72.79
9278,1490,598,2,2212.61,85.46
9279,4781,86,10,644.27,96.64
9280,2208,32,1,1025.03,85.83
9281,4840,518,9,2435.1,44.13
9282,4196,404,10,854.86,93.7
9283,1548,335,2,687.81,26.32
9284,169,345,7,2480.18,18.37
9285,4846,482,9,2096.27,98.09
9286,4048,71,7,413.41,0.73
9287,4333,216,10,928.21,45.28
9288,4546,216,10,1574.96,8.47
9289,1987,300,8,890.92,84.95
9290,856,60,1,2388.96,32.77
9291,3199,352,3,1129.91,21.89
9292,1601,305,8,190.2,44.91
9293,75,362,3,109.39,72.29
9294,4476,280,7,971.87,81.93
9295,3610,106,7,519.46,13.56
9296,1879,188,5,997.55,24.53
9297,1853,579,4,2145.65,53.43
9298,3598,371,1,459.69,24.4
9299,2147,189,6,113.47,38.0
9300,4971,245,6,497.31,76.99
9301,3525,380,5,1728.75,96.85
9302,4072,432,6,2247.05,79.22
9303,4228,360,10,2300.32,27.25
9304,3954,55,3,696.58,50.3
9305,848,228,6,2197.79,96.18
9306,3349,390,4,193.5,82.18
9307,4173,558,4,1383.05,35.81
9308,2623,26,8,2380.61,62.97
9309,4465,8,8,1947.8,6.16
9310,841,586,2,843.28,2.9
9311,4579,235,3,1807.43,4.37
9312,3586,590,3,184.57,4.01
9313,4046,567,8,2322.44,56.05
9314,3338,250,8,694.4,63.17
9315,4513,246,4,161.4,57.32
9316,1885,572,1,943.87,62.83
9317,1262,151,7,1132.18,27.21
9318,721,485,3,1388.28,98.19
9319,3618,75,3,2105.35,76.02
9320,651,570,1,1941.13,16.9
9321,667,210,6,1799.17,54.58
9322,1843,199,1,544.56,28.61
9323,2059,146,3,639.87,81.32
9324,2287,174,2,912.13,9.97
9325,1957,563,5,509.3,22.24
9326,329,457,4,1071.44,73.4
9328,2533,320,6,34.37,63.2
9329,3632,112,8,54.16,14.35
9330,4571,549,6,2311.59,92.23
9331,4466,123,8,2487.68,12.06
9332,1029,313,5,1993.62,54.18
9333,3572,389,9,837.48,64.45
9334,3278,221,8,133.64,16.44
9335,3814,364,9,2098.23,63.49
9336,4562,183,2,1690.91,61.83
9337,1835,256,4,1400.78,75.52
9338,3998,291,8,2404.57,98.9
9339,1346,139,3,824.98,30.13
9340,1602,140,4,954.28,56.52
9341,4660,403,10,500.53,19.63
9342,755,322,3,1906.25,62.07
9343,4827,443,5,1151.23,58.78
9344,2551,464,9,275.16,72.49
9345,3173,587,7,1664.54,76.39
9346,2509,575,6,632.41,97.78
9347,4152,516,1,1503.99,5.42
9348,428,389,2,1863.82,5.9
9349,2906,393,4,1707.61,42.76
9350,390,546,5,888.18,89.98
9351,2614,93,6,754.58,75.44
9352,1302,575,6,259.58,98.47
9353,3437,47,6,817.73,38.42
9354,4845,472,2,1150.88,73.44
9355,3196,467,2,1823.02,68.12
9356,4496,95,4,398.21,78.98
9357,3490,42,10,817.52,85.95
9358,3247,345,3,167.19,45.25
9359,1473,258,3,1620.71,11.33
9360,2873,220,10,950.4,43.24
9361,2034,572,10,820.66,43.03
9362,1732,387,1,393.39,41.34
9363,4275,108,7,1471.43,92.34
9364,885,491,1,132.44,95.32
9365,860,110,9,2425.45,42.04
9366,4821,445,4,91.15,46.83
9367,2962,22,3,1206.79,65.05
9368,1369,363,3,1364.17,54.6
9369,1425,527,2,1189.98,25.02
9370,4753,28,3,66.8,39.53
9371,4254,147,5,1621.27,29.92
9372,306,286,4,685.71,20.37
9373,1557,46,2,64.59,39.34
9374,3960,560,6,1165.51,49.2
9375,2589,485,1,640.58,13.26
9376,1681,152,10,199.18,97.28
9377,4400,150,10,1422.09,75.01
9378,3957,256,4,1842.54,61.87
9379,259,496,4,533.86,55.95
9380,4388,315,7,2459.06,65.02
9382,4630,160,8,1234.81,5.73
9383,1564,78,9,957.49,79.28
9384,1878,306,6,2105.95,53.94
9385,907,110,7,2449.56,80.63
9386,1940,58,2,466.77,28.1
9387,4692,515,3,1991.66,84.47
9388,1498,46,2,329.74,49.37
9389,1356,186,6,1026.59,17.7
9390,1828,122,6,798.27,78.4
9391,4664,221,3,103.18,97.77
9392,3138,549,2,1927.29,9.65
9393,493,561,5,899.88,62.32
9394,2375,561,2,1082.3,56.03
9395,895,348,1,2268.43,23.65
9396,3783,19,5,1677.83,30.72
9397,1297,15,9,1799.75,81.21
9398,4389,342,7,328.31,78.47
9399,1005,507,2,2126.21,60.16
9400,450,471,10,1202.08,35.12
9401,1210,481,8,941.41,21.93
9402,3697,200,6,2099.2,58.8
9404,4836,400,5,1755.49,86.21
9405,2149,511,4,1828.45,95.72
9406,3924,51,10,1189.4,82.56
9407,3757,11,3,1369.3,24.13
9408,686,386,4,1521.69,67.82
9409,1876,527,1,1321.29,85.48
9410,4589,118,6,1576.12,84.25
9411,3306,353,5,2282.16,13.9
9412,2801,230,10,1799.03,61.2
9413,3476,64,7,176.09,97.16
9414,4862,539,6,425.38,58.82
9415,4682,455,8,1938.49,28.33
9416,4382,405,9,2147.1,97.32
9417,3824,474,4,849.52,27.11
9418,3021,368,1,2234.64,99.21
9419,2146,563,9,695.97,20.79
9420,2664,332,3,713.03,88.74
9421,1027,545,8,1814.2,48.15
9422,3307,535,10,1421.74,52.9
9423,740,103,2,1787.23,31.71
9424,1687,168,9,2110.15,36.99
9425,3168,356,9,2068.95,82.1
9426,1073,327,10,2249.55,89.56
9427,45,51,1,2270.42,3.68
9428,208,464,9,689.45,10.99
9429,393,10,7,2046.4,8.95
9430,4313,48,4,1120.96,62.67
9431,5000,311,10,2021.19,72.9
9432,1323,182,8,1020.06,78.32
9433,4083,395,7,613.53,54.5
9434,4185,410,4,2169.85,25.53
9435,2483,483,6,40.21,89.77
9436,3000,319,8,21.47,11.27
9437,4283,499,3,1420.78,10.93
9438,1178,84,8,2251.1,95.68
9439,682,283,9,807.65,4.04
9440,896,380,4,345.44,97.83
9441,2654,202,3,1900.53,14.8
9442,749,190,9,1710.36,90.73
9443,1976,81,5,1985.46,5.21
9444,793,96,1,335.27,26.9
9445,4060,144,1,2142.69,26.03
9446,4086,499,5,1581.24,69.93
9447,1342,408,10,1378.95,75.77
9448,353,545,10,2258.03,15.66
9449,4191,88,7,2025.44,31.77
9450,1473,597,3,208.59,41.66
9451,2293,592,9,2173.52,95.89
9452,549,496,10,2486.19,0.36
9453,3066,117,1,2329.41,72.2
9455,4153,146,5,225.32,90.09
9456,1772,570,8,1981.13,11.53
9457,2893,421,6,1606.32,31.0
9459,2807,595,3,2063.55,14.42
9460,4727,191,6,2379.25,28.62
9461,4635,12,3,731.2,66.33
9462,2391,239,6,448.51,59.98
9463,3920,569,2,103.56,49.41
9464,896,287,3,1902.71,89.35
9465,3802,532,4,1389.19,70.44
9466,1795,26,5,824.47,43.68
9467,3067,543,10,1795.23,15.05
9468,1371,280,6,1962.82,15.54
9469,4130,481,6,1049.97,98.01
9470,3234,587,1,1069.5,43.63
9471,3350,302,1,697.0,13.68
9472,3709,10,4,207.61,90.18
9473,2995,68,5,1838.89,76.03
9474,3995,337,2,1179.94,85.58
9475,1251,244,7,2054.24,83.11
9476,3705,388,9,962.84,39.37
9477,699,86,1,2190.23,89.93
9478,1912,398,4,1931.89,15.85
9479,3558,218,4,101.74,45.23
9480,1727,127,2,1689.12,77.59
9481,4535,457,7,1322.78,88.85
9482,1099,237,4,255.71,30.58
9483,2092,588,6,203.75,95.27
9484,4497,16,8,545.63,92.65
9485,2383,429,8,112.07,3.64
9486,3880,172,10,675.22,6.3
9487,1986,587,2,1211.44,23.24
9488,633,64,4,930.32,9.71
9489,4376,86,10,1951.24,73.53
9490,934,10,7,1116.5,71.44
9491,1212,412,7,2101.36,10.53
9492,4410,147,3,1588.09,25.77
9493,4703,344,5,271.86,97.25
9494,783,43,4,1951.91,17.65
9495,2567,189,1,2481.04,39.5
9496,3022,276,7,1849.15,21.59
9497,17,420,2,2306.55,44.13
9498,674,271,5,439.61,16.07
9499,304,319,6,1965.16,23.36
9500,3179,178,1,587.18,94.28
9501,3602,556,1,357.27,46.97
9502,2830,475,4,1759.89,85.39
9503,2592,150,5,1814.92,48.08
9504,4526,530,5,613.7,83.96
9505,1023,461,2,1111.21,24.69
9506,3511,170,7,928.79,20.49
9507,2345,327,8,1129.72,28.14
9508,2866,216,2,1538.54,91.37
9509,3357,46,1,1963.46,51.05
9510,626,573,10,922.86,86.69
9511,3487,560,5,1154.75,95.38
9512,4968,304,9,798.34,8.69
9513,528,241,10,721.22,72.86
9514,3860,378,2,816.16,3.03
9515,877,1,4,1533.98,52.94
9516,2980,388,9,487.17,61.75
9517,3270,497,8,1329.82,66.75
9518,792,600,9,2341.06,91.16
9519,2159,133,3,2445.44,10.3
9520,1981,278,3,2209.79,27.38
9521,2405,1,5,2111.42,88.61
9522,1011,180,2,805.24,37.83
9523,3705,588,7,1946.09,35.3
9524,1566,360,2,607.45,7.05
9525,1776,220,4,1452.41,59.14
9526,4127,496,6,1955.99,49.28
9527,3586,430,7,907.17,93.69
9528,1311,319,5,1825.68,81.38
9530,556,247,5,1038.34,87.05
9531,3493,90,1,27.49,16.92
9532,3695,280,1,921.45,67.37
9533,4796,252,9,666.93,45.84
9534,648,32,2,1020.91,0.28
9535,4352,342,1,1464.9,22.38
9536,1439,286,1,825.75,35.26
9537,526,228,10,2450.78,92.06
9538,1092,432,3,1087.12,84.46
9539,4432,27,1,311.73,63.45
9540,2908,428,1,1426.82,74.87
9541,304,288,10,821.39,80.73
9542,972,265,9,1579.59,35.36
9544,4483,317,9,561.35,39.19
9545,3031,562,7,1907.09,38.86
9546,2104,272,8,1941.16,2.94
9547,796,80,8,1153.88,89.55
9548,885,531,6,837.02,16.46
9549,2197,521,6,502.55,31.22
9550,4410,136,8,2221.87,34.37
9551,1385,75,2,716.99,42.81
9552,623,575,8,2103.98,28.48
9553,3020,452,10,1838.38,86.23
9554,2860,3,5,857.27,49.99
9555,2186,345,8,542.33,24.6
9556,3932,533,9,324.0,42.71
9557,4604,279,8,1821.42,93.02
9558,2426,41,4,789.84,9.04
9559,2967,493,2,2451.03,85.25
9560,1582,444,3,283.77,52.07
9561,440,135,5,1370.29,65.7
9562,44,208,4,1026.95,48.35
9563,4743,354,6,386.43,72.97
9564,1817,149,5,1079.11,25.8
9565,419,532,6,341.64,67.75
9566,4868,527,1,1867.92,44.59
9567,808,448,4,73.78,7.92
9568,118,195,3,1073.06,19.64
9569,3853,530,1,286.69,79.5
9570,4295,284,8,1463.73,47.55
9571,1308,535,6,2105.17,80.04
9572,4945,232,10,1285.52,40.18
9573,1889,96,6,577.14,86.69
9574,3436,181,6,1011.16,82.31
9575,4408,336,1,1581.93,0.89
9576,4545,391,5,1636.2,10.61
9577,1684,152,2,1560.93,0.12
9578,1350,107,5,1540.55,65.44
9579,4866,397,10,1740.2,3.97
9580,1499,377,4,1053.79,73.61
9581,1247,45,2,966.8,11.25
9582,4723,531,1,2053.22,56.78
9583,867,508,5,2069.31,11.37
9584,1240,202,2,316.66,53.79
9585,2995,188,5,1154.62,99.14
9586,2943,584,6,2033.74,94.84
9587,1269,273,6,419.18,86.16
9588,3642,366,5,1431.64,47.19
9589,4743,182,3,1489.92,94.59
9590,866,535,10,2302.85,32.79
9591,1474,530,9,317.11,3.99
9592,2577,557,7,900.22,14.95
9593,1855,83,5,1086.72,44.81
9594,4544,529,1,2249.24,29.92
9595,167,534,7,1025.95,88.21
9596,2626,82,7,1502.52,1.26
9597,2108,140,7,823.09,3.16
9598,1247,594,6,1126.5,33.71
9599,1662,568,10,643.82,57.93
9600,4981,524,7,871.3,68.65
9601,1550,569,2,2385.03,28.81
9602,3698,358,7,2068.78,23.85
9603,1792,395,5,2436.09,56.94
9604,3526,442,3,2357.23,12.26
9605,3921,396,4,1901.93,12.13
9606,4105,428,6,921.08,69.71
9607,4136,481,5,152.51,89.3
9608,1330,536,9,1601.55,4.26
9610,273,367,6,1069.75,93.3
9611,518,537,3,1111.37,15.29
9612,3258,335,9,2211.7,62.51
9613,1940,526,10,47.8,67.23
9614,233,208,5,387.8,71.05
9616,1519,239,6,2389.09,92.17
9617,4913,539,5,545.38,47.13
9618,1939,514,7,1475.04,63.24
9619,4020,193,1,1789.74,76.5
9620,4003,452,6,633.93,74.67
9621,269,573,2,675.1,18.89
9622,694,433,10,1917.52,62.63
9623,4075,361,4,269.58,39.47
9624,2582,208,1,58.03,62.16
9625,4223,291,6,108.75,64.7
9626,4730,70,5,1817.49,36.46
9628,2589,280,1,643.43,99.12
9629,1832,55,3,798.92,51.99
9630,3018,114,2,2285.74,87.07
9631,2260,8,7,73.99,59.71
9632,3652,360,4,811.27,98.87
9633,3263,556,9,2109.24,39.26
9634,2260,202,7,85.03,44.96
9635,330,153,9,1196.7,89.78
9636,1581,399,8,417.19,84.15
9637,581,460,9,1150.91,85.7
9638,4323,298,6,2256.41,73.72
9639,3436,388,10,270.98,24.08
9640,4038,299,5,453.66,80.61
9641,2364,202,10,254.27,87.39
9642,3603,48,1,2369.39,48.15
9643,324,160,1,1612.83,21.7
9644,333,413,10,215.82,96.75
9645,4177,425,1,442.72,58.15
9646,4599,237,2,406.91,91.5
9647,3794,525,1,2112.56,41.45
9648,612,222,10,434.33,84.58
9649,4829,100,5,158.0,5.17
9650,2827,100,3,1046.41,21.12
9651,2446,188,5,1605.0,1.9
9652,4920,112,6,186.34,53.21
9653,1864,56,2,1872.01,35.69
9655,465,308,5,533.59,70.38
9656,2907,368,8,2251.33,96.0
9657,2966,326,1,1396.28,83.36
9658,3283,293,5,984.88,2.43
9659,1695,94,3,2032.13,24.97
9660,805,446,5,388.89,56.22
9661,1803,381,5,2152.55,48.89
9662,540,307,6,1387.95,83.11
9663,416,164,1,1975.31,12.95
9664,3346,85,4,1487.3,24.35
9666,4950,327,5,1786.42,3.58
9667,810,487,9,668.06,7.07
9668,3824,161,2,1802.7,89.12
9669,4885,303,9,1013.28,43.69
9670,4812,473,10,1283.38,18.9
9671,2249,197,9,696.0,9.29
9672,2814,64,8,621.15,1.57
9673,1765,22,10,877.57,12.1
9674,4342,80,8,159.06,58.54
9675,2150,271,9,1994.86,40.72
9676,4329,574,3,338.77,35.43
9677,476,314,4,116.65,87.49
9678,1187,578,3,932.82,59.25
9680,2412,465,2,1555.68,70.48
9681,582,556,6,802.59,69.51
9682,162,538,1,523.05,57.66
9683,560,421,3,2260.67,26.75
9684,3267,374,1,635.48,52.4
9685,1734,429,9,2018.71,99.01
9686,721,582,8,1194.56,1.06
9687,771,98,5,2275.22,81.55
9688,4873,515,5,1435.84,0.71
9689,4941,562,6,2384.44,50.44
9690,4961,61,7,1250.36,39.04
9691,429,278,9,473.05,9.92
9692,1720,224,2,691.07,5.88
9693,1771,99,7,582.12,20.87
9694,623,508,8,2430.3,54.63
9695,4760,516,5,2031.08,37.17
9696,2201,540,8,856.68,12.08
9697,517,510,3,2158.2,37.42
9698,3424,299,2,2262.13,97.13
9699,4997,475,9,1600.66,28.35
9700,442,118,5,1923.22,27.56
9701,2044,500,10,134.86,63.59
9702,1359,406,8,357.07,86.69
9703,3839,473,4,1944.84,8.73
9704,1821,359,8,825.14,10.8
9705,4906,246,4,1572.45,95.01
9706,2313,381,7,2214.4,56.63
9707,1334,317,7,1589.22,28.97
9708,258,84,8,780.7,17.15
9709,413,167,10,1859.85,61.68
9710,1209,520,8,1548.63,2.3
9711,268,279,7,1035.17,83.22
9712,503,264,7,689.58,61.58
9713,4984,441,8,2332.54,62.34
9714,770,324,8,1108.35,4.55
9715,51,19,8,1883.92,93.23
9716,4504,22,3,64.35,29.96
9717,4557,86,2,2351.0,1.52
9718,2989,222,9,542.08,21.98
9719,2346,459,6,40.45,56.22
9720,1918,393,7,835.72,56.82
9721,4697,490,6,167.54,70.89
9722,3043,461,7,678.39,57.71
9723,4247,558,5,2424.8,63.95
9724,389,559,6,1950.93,93.44
9725,3255,477,4,1299.93,66.11
9726,3814,197,3,913.51,53.87
9727,1199,528,10,2037.87,50.34
9728,4775,194,3,2020.16,70.26
9729,3095,252,5,1453.88,82.29
9730,297,372,9,796.42,48.64
9731,1772,582,9,606.25,7.38
9732,6,252,4,1746.59,93.07
9733,1635,499,1,1157.85,34.21
9734,1985,542,1,134.63,38.33
9735,418,188,5,2378.99,52.41
9736,1564,555,1,578.08,94.46
9737,2383,505,1,1521.53,73.87
9738,909,158,2,575.18,37.18
9739,1591,234,9,2132.83,66.78
9740,3673,262,8,2245.65,37.0
9741,3713,275,9,437.03,49.57
9742,2135,241,8,1429.3,28.0
9743,1844,379,6,263.39,27.82
9744,3794,116,9,2476.6,61.64
9745,4277,375,1,677.01,19.59
9746,4235,74,7,1528.78,24.61
9747,3544,465,1,2224.88,18.05
9748,2561,441,2,2382.71,93.46
9749,2110,216,8,753.57,32.86
9751,1241,426,6,1638.68,32.67
9752,2101,405,3,1773.57,32.52
9753,1866,589,7,308.87,2.09
9755,3600,252,7,1309.4,84.36
9756,2730,365,3,2282.11,79.76
9757,4989,216,10,533.49,10.57
9758,2017,124,3,2225.83,73.75
9759,74,23,3,848.56,8.39
9760,1181,214,7,2323.97,80.79
9761,3090,348,2,1859.33,45.52
9762,4236,70,10,1054.44,29.12
9763,3237,191,9,679.99,88.7
9764,1635,340,2,1092.99,24.01
9765,2246,440,2,462.6,87.39
9766,2724,286,10,263.61,78.78
9767,4938,283,1,1991.51,19.67
9768,2618,218,6,698.1,6.11
9769,3376,465,1,720.94,1.58
9770,2482,327,5,1147.17,36.82
9771,2704,67,4,899.69,45.5
9773,3559,367,2,502.68,0.34
9774,1432,585,3,2203.86,33.56
9775,3654,176,3,2291.9,23.31
9776,4757,454,5,1579.03,36.51
9777,4148,267,6,2423.09,18.89
9778,4314,561,10,1394.19,33.56
9779,4999,16,10,2263.44,73.76
9780,3215,131,6,136.09,15.36
9781,4160,462,4,948.79,66.62
9782,3544,484,6,549.56,10.11
9783,1023,478,9,258.21,27.43
9784,3123,571,8,808.6,59.78
9787,236,445,7,1187.46,87.7
9788,3410,268,5,223.31,81.08
9789,4351,172,6,2198.39,65.66
9791,1246,292,3,799.91,43.96
9792,3308,278,3,664.98,76.63
9793,868,356,10,1471.05,91.95
9794,3746,494,2,681.29,28.54
9795,4034,64,3,2201.19,1.79
9796,4236,209,4,430.72,30.58
9797,2172,89,9,920.67,92.7
9798,4571,432,3,1205.05,31.21
9799,2079,311,8,1293.27,74.5
9800,545,251,1,2493.29,25.01
9801,2958,568,7,952.59,43.01
9802,4122,281,3,1947.61,21.93
9803,1783,238,9,1737.79,65.16
9804,4473,70,5,2056.78,52.23
9805,4233,116,10,2113.04,14.18
9806,3210,466,9,556.46,59.35
9807,218,540,10,1050.73,0.03
9808,2379,587,8,1459.18,3.6
9809,3125,201,4,265.5,79.61
9810,846,480,6,1100.16,59.7
9811,3886,124,4,2319.08,23.93
9812,4552,370,1,2140.79,5.6
9813,2263,44,6,308.63,14.77
9814,1575,89,9,926.12,14.92
9815,4355,479,3,137.13,32.35
9816,1481,267,8,673.9,36.64
9817,4323,127,1,744.94,11.71
9818,404,375,6,1718.09,4.7
9819,2755,95,10,2356.13,50.22
9820,4686,251,1,837.83,25.51
9821,1832,458,1,1968.43,5.33
9822,2916,458,9,671.09,93.67
9823,4298,41,5,1082.52,86.9
9824,3235,526,5,110.02,23.83
9825,1479,421,1,2323.7,90.76
9826,1105,440,8,113.1,50.3
9827,1925,537,9,2132.29,11.65
9828,4942,506,6,42.21,62.95
9829,4517,84,3,746.92,29.28
9830,3257,269,2,1417.27,41.34
9831,4470,593,10,1682.63,46.89
9832,2486,590,1,955.63,25.96
9833,173,519,10,68.65,24.22
9834,2707,224,1,699.27,28.4
9835,4575,68,10,2384.88,56.15
9836,4815,27,8,1538.27,58.17
9837,276,130,8,1506.7,17.72
9838,940,230,9,2043.98,84.48
9839,4986,118,8,227.22,56.76
9840,4191,568,2,479.32,48.83
9841,2858,435,4,2289.86,91.9
9842,2416,348,8,2337.39,40.7
9843,8,422,3,1527.2,53.58
9844,215,204,5,1364.92,98.94
9845,4673,388,4,949.19,19.55
9846,3173,457,6,1879.57,79.26
9847,4425,209,6,1108.01,59.38
9848,2356,38,10,1895.79,44.79
9849,3159,6,4,1998.9,55.94
9850,1154,524,6,60.49,12.7
9851,532,297,5,198.2,12.79
9852,64,261,6,2138.71,50.8
9853,2945,117,5,295.07,36.2
9854,3989,137,10,1755.5,47.82
9855,4337,371,5,978.17,78.36
9856,1763,179,9,1809.43,38.73
9857,3445,363,4,1614.34,49.05
9858,2069,263,3,651.78,18.97
9859,2309,268,1,460.29,29.41
9860,368,315,6,1685.65,60.47
9861,3351,289,8,777.11,9.83
9862,3974,338,1,2324.9,52.03
9863,3165,133,4,879.97,17.28
9864,760,440,9,1511.2,28.95
9865,2111,570,5,1213.65,98.6
9866,4236,293,4,965.41,10.16
9867,2564,91,4,1777.68,18.9
9868,1091,590,1,80.18,2.42
9869,4992,374,8,1042.18,15.66
9870,4079,375,1,1590.15,11.52
9871,2119,140,10,2340.36,6.28
9872,3489,286,7,981.94,42.92
9873,287,480,8,980.23,76.79
9874,2400,137,7,164.37,13.31
9875,2825,552,3,1319.18,96.42
9876,2254,127,4,947.04,28.65
9877,2518,492,8,1589.7,2.85
9878,3349,534,9,2349.59,94.1
9879,564,5,1,591.24,38.87
9880,2075,172,2,483.03,39.86
9881,3486,471,2,1219.03,25.98
9882,1823,220,8,676.74,91.79
9883,376,150,2,2038.67,13.43
9884,2870,585,4,1187.62,15.47
9885,4498,496,9,170.86,65.37
9886,1508,275,6,1269.1,59.99
9887,3276,79,2,1695.74,33.94
9888,1533,538,10,534.66,73.32
9889,1483,154,8,2339.5,86.4
9890,2844,84,6,1837.14,92.86
9891,4060,338,2,1953.34,28.09
9892,2918,527,1,892.45,94.24
9893,2250,390,9,379.59,32.78
9894,925,598,9,1918.28,7.17
9895,4132,572,2,13.28,77.17
9896,4793,363,2,676.8,35.98
9897,2461,302,5,344.92,66.94
9898,744,296,1,2147.62,56.47
9899,2101,598,1,764.07,45.59
9900,1920,243,6,144.2,39.34
9901,2778,155,7,1883.61,23.1
9902,4361,166,10,1915.16,3.66
9904,4500,200,10,2245.09,79.4
9905,4368,318,6,2089.77,58.84
9906,960,548,7,2412.78,27.72
9907,3499,286,9,1662.44,43.4
9908,2981,165,10,2325.69,52.24
9909,1335,126,8,1621.58,99.61
9910,964,103,8,1430.73,64.63
9911,3646,244,4,1218.42,71.52
9912,1530,380,4,1910.56,3.9
9913,3893,98,10,2312.48,42.89
9914,109,231,8,308.63,32.66
9915,966,542,4,96.44,59.19
9917,629,160,8,1324.95,83.09
9918,1812,85,10,919.12,62.51
9919,2108,260,2,1834.67,84.05
9920,2107,192,1,2176.89,47.71
9921,1859,29,8,133.43,90.94
9922,2746,509,6,925.59,68.41
9923,2325,138,4,1392.7,60.52
9924,4571,80,7,30.19,43.3
9926,2024,344,7,2135.02,22.76
9927,4239,111,3,80.22,94.63
9928,2348,140,9,1547.62,27.26
9929,2164,477,4,736.63,22.8
9930,2508,119,6,20.67,49.57
9931,3844,500,6,1666.96,80.74
9932,4310,493,7,1437.45,80.87
9933,485,210,9,923.14,70.03
9934,1039,217,8,217.57,92.12
9935,3662,134,8,1973.32,24.18
9936,3520,441,1,1455.92,10.74
9937,920,363,3,2139.93,12.39
9938,2557,193,8,86.74,60.67
9939,2973,28,2,909.79,2.69
9940,4233,209,6,2443.93,70.65
9941,147,20,1,1403.7,56.95
9942,1164,560,9,1887.94,14.51
9943,125,12,9,1017.17,35.08
9944,2610,543,5,181.39,45.3
9945,836,150,4,733.76,66.34
9946,1434,448,3,262.0,43.8
9947,3367,45,4,924.39,52.13
9948,2596,171,10,2432.74,29.46
9949,2395,70,1,556.84,20.38
9950,3014,476,2,1492.83,23.02
9951,2762,374,5,1514.19,12.63
9952,848,327,2,2430.45,47.19
9953,2999,196,4,229.96,23.72
9954,1178,2,7,606.32,85.2
9955,4218,11,7,904.75,30.55
9956,823,211,4,2189.31,13.47
9957,3471,32,6,2493.12,10.18
9958,2795,314,2,1215.66,95.17
9959,1823,473,7,658.05,76.32
9960,1096,222,3,374.02,56.91
9961,797,572,9,1850.87,61.48
9962,3229,203,2,885.39,59.98
9963,2159,449,2,24.33,73.07
9964,2106,33,2,334.78,7.31
9965,794,289,1,1989.34,70.53
9966,756,449,3,267.26,70.86
9967,2611,292,10,145.32,88.94
9968,500,425,5,635.88,1.08
9969,3491,200,9,528.96,17.08
9970,3560,526,1,552.37,46.2
9973,3299,318,6,1115.8,35.5
9974,3411,74,7,207.6,48.03
9975,2154,466,7,573.54,3.22
9976,4301,267,4,97.58,9.46
9977,2596,279,9,1092.35,85.14
9978,562,518,1,730.08,83.27
9979,1064,25,1,1878.6,90.96
9980,3327,93,8,827.39,83.39
9981,1996,114,5,1624.15,91.42
9982,2295,414,7,574.6,78.32
9983,4476,432,9,1642.43,86.74
9984,4525,304,1,785.83,84.5
9985,2997,158,1,1409.46,22.15
9986,4629,381,3,688.24,12.07
9987,3059,184,1,1936.81,94.39
9988,1629,590,5,56.5,75.36
9989,1513,525,7,2442.98,15.81
9990,2357,264,6,463.78,90.08
9991,746,89,4,527.14,45.28
9992,1142,124,8,2377.53,43.46
9993,4627,489,10,137.34,75.88
9994,4553,274,10,918.2,82.8
9996,3008,321,9,766.58,70.23
9998,619,534,1,2018.48,17.8
9999,4689,334,9,1151.58,43.16
10000,4233,492,7,1946.74,56.85
10001,291,350,8,1514.76,71.75
10002,4051,142,8,1256.29,14.44
10003,4553,354,7,1759.39,60.63
10004,4558,340,3,2389.27,38.73
10005,92,119,8,1247.99,13.99
10006,1405,433,10,1271.58,96.19
10007,4266,378,9,214.35,34.57
10008,2721,450,2,1660.42,55.85
10009,913,479,7,2241.33,86.73
10010,210,272,4,316.34,24.64
10011,818,193,5,1179.77,18.11
10012,4765,184,9,151.0,83.11
10013,413,248,6,2165.16,45.06
10014,4328,108,5,720.23,41.33
10015,2809,47,10,2225.96,73.96
10016,3057,515,5,145.65,71.67
10017,1075,80,7,253.0,44.69
10018,4378,267,3,519.85,33.16
10019,387,199,8,943.44,34.47
10020,4900,514,2,1061.65,49.31
10021,2452,30,8,574.5,67.49
10022,4951,343,1,2239.28,24.35
10023,4154,369,6,1309.55,26.31
10024,3699,145,3,1084.44,41.54
10025,2447,283,9,2471.26,94.02
10026,1508,335,5,1544.45,41.64
10027,2668,542,3,2287.33,5.88
10028,1150,75,6,2245.99,5.68
10029,2512,274,1,608.93,11.18
10030,768,328,1,578.79,9.02
10031,2135,35,1,1836.9,4.34
10032,3219,227,4,186.27,50.4
10033,2506,371,10,214.42,16.04
10034,713,251,4,2046.61,10.49
10035,1937,37,4,1282.4,38.02
10036,870,158,4,2199.36,49.71
10038,4383,548,9,610.81,30.85
10039,484,275,7,2149.31,8.15
10041,2872,384,1,568.16,25.29
10042,2860,495,8,970.53,32.68
10043,419,99,4,547.04,22.54
10045,953,151,3,1601.81,93.42
10046,1877,318,5,1323.61,8.51
10047,3574,232,5,793.33,14.56
10049,3411,528,4,1067.07,38.01
10050,3634,41,10,462.4,47.35
10051,2863,585,8,202.34,8.69
10052,2103,539,8,543.19,10.64
10053,43,108,7,75.14,67.93
10054,3431,378,8,1332.02,43.09
10055,4823,281,10,1007.73,69.54
10056,2794,191,4,1866.79,10.62
10057,2256,369,8,2050.8,85.22
10058,504,419,8,707.74,46.27
10059,1273,285,1,997.76,94.09
10060,3128,389,6,1270.68,2.49
10061,4742,311,2,1145.54,31.75
10062,4221,455,10,2015.31,72.46
10063,3551,526,2,860.29,7.25
10064,25,33,1,459.15,80.43
10065,3556,30,7,927.72,44.46
10066,2324,284,4,849.62,97.74
10067,2111,580,3,1511.59,72.65
10068,1028,305,9,1012.68,71.32
10069,2808,355,3,1509.82,70.19
10070,2019,70,10,1307.23,22.67
10071,2200,180,2,2130.85,38.28
10072,4604,222,4,1185.63,88.97
10073,4111,264,4,1629.68,67.28
10075,2519,526,5,1203.59,85.72
10076,249,166,10,1847.7,5.9
10077,471,428,10,703.11,37.66
10078,2321,74,3,1361.86,85.35
10079,2421,223,8,2312.17,96.47
10080,676,459,2,768.96,63.4
10081,4806,409,6,1853.88,45.99
10082,3557,402,4,216.67,7.56
10083,4045,16,7,2245.9,84.56
10084,2128,64,10,644.27,99.75
10085,852,459,7,429.24,79.47
10086,993,262,9,1665.3,35.05
10087,668,177,5,633.48,3.46
10088,1145,51,1,394.88,50.27
10089,2525,538,6,2156.2,12.16
10090,3906,233,8,185.77,14.34
10091,352,260,10,1143.15,9.32
10092,3478,62,8,370.81,41.42
10093,2543,36,8,1008.53,2.45
10094,1661,65,10,2341.41,67.47
10095,4523,462,9,250.7,84.79
10096,3567,423,5,1924.33,62.94
10097,20,591,1,2101.62,39.02
10099,1567,298,4,1940.4,1.41
10100,718,61,6,1780.65,64.77
10101,1730,53,2,2350.72,67.04
10102,2597,408,5,432.63,56.45
10103,832,584,6,1227.3,20.52
10104,2859,301,9,2284.82,41.83
10105,759,346,1,1302.8,99.21
10106,4682,51,2,621.13,49.68
10107,1479,162,10,675.27,76.05
10108,1092,267,4,2229.67,77.9
10109,4027,428,9,810.48,98.59
10110,285,165,2,2101.9,4.21
10111,1542,121,1,1581.59,38.28
10112,3938,501,6,1016.25,42.8
10113,947,475,4,1918.64,2.85
10114,534,35,4,1775.96,99.72
10115,2060,511,9,1575.68,17.86
10116,3152,83,2,1863.8,67.8
10117,4247,527,5,331.04,87.4
10118,2678,445,9,703.91,39.89
10119,3495,278,4,2327.78,59.94
10120,604,390,6,224.44,10.17
10121,3604,76,5,2296.84,57.17
10122,2167,391,6,457.82,93.21
10123,1784,505,2,2314.03,80.22
10124,4874,197,9,378.64,46.72
10125,1092,422,7,1263.32,24.77
10126,2422,316,8,124.57,69.13
10127,2080,262,4,1829.52,42.94
10128,3512,410,1,1053.95,75.2
10129,381,129,5,1440.69,45.81
10130,2046,128,9,1506.75,43.92
10131,2724,169,3,2293.68,25.69
10132,3915,98,9,1533.64,67.06
10133,2489,147,7,1424.17,53.0
10134,3155,159,2,288.03,83.56
10135,4662,55,3,1589.36,11.59
10136,1537,155,10,677.79,55.89
10137,4994,86,4,809.6,86.6
10138,4691,402,5,1369.7,28.37
10139,4814,525,8,1908.5,16.87
10141,2816,139,10,1943.86,92.99
10142,1612,132,2,2453.08,61.09
10143,3803,117,10,603.88,74.84
10144,2294,327,4,2307.56,19.0
10145,4578,304,5,1518.22,66.38
10146,3968,477,3,1448.1,21.21
10147,4735,290,6,2069.04,24.56
10148,3916,389,7,669.89,40.88
10149,2504,408,8,1378.69,44.17
10150,4184,405,8,1859.85,24.52
10151,4355,148,1,1889.52,61.22
10152,3835,51,1,1850.48,30.17
10153,1707,186,7,388.53,21.15
10154,2333,508,6,220.92,66.27
10155,2509,33,6,283.01,57.49
10156,3405,266,9,1114.75,60.72
10157,3722,197,1,1178.66,69.43
10158,2226,205,8,690.41,44.29
10160,2772,583,10,93.15,17.67
10161,4201,335,2,216.9,79.28
10162,4072,160,4,26.96,58.01
10163,4154,554,10,614.43,8.0
10164,3214,230,5,2224.7,54.66
10165,696,126,3,2299.02,92.5
10166,4257,530,10,1904.32,99.85
10167,3611,546,5,1851.72,84.49
10168,452,57,1,1884.61,47.82
10169,3960,90,6,2398.81,81.76
10170,3284,48,3,1829.77,43.69
10171,2247,281,7,562.25,81.47
10172,3734,557,3,1982.66,52.19
10173,4808,132,6,2062.51,99.53
10174,3753,459,3,523.11,67.74
10175,370,246,4,265.57,35.98
10176,3045,354,9,2440.09,49.7
10177,1089,37,10,1886.9,31.37
10178,3827,88,2,1279.57,55.04
10179,2096,266,8,2225.38,17.69
10180,995,69,2,706.17,65.16
10181,795,103,8,1761.96,67.22
10182,3402,539,8,558.45,40.19
10184,1738,303,8,1298.63,84.19
10185,1080,136,6,528.08,5.36
10186,2709,230,1,1376.5,93.87
10187,3492,498,8,1082.58,5.77
10188,3634,180,1,2008.31,24.35
10189,3594,562,2,152.52,87.96
10190,4139,473,1,2288.43,6.13
10191,4268,41,5,2232.05,46.42
10192,4105,232,8,2080.76,34.89
10193,1818,324,7,1483.75,55.16
10194,4109,198,6,1362.76,57.45
10195,1283,409,6,1890.62,41.18
10196,3359,276,8,68.83,0.69
10197,2013,480,10,780.51,76.97
10198,242,445,1,1607.11,22.36
10199,2246,564,3,1749.95,5.53
10200,2018,534,2,480.5,66.14
10201,4518,275,8,436.05,52.83
10202,4053,372,6,1076.98,39.84
10203,2069,420,6,1473.27,12.5
10204,2129,445,2,595.96,51.27
10205,2100,336,1,1131.52,60.86
10206,374,385,6,1608.47,57.68
10207,4066,388,3,221.89,34.97
10208,1486,414,4,1097.21,17.48
10209,4754,480,6,1083.1,9.44
10210,3401,246,3,2322.34,0.15
10212,3348,418,9,1567.9,29.92
10213,1660,144,9,527.38,73.98
10214,3578,166,9,1222.25,70.91
10215,4661,85,8,2069.82,68.01
10216,3288,3,1,748.87,29.88
10217,4168,181,1,2372.82,65.18
10218,647,213,1,716.31,91.82
10219,2721,87,7,348.51,92.9
10220,1579,285,8,1276.01,7.06
10221,3909,103,10,786.29,71.85
10222,228,14,4,496.85,82.69
10223,1369,583,6,1139.03,5.33
10224,686,476,7,1182.59,48.6
10225,1675,174,4,1459.79,47.55
10226,773,114,7,2396.49,24.33
10227,2020,234,9,960.07,71.16
10228,1261,461,10,1278.02,23.53
10229,2479,365,2,575.15,39.92
10230,4571,57,2,231.06,23.87
10231,2958,549,5,1253.72,9.88
10232,1066,174,8,1812.55,36.67
10233,2602,463,2,790.21,50.39
10234,3353,386,5,1110.97,10.84
10235,2190,240,5,767.35,79.53
10236,4631,564,5,1576.07,42.57
10237,4005,517,1,650.23,67.78
10238,1601,589,4,470.37,30.37
10239,714,139,9,1639.79,62.75
10240,1776,559,3,2052.51,96.5
10241,3662,500,9,1355.25,82.46
10242,1848,323,8,2200.72,23.05
10243,1999,593,8,1751.83,88.33
10244,1557,452,1,1327.55,51.07
10245,2145,28,7,1161.61,10.46
10246,4295,406,9,1016.78,10.1
10247,3894,300,9,1031.29,20.16
10248,4864,278,1,974.54,77.05
10249,4001,387,1,1394.73,63.94
10250,4582,50,8,498.28,20.76
10251,112,445,4,1551.51,94.06
10252,2908,388,4,675.01,7.69
10253,421,9,8,1090.2,11.91
10254,4589,538,3,57.98,66.13
10255,120,87,7,2123.7,79.42
10256,4592,419,9,410.5,64.14
10257,1405,153,7,494.1,57.13
10258,3444,453,3,889.84,34.4
10259,1702,330,9,1196.85,75.82
10260,1941,307,10,2194.88,39.84
10261,1958,101,10,1384.41,84.78
10262,2091,466,3,1419.5,31.4
10263,3442,218,10,1390.4,83.99
10264,4555,378,1,1849.94,26.11
10265,3068,258,3,1958.97,11.79
10266,4212,355,5,949.9,56.38
10268,85,160,10,1479.06,9.67
10269,2084,37,2,1152.07,95.55
10270,4531,547,3,2212.35,20.5
10271,295,501,9,1681.77,87.96
10272,4009,254,6,1243.61,24.95
10273,4116,457,4,257.51,86.62
10274,590,539,10,725.09,76.32
10275,236,204,3,409.58,36.47
10276,4445,124,5,632.21,81.04
10277,3582,253,8,257.17,9.6
10278,2038,418,6,2016.8,36.47
10280,2326,405,5,572.23,7.08
10281,907,170,5,781.64,39.02
10282,1668,458,3,1268.91,58.67
10283,2213,498,5,1649.24,49.13
10284,1396,58,8,1267.71,13.19
10285,4573,586,5,700.34,41.33
10286,2196,506,6,315.72,91.8
10287,3452,264,7,2037.95,19.05
10288,4225,69,9,1853.54,48.32
10289,2606,168,2,1707.22,75.2
10290,4082,572,6,1850.96,7.08
10291,2259,150,3,1539.46,81.99
10292,2087,491,10,966.85,60.7
10293,2010,13,6,170.77,52.61
10294,3980,194,1,85.69,37.33
10295,3677,118,10,668.82,62.86
10296,785,456,7,176.96,60.85
10297,465,289,2,2388.89,30.65
10298,3849,270,5,178.96,93.02
10299,2494,429,10,2371.58,61.4
10300,3552,308,4,1493.83,79.64
10301,22,465,8,2233.51,75.85
10302,3404,205,9,275.97,90.83
10303,1816,575,4,242.58,15.27
10304,3901,392,2,375.16,33.94
10305,232,220,7,2228.99,54.08
10306,4832,461,1,410.11,35.62
10307,555,130,8,279.72,45.06
10308,2508,155,7,2360.96,48.98
10309,314,431,6,660.71,48.84
10310,2683,215,2,878.77,23.94
10311,4959,315,5,1791.34,1.54
10312,4215,89,8,2321.11,49.87
10313,3758,36,2,1515.45,39.28
10314,1219,214,3,1118.39,13.33
10315,2358,160,4,1848.22,74.71
10316,2452,302,6,1733.71,18.35
10317,3264,250,1,351.4,20.04
10318,1276,392,7,1375.38,95.39
10319,17,526,3,1027.91,66.56
10320,1333,70,6,1832.69,21.93
10321,3177,47,1,1408.24,22.27
10322,3895,278,2,1595.06,13.68
10323,4344,564,8,1354.84,38.13
10324,1931,313,9,1257.43,71.25
10325,1491,382,3,1799.85,29.25
10326,2656,372,2,1007.43,47.77
10327,4529,167,2,1306.25,51.72
10328,411,1,5,947.38,60.48
10329,3152,205,6,2046.24,32.0
10330,3448,78,6,799.57,54.81
10331,786,54,3,2335.05,64.23
10332,368,439,7,946.32,4.12
10333,1379,420,7,798.61,87.63
10334,1694,491,7,488.86,91.1
10335,1490,57,4,2356.79,0.25
10336,3275,262,5,2388.88,60.21
10337,4126,27,3,1363.03,81.2
10338,4675,48,4,1437.59,32.62
10339,3130,194,4,1983.88,25.48
10340,700,372,5,459.39,70.78
10341,837,596,6,1635.13,49.71
10342,667,448,8,674.41,76.34
10343,2253,167,9,1921.31,63.87
10344,153,9,2,2265.13,86.16
10345,4496,177,2,534.22,36.88
10346,1958,558,7,1116.91,57.38
10347,4267,62,2,762.51,56.65
10348,3366,388,6,2398.96,84.86
10349,1241,419,6,2222.56,65.85
10350,2548,522,10,1707.23,25.73
10351,1246,497,6,563.59,28.69
10352,2970,392,6,1756.3,36.06
10353,3908,426,9,439.25,39.16
10354,1241,386,3,1636.54,46.43
10355,3865,392,4,1028.03,96.92
10356,2664,402,10,1515.75,35.76
10357,4793,306,2,1169.82,32.13
10358,3168,463,5,1154.69,56.16
10359,2982,188,4,2491.63,49.98
10360,422,439,4,355.15,83.35
10361,3775,90,8,168.09,24.6
10362,2270,498,7,1752.83,6.73
10363,3452,343,7,146.93,74.18
10364,2071,29,4,1194.15,60.54
10366,888,172,1,560.39,58.24
10367,1297,17,9,1264.49,34.37
10368,2698,404,4,1680.52,23.69
10369,3124,541,6,2164.05,70.28
10370,1113,266,1,201.03,69.88
10371,4030,143,7,2492.96,43.16
10372,3145,504,1,809.9,61.91
10373,4615,464,10,836.6,82.61
10374,122,300,6,1227.38,77.28
10375,358,368,7,1727.94,34.92
10376,1457,403,10,496.31,59.45
10377,2244,136,5,2498.55,46.42
10378,3226,399,8,191.66,0.17
10379,48,109,1,1484.0,38.52
10380,4366,564,8,704.16,78.0
10381,4912,203,5,164.65,56.26
10382,191,352,3,2240.17,37.46
10383,1285,575,4,1828.88,69.59
10384,1732,553,3,103.64,1.37
10385,1390,415,5,2294.87,82.49
10386,2526,186,4,812.0,99.18
10387,2569,524,9,2416.87,3.88
10388,3194,280,2,753.01,21.56
10389,2101,493,10,87.28,89.35
10390,3365,369,5,537.14,93.88
10391,4522,378,3,940.74,17.12
10392,4931,204,10,961.97,18.09
10393,42,119,5,1578.9,5.48
10394,2061,515,2,2273.89,2.9
10395,3807,451,2,1367.73,38.12
10396,3732,513,4,171.64,2.7
10397,4804,467,6,582.87,62.83
10398,1958,325,2,2263.82,65.79
10399,1674,355,10,2311.6,8.18
10400,1213,261,6,229.96,72.94
10401,2693,556,8,1574.52,31.65
10402,1165,167,1,1095.88,88.07
10403,4245,134,6,1875.41,63.27
10404,4125,116,4,2213.81,26.83
10405,4530,356,10,854.72,60.23
10406,2703,194,9,1872.88,47.22
10407,941,172,9,390.43,72.87
10408,1778,343,6,1625.25,27.17
10410,383,274,2,2095.52,94.1
10411,3274,352,7,1100.12,68.47
10412,2254,504,7,462.03,59.2
10414,1989,495,10,314.76,79.99
10415,3593,189,7,1205.63,1.16
10416,4266,373,2,80.98,49.62
10417,678,467,9,1016.47,44.38
10418,3273,80,2,86.84,98.97
10419,3613,593,8,2238.48,84.48
10420,4840,444,6,235.87,20.04
10421,357,493,9,1378.27,14.29
10422,3721,428,9,1753.6,11.18
10423,4026,588,3,910.16,49.13
10424,1302,108,10,683.51,55.0
10425,2419,235,2,1957.62,60.39
10426,4046,291,10,2045.28,2.24
10427,1509,191,10,623.5,17.3
10428,2616,309,2,550.33,3.33
10429,4661,144,8,531.7,34.97
10430,4311,107,8,715.41,55.99
10431,4923,190,7,394.17,83.62
10432,3950,157,5,910.05,27.65
10433,4580,444,1,257.71,14.82
10434,4880,26,2,836.14,41.3
10435,4081,85,7,1691.51,94.07
10436,4772,58,4,1423.52,77.3
10437,2387,401,10,1499.61,15.1
10438,66,332,3,1401.18,89.05
10439,3459,364,8,987.96,8.28
10440,2118,52,8,1787.81,69.15
10441,594,122,10,2124.55,83.03
10442,1019,364,4,1446.93,86.02
10443,2381,234,8,1979.14,74.92
10444,383,117,1,1575.32,62.03
10445,2900,42,10,2041.26,42.13
10446,4980,110,7,1835.22,43.23
10447,1605,588,1,1697.9,52.59
10449,447,256,2,2410.98,38.67
10450,2746,225,3,524.77,33.24
10451,4641,257,5,1611.49,0.28
10452,2307,148,8,2128.36,34.69
10453,4642,250,4,1776.92,13.27
10454,3207,516,5,1383.27,95.27
10455,2733,444,8,28.64,48.79
10456,2651,18,9,1620.95,11.82
10457,2720,82,9,2486.1,75.86
10458,655,585,6,2398.44,96.44
10459,2330,325,2,46.74,11.29
10460,1046,141,6,1322.28,31.31
10461,3669,9,6,427.79,55.71
10462,958,377,1,1058.19,34.38
10463,2957,386,3,376.42,32.59
10464,1986,427,9,2317.84,40.86
10465,4546,34,2,138.64,65.51
10466,3024,382,8,2242.13,14.54
10467,1110,108,3,2148.82,36.96
10468,2273,268,4,1667.54,26.84
10469,2150,497,7,2206.13,45.56
10470,960,295,7,445.43,16.2
10471,870,5,10,967.87,59.32
10472,3659,324,8,1832.58,33.64
10473,789,82,9,150.08,83.36
10474,4396,254,3,2054.04,21.48
10475,747,120,5,1367.82,43.24
10476,706,479,10,1854.94,75.8
10477,390,486,1,1507.04,83.54
10478,898,232,7,160.8,2.35
10479,3138,150,4,2441.07,17.66
10480,111,410,4,666.02,94.86
10481,4854,384,1,1337.2,40.42
10482,1313,93,2,599.65,22.26
10483,714,369,6,275.22,88.25
10484,3927,144,10,926.36,20.81
10485,1754,590,4,1532.25,34.82
10486,1575,519,7,854.31,19.77
10487,1762,229,3,2188.91,3.75
10488,4616,593,6,2283.58,0.83
10489,4970,155,3,1092.7,40.18
10490,1933,495,1,509.88,80.78
10491,1610,566,1,1364.31,7.04
10492,1247,15,8,2018.77,8.74
10493,1420,528,4,2252.52,8.57
10494,1539,474,2,738.99,15.34
10495,3566,296,10,2336.52,65.5
10496,602,253,5,1748.21,80.55
10497,3449,109,3,26.83,50.47
10498,3515,2,4,1984.67,62.57
10499,2267,567,2,541.73,18.61
10500,609,178,1,2366.47,73.23
10501,925,87,8,1687.71,79.67
10502,337,437,6,2066.55,63.86
10503,296,429,3,1734.35,28.76
10504,4510,444,3,688.15,29.64
10505,513,206,9,2189.04,53.72
10506,3819,204,5,581.67,2.15
10507,3821,379,8,540.74,49.95
10508,3108,305,8,38.69,19.3
10509,2907,315,1,1738.54,12.81
10510,1191,533,3,2252.64,33.31
10511,3225,69,10,158.11,41.23
10512,406,248,2,585.7,49.57
10513,1117,228,10,883.22,80.57
10514,235,11,10,1591.88,19.62
10515,3041,10,7,993.53,3.38
10516,4300,400,1,1129.53,68.15
10517,1651,65,6,1011.77,94.81
10518,2960,325,6,1843.98,76.35
10519,3629,360,8,768.56,79.49
10520,3087,44,9,1678.69,8.71
10521,655,364,8,1025.79,19.33
10522,4874,370,7,685.73,62.43
10523,442,440,4,1853.36,28.6
10524,1172,484,8,1852.62,26.91
10525,4683,392,4,2071.2,67.34
10526,3861,488,5,1631.16,29.02
10527,1969,390,5,221.82,83.91
10528,959,103,8,1997.23,2.85
10529,192,68,1,1991.79,74.39
10530,3603,40,9,383.84,72.73
10531,4391,238,3,2031.63,40.44
10532,4137,596,1,1604.54,5.29
10533,1793,70,6,978.17,52.62
10534,1240,48,8,890.9,10.97
10535,1112,495,3,210.4,22.7
10536,2537,393,1,969.03,98.4
10537,3284,249,2,195.82,7.16
10538,3890,104,6,2452.36,92.72
10539,1064,428,2,1252.72,55.77
10540,3155,478,2,1840.64,71.68
10541,3324,126,6,2364.23,35.83
10542,3093,74,7,1845.5,23.84
10543,3291,96,8,1653.06,85.77
10544,4441,425,10,2175.15,46.47
10545,4793,366,5,2299.77,47.86
10546,1377,416,8,886.48,59.21
10547,3197,200,2,1424.74,6.9
10548,1786,554,10,1257.38,23.37
10549,3049,517,1,971.38,40.89
10552,2407,317,5,1957.08,81.14
10553,4224,3,7,1209.11,57.15
10554,3587,589,1,555.93,82.95
10555,3194,317,8,588.76,55.16
10556,3076,165,4,417.69,70.86
10557,4399,466,5,1923.81,16.42
10558,1542,8,4,2129.51,90.9
10560,1552,338,9,1985.38,29.77
10561,2341,51,6,594.97,35.2
10562,1381,7,8,507.6,99.18
10563,1149,410,2,562.69,54.14
10564,1525,302,9,1365.79,14.98
10565,2871,277,1,2356.58,22.44
10566,1325,522,3,1445.73,51.08
10567,349,36,1,89.34,96.23
10568,4918,500,10,983.46,46.83
10569,2983,39,5,478.25,58.72
10570,956,468,2,1641.32,53.57
10571,1159,157,8,2124.02,51.38
10572,4060,422,6,1643.56,26.05
10573,270,398,7,2301.8,28.0
10575,3455,288,1,751.21,11.72
10576,1361,48,7,2474.93,78.16
10577,1135,146,5,378.33,88.62
10578,4046,444,4,1134.19,68.08
10579,540,522,5,775.21,38.04
10580,1988,593,2,280.28,50.35
10581,793,293,5,1844.29,74.12
10582,3019,241,7,746.57,16.55
10583,3162,509,3,2125.96,21.77
10584,2840,29,7,774.17,49.49
10585,563,457,5,1733.77,25.89
10586,1277,526,4,31.69,10.53
10587,2783,177,9,1283.66,35.38
10588,4335,466,2,116.28,59.98
10589,865,194,5,2485.26,60.27
10590,612,7,3,1830.12,51.48
10591,815,355,1,2315.59,58.95
10592,4845,551,9,186.03,6.76
10593,4645,426,10,2468.56,64.45
10594,3732,98,4,1827.16,97.38
10595,1883,235,8,484.01,20.79
10596,4139,183,5,2478.32,74.06
10597,841,287,6,2333.6,39.94
10599,1229,146,9,31.7,30.26
10600,3669,316,8,1668.18,65.24
10601,2869,572,5,2410.15,84.78
10602,995,547,3,1603.65,7.98
10603,3915,120,9,1592.15,98.5
10604,4383,403,1,2088.26,57.67
10605,577,505,6,1942.81,17.78
10606,1295,342,4,320.22,99.27
10607,3577,121,9,1103.3,64.28
10608,3772,210,7,1618.78,67.9
10609,3286,156,5,1848.26,64.49
10610,835,585,7,2235.62,29.34
10611,3069,169,4,77.6,35.67
10612,2,553,5,864.31,82.72
10613,1058,294,2,1787.86,48.79
10614,1730,56,9,54.99,68.74
10615,3805,197,6,821.5,32.79
10616,2064,155,3,1463.15,73.41
10617,4865,471,6,1373.67,63.71
10618,3322,8,2,148.33,25.48
10619,1367,378,3,971.07,82.44
10620,4056,486,7,812.51,39.57
10621,1992,79,7,1243.9,14.96
10622,2486,286,2,433.72,41.51
10623,3629,444,10,110.07,96.77
10624,467,547,1,1813.56,18.77
10625,3238,417,10,969.88,76.29
10626,4159,346,7,1737.04,54.94
10627,1631,485,9,2185.97,87.45
10628,2692,574,4,686.89,20.83
10629,4661,492,8,2394.68,28.59
10630,2067,509,8,217.49,35.07
10631,922,143,10,1741.69,24.76
10632,4125,548,6,2474.79,96.97
10633,1688,146,1,2091.09,3.61
10635,4748,514,10,2201.72,95.25
10636,3924,202,7,498.52,27.13
10637,2056,44,6,1865.78,48.26
10638,1407,303,8,1121.75,87.3
10639,4521,338,10,50.52,0.72
10640,2789,408,6,2004.62,27.73
10641,1313,303,7,1972.54,33.88
10642,2284,470,7,957.71,80.22
10644,2488,125,2,1340.94,17.34
10645,4529,531,6,12.11,46.28
10646,1295,306,8,512.24,57.47
10647,2498,163,7,422.76,9.41
10648,2572,66,2,322.24,21.96
10649,3607,61,8,95.5,6.11
10650,1357,474,3,1419.45,21.33
10651,1161,285,7,221.65,50.23
10652,2253,495,9,1943.6,67.55
10653,2536,66,9,2445.01,13.78
10654,1267,514,6,22.44,69.8
10655,2112,212,4,1327.71,78.68
10656,4970,211,2,283.11,3.12
10657,4990,83,8,1520.08,59.24
10658,4771,458,4,758.07,67.8
10659,136,441,4,376.82,81.63
10660,291,274,5,1571.28,49.06
10661,731,76,4,430.42,2.45
10662,2170,592,2,1304.05,13.16
10663,3064,455,8,188.05,11.77
10664,4680,492,8,1339.35,41.2
10665,3278,498,6,2486.04,52.12
10666,945,536,1,10.42,80.45
10667,1793,82,8,935.44,2.89
10668,285,436,9,413.47,80.37
10669,3883,308,3,191.61,48.14
10670,1523,173,9,490.45,93.42
10671,1683,37,4,1468.79,63.63
10672,1494,396,1,1377.22,80.36
10673,2193,132,2,2070.26,45.21
10674,3402,152,4,2068.31,13.59
10675,1530,495,10,149.83,38.58
10676,1541,586,3,1209.99,16.85
10677,3593,585,5,481.26,29.53
10678,322,487,7,865.71,91.09
10679,2804,542,3,1276.34,53.03
10680,3259,346,2,631.5,57.96
10681,3847,55,5,510.15,52.17
10682,2199,297,5,1079.95,35.99
10683,2557,555,6,1592.81,96.26
10684,3921,600,7,336.36,86.83
10685,2412,368,9,1012.76,69.04
10686,3887,343,2,1203.24,57.12
10687,3474,437,9,1707.23,47.49
10688,3442,241,2,2029.65,22.4
10689,3539,365,1,1719.15,15.82
10690,1412,572,10,66.4,95.54
10691,4909,278,4,1280.36,98.38
10692,3117,569,2,2113.52,6.33
10693,781,391,4,1089.3,78.82
10694,4546,236,9,721.32,19.35
10695,3943,52,6,1410.05,10.18
10696,1787,299,8,530.61,47.34
10697,4739,286,8,1877.59,85.97
10698,218,598,6,930.74,63.12
10699,1971,565,7,15.16,6.2
10700,2114,464,6,695.76,69.02
10701,1257,571,4,1816.6,13.76
10702,4415,375,10,766.43,79.44
10704,232,287,8,1267.72,5.22
10705,3278,480,7,2042.14,94.9
10706,2139,233,3,2354.95,12.85
10707,60,338,2,2205.63,60.1
10708,4467,304,5,2062.46,78.34
10709,4727,302,9,1985.68,61.91
10710,2169,506,4,2034.03,90.47
10711,3974,580,8,1216.23,15.05
10712,1276,303,9,815.77,86.76
10713,2427,36,4,1448.15,68.56
10714,3957,180,8,1106.41,98.65
10715,2948,273,10,2371.25,58.92
10716,1989,329,9,512.73,40.84
10717,4013,478,3,817.52,43.65
10718,1773,179,8,1775.71,64.71
10719,379,263,6,2385.43,71.57
10720,4153,409,9,408.16,56.71
10721,4044,454,4,775.01,25.63
10722,2194,386,2,2196.42,7.15
10723,3580,306,1,814.76,97.42
10724,1163,16,8,177.32,20.7
10725,4805,306,4,2220.29,28.88
10726,2983,53,10,21.88,2.98
10727,3401,470,8,2033.51,13.87
10729,2577,131,2,1523.28,16.02
10730,4562,257,5,247.99,97.79
10731,3871,159,9,724.31,66.77
10732,2065,438,1,909.63,54.84
10733,3618,302,8,1611.59,73.16
10734,2561,88,8,1416.22,82.22
10735,3568,195,3,474.1,21.86
10736,1285,572,2,407.11,57.35
10737,4171,6,9,1914.89,27.49
10738,1670,468,7,2376.36,74.89
10740,2179,596,8,554.86,82.54
10741,2030,393,8,392.05,79.64
10742,992,503,2,442.97,90.76
10743,2470,527,9,2493.68,86.1
10744,4291,515,9,844.06,48.4
10745,4331,109,9,1941.19,29.81
10746,2418,10,7,1639.69,75.46
10747,3423,435,2,2411.28,45.08
10748,1228,545,10,1046.58,30.18
10749,1481,189,3,1424.16,95.26
10750,1330,473,5,1907.47,90.42
10751,1054,213,2,2235.41,34.7
10752,2333,566,8,292.05,54.83
10753,3015,289,3,1922.6,33.55
10754,546,288,3,43.49,94.78
10755,4805,60,9,877.15,80.94
10757,3355,321,6,702.75,93.4
10758,1461,419,7,1262.63,50.83
10759,3064,540,4,2312.53,57.29
10760,1,588,10,796.5,40.07
10761,425,206,8,1112.25,93.64
10762,2481,497,7,1288.88,94.25
10763,121,8,4,1202.74,43.55
10764,862,126,9,147.29,33.13
10765,4395,220,1,2343.54,50.08
10766,3243,199,8,2221.71,88.59
10767,4521,448,2,2220.14,64.68
10768,2038,502,6,1059.5,97.94
10769,939,11,5,1002.5,90.41
10770,507,414,6,2325.67,31.28
10771,2218,128,10,2396.33,94.33
10772,2402,515,2,2275.52,54.1
10773,4002,583,2,2204.31,40.2
10774,268,492,6,611.59,43.93
10775,4152,553,2,2258.76,64.64
10776,2609,126,3,458.72,70.77
10777,3284,116,3,2262.92,25.23
10778,1901,488,2,1885.19,10.44
10779,1516,117,5,728.85,2.25
10780,525,60,1,1827.64,64.66
10781,2129,526,9,1057.36,68.73
10782,3618,505,6,1866.29,25.99
10783,1471,327,8,2272.36,6.41
10784,2649,180,3,251.89,8.04
10785,3242,597,2,2048.81,71.54
10786,3241,411,4,932.09,0.35
10787,2282,202,9,1284.55,76.58
10788,4281,293,3,221.21,74.51
10789,225,325,7,511.38,3.98
10790,2953,576,1,1891.02,92.94
10791,4853,354,2,1051.14,31.7
10792,3356,406,7,995.16,19.83
10794,4998,514,7,1160.0,99.35
10795,2150,406,5,67.2,85.12
10796,584,33,3,678.89,93.62
10797,436,76,3,1677.2,74.82
10798,4933,411,6,1013.97,42.48
10799,3930,205,9,2346.51,0.54
10800,522,581,3,915.04,87.07
10801,4685,487,7,1491.28,84.61
10802,169,420,4,708.12,39.31
10803,4631,495,3,1081.02,72.78
10804,219,562,9,291.61,84.81
10805,992,85,3,2323.39,22.79
10806,3903,178,9,1886.06,99.46
10807,2175,70,1,956.18,97.44
10808,3261,73,9,2144.29,48.33
10809,1948,368,4,1038.13,81.33
10810,339,442,10,366.68,64.14
10811,114,35,4,991.25,31.76
10812,89,227,2,245.41,94.79
10813,3823,377,4,1886.01,58.64
10814,1272,437,7,664.39,6.01
10815,4488,172,1,1648.27,93.21
10816,2018,98,7,827.86,5.94
10817,3424,279,8,2234.95,1.17
10818,610,102,8,2479.06,96.67
10819,972,164,9,2073.87,92.55
10820,4770,470,1,2389.62,11.07
10821,2466,514,6,2483.29,45.16
10822,294,546,4,1941.13,56.75
10823,703,216,6,1796.38,62.5
10824,1252,381,6,2003.41,43.42
10826,1520,233,5,1572.41,46.18
10827,4772,57,2,860.44,82.5
10828,1704,182,2,2304.96,64.8
10829,342,569,5,1200.84,78.03
10830,937,522,9,1495.81,91.15
10831,3340,588,6,2099.97,56.18
10832,4226,472,2,199.42,1.12
10833,3197,191,7,818.2,99.76
10834,2848,543,2,1463.17,18.53
10835,3218,244,7,197.5,47.77
10836,1907,29,2,1865.73,12.31
10837,4144,245,2,2203.56,16.06
10838,3572,436,2,2161.28,4.29
10839,4176,498,6,1885.63,30.11
10840,2518,365,10,2275.31,9.82
10841,4798,6,1,524.08,39.37
10843,3610,463,9,2492.76,24.48
10844,4456,450,9,1348.86,6.88
10845,1518,450,2,2084.75,84.12
10846,1522,77,6,91.22,42.4
10847,1050,394,7,376.71,2.03
10848,3108,31,10,379.09,78.59
10849,1331,302,7,2338.41,86.07
10850,4080,144,9,771.26,31.72
10851,4981,371,9,539.68,14.12
10852,2772,310,4,303.27,56.63
10853,256,220,4,1153.15,49.44
10854,2476,599,1,2293.67,76.09
10855,2144,14,8,2119.46,25.41
10856,4028,405,6,161.1,66.24
10857,3881,469,1,2288.24,78.25
10858,3178,413,4,919.77,34.42
10859,3117,99,3,478.65,8.36
10861,210,43,4,2020.36,3.66
10862,3524,592,8,2159.61,45.14
10863,3595,522,5,1064.86,96.87
10864,1665,96,5,716.19,82.36
10865,966,51,7,642.32,36.47
10866,2560,242,6,2426.55,66.04
10867,3848,66,2,280.84,39.22
10868,2874,143,9,1126.99,45.77
10869,4224,582,3,1225.96,76.47
10870,3010,340,9,247.67,13.39
10871,2316,285,3,2338.77,68.81
10872,4838,219,8,709.82,98.16
10873,2207,520,5,714.33,71.85
10875,2981,462,7,1841.36,1.71
10876,4474,463,5,2245.65,76.15
10877,3787,523,2,183.8,11.69
10878,4408,572,2,269.61,86.17
10879,384,118,10,1717.59,51.15
10880,2712,467,6,399.08,2.08
10881,1297,48,2,1263.67,7.0
10882,2322,117,4,2043.79,32.02
10883,783,212,10,607.61,30.81
10884,1555,401,6,1317.71,56.7
10885,4019,469,1,2056.64,47.31
10886,680,581,10,1796.99,26.01
10887,1187,375,8,2129.34,4.17
10888,3869,62,10,2001.03,60.38
10889,2587,203,2,1989.49,47.59
10890,1419,572,6,759.42,3.95
10891,1684,189,2,1775.04,74.01
10892,3389,503,4,1117.65,36.77
10893,4982,552,8,2273.05,88.57
10894,906,306,1,1437.76,58.74
10895,823,445,2,404.8,36.4
10896,1937,538,3,1688.68,22.51
10897,526,5,2,727.54,38.92
10898,2869,426,8,234.28,18.65
10899,3675,77,7,2299.98,36.74
10900,118,267,6,2473.6,99.53
10901,2783,38,8,868.69,43.71
10902,1095,223,6,950.25,28.33
10903,1985,2,8,1536.12,56.4
10904,3941,83,8,1753.1,69.68
10905,2654,109,7,296.29,90.71
10906,1376,175,9,682.4,54.66
10907,4379,122,5,1490.56,95.37
10908,3769,115,3,2114.94,86.3
10909,3679,445,2,1210.93,94.86
10910,2927,369,3,203.32,35.57
10911,4835,143,3,563.3,7.94
10912,362,229,10,1264.57,61.07
10913,3793,523,8,791.07,65.8
10914,4106,571,6,788.59,51.41
10915,3106,257,9,1610.62,2.11
10916,3388,247,10,1059.7,95.79
10917,1788,193,8,1414.57,65.35
10918,2254,153,6,360.49,7.43
10919,340,546,5,2339.54,46.32
10920,2967,529,3,156.52,18.95
10921,1085,491,10,1259.41,61.01
10922,3347,303,3,1431.67,38.86
10923,3966,517,2,653.85,3.53
10924,3507,137,4,382.77,78.23
10925,236,413,4,2255.61,3.69
10926,2303,354,8,669.43,14.07
10927,4089,595,4,2142.61,2.56
10928,2019,38,6,2312.23,81.6
10929,705,446,9,1501.06,47.67
10930,1724,24,9,1151.27,28.8
10931,4974,514,6,507.61,68.78
10932,1114,186,6,81.91,18.94
10933,3705,550,9,227.91,86.47
10934,970,386,3,1496.57,83.2
10935,3067,457,8,710.39,85.9
10936,2940,479,5,638.97,89.04
10937,3137,199,1,217.09,71.74
10938,4934,374,9,1530.96,22.75
10939,479,253,4,1334.8,30.19
10940,2111,306,8,874.72,39.96
10942,3459,291,4,38.19,5.17
10943,3161,380,8,1289.64,6.56
10944,3210,373,10,1718.55,56.43
10945,4708,225,2,2151.07,18.78
10946,2822,485,10,1711.46,97.07
10947,455,449,9,1425.44,45.0
10949,4774,332,7,587.5,81.7
10950,2310,313,2,569.06,19.45
10951,4513,117,3,1820.19,3.12
10952,901,569,2,1010.24,89.81
10953,3020,438,3,77.14,95.05
10954,1311,308,10,2020.64,62.36
10955,4224,170,6,2426.73,61.7
10956,928,157,9,1045.21,24.11
10957,3426,470,5,378.96,21.38
10958,254,523,2,475.78,55.58
10959,1990,95,7,2416.44,84.98
10960,864,332,3,1946.04,29.61
10961,2450,14,1,265.87,14.02
10962,481,219,6,116.11,83.77
10963,2170,399,1,2071.49,69.81
10964,779,206,8,863.07,3.18
10965,2816,398,10,1184.53,16.4
10966,544,102,7,2257.65,28.95
10967,637,463,5,2247.63,58.61
10968,3562,206,7,887.94,73.44
10969,82,98,2,1503.08,52.01
10970,2904,220,5,1557.31,24.32
10971,4752,324,4,938.74,43.95
10972,2496,243,8,1034.94,32.67
10973,3636,235,3,495.14,59.97
10975,1257,439,3,995.18,14.12
10976,2340,560,3,265.76,65.87
10977,2095,223,3,47.05,96.15
10978,3130,519,5,788.93,93.87
10979,697,193,5,335.79,17.38
10980,3954,73,1,107.51,76.74
10981,2929,574,3,1461.5,15.46
10982,4120,532,9,1764.77,84.44
10983,3570,65,6,1451.03,58.37
10984,607,265,3,420.28,30.72
10985,3429,268,5,176.04,86.01
10986,800,62,2,1273.21,52.66
10987,2512,415,8,2270.2,55.35
10988,2060,249,5,729.69,67.65
10989,1870,411,3,1280.51,8.02
10990,4422,474,1,2215.05,57.95
10991,2236,10,1,1363.07,33.31
10992,3901,364,3,1161.83,6.97
10993,2268,391,7,43.94,40.36
10994,862,299,9,1936.94,44.59
10995,438,156,2,2442.88,18.63
10996,3314,286,2,1358.16,85.93
10997,1373,436,2,1513.0,64.34
10998,1924,177,8,2295.04,76.8
10999,1474,499,9,2158.37,64.86
11000,906,389,8,1634.14,60.49
11001,3218,416,5,2270.04,10.2
11002,3864,313,3,1126.59,6.89
11003,193,410,9,354.52,34.92
11004,2003,555,8,224.78,85.76
11005,2738,318,6,933.96,72.26
11006,3267,96,8,2140.33,86.47
11007,4908,515,3,2130.36,87.74
11008,273,473,8,2166.66,14.67
11009,2924,205,1,638.76,17.4
11010,1868,289,3,1583.58,85.6
11011,4248,337,1,256.36,95.02
11012,316,231,2,314.4,32.17
11013,3092,121,9,891.84,76.8
11014,4250,207,10,127.35,16.25
11015,3924,420,3,769.11,78.71
11016,758,179,4,24.85,58.67
11017,3684,115,3,1220.11,4.71
11018,55,495,6,187.31,58.05
11019,3255,263,10,157.75,38.31
11020,328,24,2,2374.6,75.8
11021,1486,532,4,1054.69,8.73
11022,1106,496,2,73.05,24.53
11023,4788,568,10,2222.24,3.88
11024,848,126,4,129.56,20.55
11025,732,186,8,1766.72,93.45
11026,3200,208,7,919.16,48.76
11027,583,188,10,2288.75,19.02
11028,4843,188,7,1560.08,64.94
11029,4785,530,6,1370.03,28.44
11030,4891,261,2,1516.89,28.02
11031,1349,256,7,2064.88,77.29
11032,199,94,7,1248.79,85.16
11033,1845,216,4,1241.14,89.24
11034,4771,2,1,1123.82,79.38
11035,1713,111,10,1827.97,91.66
11036,4570,218,9,793.44,79.5
11037,1304,379,1,1060.06,30.19
11038,1508,123,4,1762.35,42.32
11040,242,405,7,1735.22,54.47
11041,168,18,3,2177.09,48.11
11042,3339,184,3,2254.33,27.98
11043,654,291,3,418.38,6.44
11044,3375,506,5,852.34,96.76
11045,1682,208,9,631.41,8.51
11046,4433,179,4,1964.14,66.72
11047,232,197,5,1220.51,24.34
11048,4526,167,3,2429.83,5.95
11049,2871,51,2,1098.01,35.37
11051,2521,412,3,804.1,28.24
11052,3224,35,10,1727.17,34.13
11053,467,311,3,623.28,52.53
11054,729,155,2,175.0,92.24
11055,3415,298,6,698.65,72.49
11056,1226,50,8,18.73,99.18
11058,4110,344,6,463.93,9.28
11059,4266,199,9,1687.03,14.38
11060,4864,452,3,533.72,39.03
11061,252,78,7,2143.69,46.83
11062,2820,10,5,1542.22,54.5
11063,4805,92,6,905.3,47.17
11064,526,583,6,2494.2,32.34
11065,3952,532,8,2472.77,60.63
11066,3077,410,1,1660.66,87.72
11067,1850,537,7,1269.43,18.98
11068,1647,208,9,663.61,15.38
11069,4136,568,6,475.26,40.84
11070,2876,14,9,1942.17,53.29
11071,386,171,6,2030.37,62.03
11072,3975,458,10,1046.28,91.96
11073,432,471,3,1874.1,49.98
11074,3622,306,6,362.3,93.3
11075,4314,446,6,1421.6,33.23
11077,4038,40,3,121.64,15.03
11078,3513,229,4,1964.21,63.53
11079,4477,594,4,719.78,25.02
11080,3792,158,2,847.53,50.59
11081,896,144,10,343.86,50.97
11082,2735,33,3,2367.04,17.49
11083,4880,269,8,138.36,70.37
11084,4286,243,1,1163.42,86.6
11085,4979,395,4,1789.94,49.3
11086,3754,101,7,444.15,19.37
11087,1296,38,4,530.91,5.52
11089,4626,38,7,2381.58,61.54
11090,703,165,1,2398.23,87.38
11091,2519,598,2,106.46,79.27
11092,3427,345,10,140.67,23.05
11093,540,371,10,955.84,88.44
11094,3691,103,5,2028.09,11.83
11095,1587,362,6,2167.93,99.57
11096,4034,267,10,964.12,9.74
11098,761,359,4,1209.26,9.21
11100,1173,254,8,851.93,46.42
11101,4028,159,6,783.19,96.41
11102,1578,468,5,976.9,89.19
11103,640,58,2,1359.95,63.84
11104,4770,599,7,221.94,39.57
11105,2474,71,5,1129.15,43.96
11106,831,438,9,838.31,53.47
11107,373,184,7,1077.28,8.45
11108,2064,487,7,1998.06,19.9
11109,2360,392,10,2346.47,6.03
11110,3271,235,5,848.91,95.59
11111,372,321,2,484.48,52.77
11112,3805,170,4,942.74,99.05
11113,1326,579,10,172.2,30.46
11114,2846,80,10,360.32,40.26
11115,131,539,8,2122.35,43.05
11116,4326,198,5,1223.37,4.15
11117,2685,177,3,2050.36,78.74
11118,479,227,5,2453.09,35.98
11119,2332,328,3,1102.38,50.07
11120,766,401,4,998.17,49.91
11121,3217,466,4,486.69,46.42
11122,3359,558,9,1765.41,38.61
11123,3738,108,2,1808.35,18.52
11124,1900,190,10,2365.29,71.82
11125,1423,166,8,1205.54,40.19
11126,1309,220,8,2124.12,84.83
11127,3542,542,1,301.26,81.32
11128,2641,483,2,1119.61,87.04
11129,4948,424,8,260.92,62.35
11130,1425,78,2,70.94,64.6
11131,491,147,4,731.25,93.9
11132,2522,412,1,1334.84,85.96
11133,1878,446,1,1725.2,39.37
11134,3678,55,3,122.93,17.76
11135,4679,360,2,544.93,29.7
11136,501,399,3,1648.91,39.22
11137,3029,363,1,303.05,43.59
11138,4654,550,8,2187.17,38.76
11139,388,528,9,2209.56,92.77
11140,762,426,7,942.19,80.68
11141,3939,245,7,1348.51,77.59
11142,3659,92,8,2417.95,35.81
11143,2201,119,3,1615.65,5.57
11144,2650,218,10,1437.5,2.25
11145,2199,298,1,658.5,87.1
11146,3784,434,2,2367.55,23.02
11147,1789,482,1,2321.87,3.16
11148,3470,521,7,1702.49,83.0
11149,1845,498,3,1512.72,1.7
11150,3907,404,4,1466.69,62.44
11151,259,59,8,943.91,23.94
11152,2545,159,9,1303.27,24.89
11153,1021,414,7,2170.11,88.29
11154,4133,527,9,1111.47,31.84
11155,1632,464,8,2432.41,24.54
11156,4238,399,6,1014.04,85.13
11157,1092,322,2,1989.1,32.91
11158,2629,354,3,1695.5,58.56
11159,2803,243,9,507.35,67.51
11160,3925,383,8,1393.71,25.78
11161,796,364,9,1284.14,34.25
11162,3200,412,4,133.11,94.99
11163,4194,164,4,2292.07,98.08
11164,4668,366,2,51.08,46.53
11165,3734,516,2,1951.02,37.22
11166,4682,44,8,935.92,99.57
11167,4230,271,9,394.02,75.82
11168,2327,423,6,2023.78,16.14
11169,4908,104,10,2072.44,19.36
11171,140,320,4,424.19,52.36
11172,1702,567,6,1825.61,50.43
11173,475,209,6,2116.85,35.38
11174,2968,412,10,600.25,55.33
11175,2871,247,7,1701.32,81.44
11176,1943,356,10,2301.85,65.14
11177,1388,138,5,1187.22,78.37
11178,1627,411,8,1391.1,89.78
11179,2225,249,4,786.26,0.27
11180,1844,466,3,2149.46,97.34
11181,4228,258,9,1529.98,4.23
11182,345,199,1,378.19,18.51
11183,1714,118,7,1734.39,95.3
11184,3512,160,5,811.58,83.26
11185,2941,105,3,1584.58,30.27
11186,2717,230,7,1623.89,8.61
11187,2443,263,4,76.8,92.97
11188,3701,365,8,232.32,16.91
11189,3145,185,6,1373.53,31.52
11190,1799,48,3,451.55,8.98
11191,4363,4,8,767.73,44.95
11192,3878,555,8,1626.44,60.84
11193,4324,289,2,1862.07,5.77
11194,417,205,10,1566.9,61.44
11195,2695,342,3,1501.24,74.85
11196,4560,485,2,2141.31,12.6
11197,398,230,6,559.98,48.05
11198,4174,582,9,2353.18,38.78
11199,4288,111,2,282.64,74.73
11200,4705,198,3,1812.06,54.99
11201,2635,467,4,1632.68,29.14
11202,3429,595,5,601.39,53.53
11203,496,203,6,422.21,43.61
11204,3721,434,9,2131.2,70.36
11205,17,101,2,2022.8,28.38
11206,397,315,5,2337.0,87.9
11207,169,437,7,562.64,84.57
11208,2170,261,7,2358.92,69.9
11209,3194,324,9,1454.88,45.41
11210,14,65,10,539.57,90.32
11211,3765,112,2,1082.77,96.22
11212,4623,89,10,1775.66,78.37
11213,3191,575,6,1093.61,47.26
11214,3677,340,9,1302.96,73.08
11215,2708,291,2,1717.19,2.15
11216,3978,7,7,1779.0,84.68
11217,2831,158,5,1143.53,77.82
11219,3057,128,1,2270.41,19.0
11220,521,368,2,135.56,83.33
11221,3976,496,4,1663.89,83.66
11222,3843,305,5,2390.59,80.41
11223,4246,425,8,1812.65,0.83
11224,258,385,4,996.0,22.98
11225,3823,117,8,1720.93,78.71
11226,2329,129,9,706.6,88.55
11227,358,499,7,436.67,83.22
11228,4828,362,10,855.89,76.23
11229,3257,543,6,2064.36,22.59
11230,1169,458,9,1198.87,52.7
11231,4301,258,10,1599.7,20.0
11232,1191,274,4,2348.34,50.84
11233,39,21,10,2060.23,95.03
11234,1684,571,1,1191.27,64.97
11235,2539,476,2,485.85,20.86
11236,3276,205,3,1596.01,92.39
11237,1854,288,10,271.72,23.56
11238,2918,358,5,2389.14,72.12
11239,2157,346,6,519.02,67.71
11240,1789,53,8,84.12,13.43
11242,3023,37,7,1901.37,88.74
11243,1416,13,7,1903.87,19.32
11244,4848,343,10,1190.1,34.67
11245,1466,599,9,2160.77,59.31
11246,1068,535,3,2148.27,16.09
11247,3311,281,4,1762.39,8.01
11248,3418,143,2,1289.34,77.46
11249,1982,64,8,2402.45,53.92
11250,2897,33,6,1176.27,93.82
11251,2037,50,7,1330.1,51.36
11253,269,598,10,1553.08,74.96
11254,3761,559,8,2305.3,90.27
11255,4161,372,1,2188.39,34.17
11256,1620,38,10,1828.49,88.93
11257,4695,387,7,468.78,28.89
11258,906,244,4,668.68,96.22
11259,2752,367,10,737.71,35.47
11260,1442,576,10,2083.23,79.65
11261,4009,139,2,334.18,70.3
11262,1459,561,4,1151.31,65.85
11263,3481,245,6,1996.6,83.42
11264,2660,226,6,342.68,75.23
11265,4828,412,7,1239.85,69.52
11266,3332,86,2,1148.73,40.67
11267,2762,262,10,147.34,94.89
11268,4210,470,6,1879.23,71.68
11269,1142,596,10,1789.72,20.07
11270,667,237,5,91.9,97.98
11271,2914,373,3,2308.18,3.54
11272,4674,168,8,354.06,82.61
11273,2222,79,7,1320.96,97.81
11274,2246,564,5,1972.37,54.86
11275,381,403,1,1302.92,32.79
11276,3140,576,1,1897.05,26.74
11277,2968,496,5,1493.77,51.64
11278,1971,154,3,2062.62,47.01
11279,2228,448,2,323.07,82.43
11280,7,560,8,1687.83,45.79
11281,4480,202,10,805.29,36.95
11282,3236,442,9,2251.52,8.63
11283,3110,283,9,314.42,18.39
11284,3251,210,1,2165.69,63.3
11285,3738,589,6,389.9,7.35
11286,717,436,10,44.82,23.42
11287,4494,557,10,1491.38,2.73
11288,1094,381,3,1810.38,47.47
11289,1497,155,5,2217.28,77.1
11290,1608,274,10,1566.36,8.49
11291,4397,460,2,1321.37,90.23
11292,3654,199,6,843.23,41.19
11293,917,33,4,34.38,46.88
11294,2500,308,1,1876.45,34.43
11295,897,90,2,120.41,60.14
11296,2989,212,1,1567.62,43.96
11297,3127,123,10,1920.64,12.83
11298,4463,529,10,542.54,13.1
11299,4338,256,10,1898.59,29.57
11300,200,473,2,143.03,20.48
11301,3917,332,10,1765.74,39.68
11302,4949,388,9,1242.79,92.22
11303,3724,405,7,596.96,85.75
11304,1596,343,8,2411.21,90.83
11305,2282,32,3,174.89,59.91
11306,816,9,6,2386.65,68.64
11307,4380,529,7,959.99,11.32
11308,1584,324,6,2336.63,74.81
11309,4677,168,4,2187.17,5.96
11310,4866,533,7,1736.63,62.43
11311,4162,263,10,340.9,88.08
11312,4573,300,6,1692.14,38.81
11313,1615,312,7,673.38,39.47
11314,3770,558,3,1182.93,85.92
11315,58,360,9,1198.11,52.48
11316,616,213,2,764.52,19.91
11317,3430,430,5,780.72,9.42
11318,4455,332,2,289.66,15.22
11319,1204,50,7,2068.29,5.14
11320,4415,457,1,1683.16,53.87
11321,4404,5,10,1529.55,59.39
11322,930,22,8,257.47,0.15
11323,510,269,6,1320.94,48.01
11324,1556,494,10,319.88,93.92
11325,74,505,5,719.81,70.31
11326,2959,37,3,422.36,12.0
11327,512,192,10,1997.14,21.71
11328,4664,71,3,749.98,42.85
11329,719,43,4,1012.59,1.29
11330,3249,160,10,231.26,58.27
11331,276,329,5,1299.43,79.29
11332,2637,388,10,609.33,76.24
11333,4115,421,4,860.4,39.08
11334,4368,414,5,1449.2,11.33
11335,2700,552,10,454.21,18.04
11336,2889,126,2,1577.63,10.55
11337,2835,502,7,48.32,32.29
11338,2375,562,10,434.87,78.18
11339,2102,465,3,1380.57,34.23
11340,4801,232,2,1512.24,85.44
11341,3532,104,4,811.62,4.6
11342,3467,491,8,184.86,13.65
11343,3096,444,6,1871.45,47.99
11344,3164,378,9,1156.25,28.17
11345,4199,23,6,374.1,64.07
11346,1123,104,5,89.75,91.02
11347,3814,49,3,384.67,42.02
11348,857,119,7,919.47,16.94
11349,789,213,6,1094.36,68.31
11350,1711,582,3,2476.77,29.77
11351,4440,260,6,1770.25,98.18
11352,2817,552,7,956.96,33.65
11353,1887,350,9,1403.81,65.25
11354,514,517,2,1992.26,63.51
11355,3574,497,5,895.04,94.95
11356,3190,423,9,401.49,48.8
11357,875,11,2,422.18,4.87
11358,1037,92,8,148.45,43.32
11359,974,454,1,271.0,87.4
11360,969,97,6,1778.92,97.03
11361,1760,530,6,1616.79,8.47
11362,1533,147,8,1212.12,54.47
11363,4707,350,2,374.52,93.57
11364,1591,577,10,435.45,17.03
11365,1847,166,10,2121.27,6.22
11366,882,137,1,264.45,91.34
11367,2636,299,9,1617.33,47.84
11369,4647,22,7,1911.52,29.1
11370,927,436,4,1396.9,2.8
11371,1348,462,8,837.26,13.4
11372,814,200,1,754.66,12.02
11373,3750,111,10,486.28,56.63
11374,264,167,5,303.49,29.0
11375,3018,582,4,1189.43,61.33
11376,3402,290,9,505.68,10.53
11377,577,295,3,922.23,5.56
11378,27,539,3,2334.09,30.12
11379,4612,97,6,1633.28,98.58
11380,382,349,9,438.1,20.91
11381,1449,142,3,813.04,31.51
11382,2797,27,10,397.25,58.06
11383,2775,338,9,1204.64,0.2
11384,3653,270,9,1136.87,90.4
11385,4545,215,3,1713.6,87.77
11386,2244,491,4,2021.3,79.4
11387,2545,232,2,665.6,51.11
11388,3337,538,4,1425.19,67.49
11389,2072,435,5,2082.52,66.92
11390,2263,8,8,1540.13,98.01
11391,4451,7,6,1129.57,48.83
11392,2968,210,10,460.04,43.83
11393,887,506,1,1962.25,64.79
11394,2366,404,9,783.24,37.92
11395,4204,310,6,1514.65,7.47
11396,4414,329,5,1115.77,95.46
11398,299,132,7,1793.41,79.99
11399,2694,186,9,884.66,99.11
11400,4768,329,2,2215.3,2.81
11401,3027,371,8,2299.24,52.12
11402,2089,198,10,1204.74,17.07
11403,1383,519,2,2269.22,36.46
11404,1657,61,7,129.22,78.3
11405,966,511,8,446.5,81.78
11406,3941,472,2,1379.78,61.72
11407,406,77,1,896.84,10.94
11408,3858,54,3,740.33,95.76
11409,1566,131,10,62.29,1.58
11410,1273,438,3,1592.37,77.37
11411,2010,185,4,1001.72,91.49
11412,3575,11,9,959.37,79.97
11413,1385,106,4,1373.1,84.81
11414,937,179,4,1104.51,12.17
11415,4600,97,7,1916.73,12.48
11416,2277,442,1,547.0,48.06
11417,387,30,3,1584.22,11.76
11419,1398,399,9,1859.9,42.8
11420,4549,37,6,2160.12,89.93
11421,1650,546,9,1360.35,36.88
11422,581,467,4,980.11,21.08
11423,4238,250,5,917.49,65.54
11424,4311,33,5,1986.45,82.64
11425,4431,235,8,70.69,88.44
11426,644,172,2,1162.71,49.42
11427,4936,540,6,822.41,72.73
11428,1521,87,8,936.92,25.15
11429,3912,478,5,2262.03,39.96
11430,2393,248,9,1266.54,43.58
11431,1403,514,3,707.05,32.29
11432,678,517,9,859.69,23.99
11433,2176,251,2,1408.04,93.3
11434,2215,110,2,19.02,60.08
11435,1305,595,6,2128.01,74.63
11436,4950,481,2,1020.08,69.48
11437,2139,537,1,2483.7,45.46
11438,2858,48,3,1905.05,59.02
11439,223,127,7,184.4,55.56
11440,3720,261,2,100.32,38.89
11441,1383,41,5,1133.98,78.72
11442,1045,39,6,336.64,65.18
11443,4722,290,3,2092.11,96.62
11444,4912,556,4,2027.1,27.45
11445,3943,44,9,1770.32,6.55
11446,150,188,8,223.96,40.4
11447,1680,262,1,2227.34,74.5
11448,4176,286,7,882.31,40.08
11449,357,323,2,405.1,3.07
11450,108,429,9,1478.11,42.11
11451,3622,250,4,1695.74,72.2
11452,3925,80,5,1743.01,79.29
11453,1873,320,1,1101.04,68.77
11454,1112,586,5,135.16,16.32
11455,793,222,9,1420.78,71.74
11456,4913,558,8,298.37,49.07
11457,1221,104,4,2142.09,52.47
11458,2283,269,2,121.7,59.5
11459,3382,583,4,2373.76,27.2
11460,1061,84,3,644.96,50.68
11461,3259,180,7,1133.41,47.55
11462,1284,360,5,762.08,99.25
11463,1995,237,7,137.61,12.69
11464,1102,351,4,1089.33,86.26
11465,2341,401,7,2233.82,60.6
11466,2112,169,6,2453.53,39.25
11467,506,322,7,581.27,74.41
11468,1702,226,3,1803.55,0.46
11469,4871,550,10,1541.77,58.92
11470,3980,319,2,730.8,74.09
11471,776,127,3,1279.53,87.65
11472,1434,15,3,287.13,87.58
11473,4393,477,3,297.58,77.36
11474,4350,529,7,1641.26,48.64
11475,1910,232,10,1618.23,22.73
11476,1486,367,3,533.21,33.16
11477,3399,324,10,1877.89,90.9
11478,3827,546,1,1035.13,84.49
11479,2262,76,7,1051.11,87.18
11480,1883,294,2,2431.15,56.33
11481,4543,346,5,925.8,19.63
11482,808,501,10,862.89,63.72
11483,4756,343,1,1027.5,7.82
11484,4368,23,5,2444.8,7.46
11485,1663,297,4,1488.63,53.1
11486,1913,259,8,754.58,56.48
11487,4876,218,6,1622.93,40.85
11488,2146,448,6,769.9,47.81
11489,1299,124,3,2160.02,63.89
11490,4543,494,4,1877.71,98.03
11491,2526,119,1,814.41,64.22
11492,919,99,4,1745.74,82.62
11493,3583,231,5,321.18,6.41
11494,1826,83,3,2419.65,70.59
11495,4818,152,1,1470.1,96.7
11496,2210,14,3,1486.31,63.32
11497,4959,44,2,164.49,2.87
11498,1061,382,2,2423.22,7.37
11499,4821,51,2,1736.0,46.31
11500,3807,14,3,42.96,69.23
11501,4155,367,2,192.63,86.03
11502,214,372,6,611.94,3.11
11503,4199,329,5,917.56,74.81
11504,1910,446,3,92.68,10.22
11505,2069,43,1,1410.01,78.01
11506,398,303,1,1593.19,32.6
11507,3460,275,3,1491.51,48.04
11508,2490,227,9,1211.61,38.39
11509,1220,373,2,1945.7,27.81
11510,3632,112,6,679.64,51.75
11511,770,383,4,1222.35,59.3
11512,4838,83,10,446.29,55.63
11513,3174,504,8,268.25,3.81
11514,2912,79,8,2236.43,17.81
11515,2202,245,2,1454.81,59.13
11516,4011,122,10,1120.2,57.86
11517,3919,378,5,364.86,97.98
11518,3040,158,4,2491.99,69.59
11519,2243,516,3,1082.64,38.16
11520,4067,201,4,1892.06,77.53
11521,1506,89,7,996.45,94.67
11522,801,598,3,1107.75,24.93
11523,2287,34,3,1468.04,22.13
11524,1176,250,10,915.27,2.94
11525,2669,418,4,695.31,54.06
11526,1261,213,2,22.55,59.45
11527,4187,398,8,1333.3,8.13
11528,3806,164,1,1512.24,17.98
11529,4773,49,3,2206.15,80.4
11530,4682,430,4,1228.08,22.4
11531,1828,188,3,1603.96,11.74
11532,4130,219,3,609.07,9.26
11533,2311,235,8,119.71,48.78
11534,572,46,10,1023.59,6.43
11535,2478,349,8,2092.5,55.34
11536,3855,308,10,2174.61,8.43
11537,5000,180,7,1127.9,2.4
11538,944,294,6,2461.72,90.74
11539,1199,107,7,1387.01,72.58
11540,3811,527,10,894.24,61.36
11541,614,432,1,1136.98,1.59
11542,2776,411,8,1587.88,14.64
11543,1366,481,9,1891.74,79.39
11544,413,115,9,2405.53,76.72
11545,3965,148,9,1718.33,44.68
11546,658,226,9,977.48,16.04
11547,1554,303,3,2268.03,53.91
11548,719,579,7,2268.41,67.63
11549,681,155,3,258.73,84.1
11550,85,102,6,342.56,40.46
11551,1787,162,1,1992.65,98.08
11553,1224,407,10,2325.81,5.54
11554,1218,205,5,1688.52,60.55
11555,1811,382,2,1235.27,18.06
11556,4582,199,2,410.51,28.63
11557,3369,542,2,1062.59,93.71
11558,4960,27,10,1417.5,86.2
11559,626,443,6,1279.58,5.11
11561,3209,447,8,631.56,88.37
11562,1885,33,5,33.07,27.46
11563,1008,585,1,713.35,92.03
11564,2230,267,7,2376.79,22.75
11565,2445,191,6,759.12,44.01
11566,4508,282,1,2460.2,31.33
11567,1622,495,5,182.22,12.63
11568,4717,559,7,219.46,1.09
11569,2373,552,5,2039.77,86.46
11570,4182,132,4,761.03,41.54
11571,3745,516,8,1406.52,23.15
11572,1782,140,6,207.98,85.16
11573,3445,298,2,289.34,4.32
11574,3347,502,8,2149.78,96.03
11575,3799,438,6,1425.63,95.21
11576,1843,338,3,1276.03,28.97
11577,4685,521,3,366.56,38.22
11578,4861,330,10,2153.2,62.6
11579,4303,452,6,359.72,9.97
11580,1207,451,7,2371.11,46.67
11581,4710,47,3,2400.66,33.75
11582,1731,193,5,299.61,58.65
11583,1257,249,5,2031.0,24.15
11584,3354,592,7,2137.65,34.27
11585,2540,279,8,1849.98,14.12
11586,3304,256,5,1491.25,18.08
11587,3306,396,5,485.66,14.41
11589,2634,102,4,219.76,89.57
11590,2178,272,4,1517.42,63.98
11591,2500,537,1,473.92,93.86
11592,4373,42,2,1743.33,78.34
11593,549,277,8,2119.47,86.73
11594,2975,463,8,681.06,1.1
11595,1279,440,2,572.54,23.25
11597,4327,44,9,1561.47,14.28
11598,1064,38,9,107.9,35.8
11599,3235,94,1,1257.03,81.65
11600,2176,388,6,473.65,7.24
11601,3563,541,3,461.89,1.4
11602,1457,98,9,1186.09,72.0
11603,572,242,1,724.13,75.25
11604,2743,251,7,1351.73,28.71
11605,1207,59,7,642.23,0.52
11606,4249,19,3,564.63,82.68
11607,2899,46,8,54.21,56.04
11608,1683,580,3,2253.63,10.43
11609,4588,20,9,1841.34,26.1
11610,1432,155,4,349.17,87.33
11611,4540,133,9,1946.68,95.82
11612,1222,440,3,383.17,27.67
11613,4916,523,9,1775.87,43.86
11614,2698,127,2,165.05,83.6
11615,1903,321,2,1079.91,68.92
11616,1504,286,3,66.46,89.42
11617,2922,137,9,1249.99,31.73
11618,1654,587,2,2081.25,91.04
11619,4008,135,10,1892.06,44.55
11620,1500,330,5,2423.7,15.52
11621,4179,462,5,1962.06,7.08
11622,1664,365,10,1951.8,88.49
11623,1993,503,6,2022.06,4.39
11624,1297,200,3,1334.61,6.27
11625,1534,436,10,1820.99,65.34
11626,1744,533,7,1951.5,48.5
11627,3154,166,8,2479.08,28.35
11628,1227,551,6,1495.93,42.44
11629,3682,346,1,2317.44,15.56
11630,3773,210,6,1394.67,28.8
11631,1569,386,8,837.62,76.43
11632,4746,518,9,2277.02,90.78
11633,2674,42,6,2192.31,76.39
11634,337,406,3,1798.49,20.32
11635,3734,119,8,81.78,13.53
11636,3984,569,6,1204.37,71.84
11637,3286,153,3,1915.08,17.8
11638,4368,35,1,2249.8,88.25
11639,4543,572,6,1123.26,26.39
11640,1377,239,3,1836.85,82.98
11641,3260,409,7,154.65,69.29
11642,2739,254,9,2020.01,54.54
11643,4179,541,4,663.02,77.2
11644,2281,115,2,906.2,49.64
11645,2095,88,6,2155.25,30.52
11646,2928,234,4,605.55,85.8
11647,3572,431,6,1770.53,81.6
11648,1527,363,3,1907.08,17.06
11649,4682,398,6,2023.07,66.02
11650,366,522,6,234.85,56.22
11651,4539,516,8,132.98,30.53
11652,4189,599,10,505.97,8.02
11653,524,458,10,1674.3,28.82
11654,4963,6,5,1180.72,32.36
11655,2345,545,3,1484.91,50.93
11656,2205,582,8,2252.8,78.19
11657,2885,59,5,1002.47,46.42
11658,2110,301,9,2409.82,83.65
11659,4784,302,5,1610.57,80.22
11660,4485,354,10,1492.62,95.46
11661,3565,86,2,2399.05,66.22
11662,3306,396,5,1192.54,10.37
11663,4343,81,3,2422.29,4.76
11664,600,20,8,1999.95,88.68
11665,4190,139,5,762.8,49.71
11666,3062,190,5,2076.3,93.21
11667,1357,374,6,439.74,67.62
11668,1801,7,1,869.39,95.76
11669,90,513,4,1230.67,18.4
11670,3253,160,5,421.37,4.07
11671,946,343,9,1299.58,93.04
11672,386,488,10,237.21,18.8
11673,2782,474,10,801.46,87.03
11674,4749,394,6,925.21,20.89
11675,3776,55,5,1160.05,35.82
11676,309,225,8,976.26,95.52
11677,1159,34,1,195.51,59.29
11678,3196,146,1,551.45,30.58
11679,1696,526,7,1033.92,20.61
11680,3954,307,1,1190.46,4.08
11681,3875,52,8,627.03,3.93
11682,688,176,6,1230.49,45.65
11683,3325,466,2,366.99,97.73
11684,1641,367,9,1387.48,42.99
11685,543,134,6,2235.52,26.57
11686,271,334,6,1086.18,37.28
11687,3373,453,4,1312.26,22.21
11688,194,450,5,508.55,30.6
11689,3100,296,10,1881.46,73.92
11690,935,237,8,1424.23,54.42
11691,4123,371,4,1262.82,74.75
11692,4274,146,6,1978.96,11.76
11693,3518,120,3,1696.62,16.49
11694,1352,582,4,651.75,11.39
11695,17,5,5,2109.21,55.39
11696,867,336,6,1798.25,72.33
11697,2221,89,6,279.93,1.4
11698,1792,120,1,437.29,60.17
11699,4724,435,3,1029.87,94.18
11700,3357,254,3,1886.1,73.04
11701,4474,59,8,1377.89,50.68
11702,1046,219,9,2100.43,85.13
11703,1195,161,1,594.94,57.23
11704,1316,382,5,2022.62,41.91
11705,3324,145,8,1088.5,6.72
11706,4085,49,5,2033.64,53.87
11707,1590,472,8,178.18,38.2
11708,1998,374,8,1732.53,15.5
11709,4322,488,1,1276.41,85.68
11710,57,596,4,1214.38,79.64
11711,1962,281,7,2382.77,98.06
11712,166,6,6,2125.82,98.4
11713,2211,443,3,2222.53,16.48
11714,3450,57,1,202.27,38.98
11715,1478,214,8,1288.16,84.17
11716,4464,347,10,366.46,83.16
11717,4194,109,10,1875.68,90.15
11718,415,47,5,2276.69,9.19
11719,728,62,9,2014.34,11.46
11720,3596,408,7,191.43,99.99
11721,1356,537,9,1739.06,19.1
11723,606,15,9,2149.36,96.16
11724,2556,118,6,466.18,6.27
11725,3991,232,8,593.31,0.29
11726,4013,143,10,1537.29,24.75
11727,1800,96,2,964.47,89.76
11728,448,514,10,1062.93,4.06
11729,3291,289,10,1664.39,56.23
11730,4845,199,9,694.25,81.84
11731,2667,549,8,1053.94,10.81
11732,980,579,9,397.7,20.1
11733,4172,136,10,1074.91,21.08
11734,4660,266,4,1711.82,93.67
11735,3560,100,2,2022.83,39.41
11736,4627,462,4,1689.59,99.65
11737,2561,541,1,1257.27,9.21
11738,2721,205,6,1628.36,13.73
11739,3982,489,5,2476.57,84.77
11740,2100,275,1,317.33,41.14
11741,3686,506,10,1748.34,16.46
11742,3600,370,3,1580.26,3.82
11743,1141,280,10,2110.82,50.58
11744,3961,190,4,2419.56,45.78
11745,2662,373,1,1548.58,87.22
11746,4025,434,6,1623.34,22.78
11747,3571,450,9,1228.24,81.63
11748,203,516,3,20.56,38.77
11749,3949,100,10,957.97,15.38
11750,984,229,10,1902.77,4.85
11751,1713,276,6,1514.94,21.31
11752,2374,427,7,2412.47,21.3
11753,615,592,2,2410.76,53.82
11754,3232,428,9,295.83,89.85
11755,1106,429,4,382.14,59.78
11756,3914,553,9,1821.76,71.37
11757,1094,377,3,1673.31,36.91
11758,1091,261,3,191.23,7.63
11759,4114,499,7,467.9,23.5
11760,3964,276,6,803.46,6.84
11761,633,241,9,375.01,67.35
11762,1664,215,7,634.91,86.1
11763,3633,573,7,2095.85,64.04
11764,2353,373,3,2499.92,15.88
11765,1658,178,10,85.5,20.22
11766,1909,115,2,10.58,21.08
11767,1903,394,4,231.76,7.74
11768,1906,122,4,1081.5,60.11
11769,1781,196,2,1468.74,53.51
11770,2631,55,4,260.49,55.17
11771,3715,500,6,2416.72,67.2
11772,1653,36,9,1180.43,46.67
11774,648,282,5,1491.72,96.53
11775,2202,389,7,1171.33,79.12
11776,1596,421,4,1185.33,37.06
11777,887,20,4,846.41,64.31
11778,1628,268,6,1544.49,6.2
11779,4344,174,8,886.29,67.76
11780,4663,46,5,1825.69,40.68
11781,1952,198,6,1810.48,79.83
11782,1579,235,7,254.77,94.66
11783,4076,118,6,1410.84,82.42
11784,1138,222,1,512.11,85.56
11785,3578,20,5,163.74,42.33
11787,4737,174,7,1248.13,14.36
11788,4981,564,3,264.2,37.1
11789,4951,108,7,2171.4,54.33
11790,1472,27,10,995.71,13.77
11791,1049,107,6,1450.94,0.05
11792,2722,109,7,652.86,91.97
11793,3487,511,8,1371.42,56.9
11794,1247,16,5,1556.05,76.7
11795,4197,97,9,1465.85,85.27
11796,3789,112,4,2042.22,98.46
11797,2976,109,1,2276.39,26.15
11798,2682,225,6,570.69,67.24
11799,3253,28,10,536.92,46.41
11800,894,15,4,449.66,37.16
11801,3668,211,2,2231.82,19.66
11802,666,189,8,779.42,61.07
11803,4219,334,3,804.51,34.0
11804,103,302,6,219.43,8.85
11805,2270,255,8,1348.7,46.56
11806,4138,202,1,2404.14,54.8
11807,4430,20,3,62.67,22.63
11808,452,245,4,619.39,55.83
11809,1634,188,4,1226.34,3.93
11810,1899,172,4,2378.01,33.95
11811,372,305,4,1520.03,95.38
11813,1285,208,6,2499.86,67.1
11814,162,395,9,753.85,74.46
11815,1187,383,3,1445.95,48.93
11816,835,185,2,1885.02,2.38
11817,1158,580,3,1702.36,66.39
11818,1102,558,8,948.0,33.49
11819,3698,407,1,2004.86,84.35
11820,3348,518,2,819.93,6.19
11821,4277,113,5,1180.7,14.07
11822,2186,377,9,874.43,50.82
11823,1684,66,2,499.09,15.68
11824,720,80,9,1570.4,7.03
11825,2567,350,8,1651.77,30.12
11826,2016,597,2,1409.27,49.22
11827,2212,172,5,234.05,19.28
11828,1146,258,8,883.94,90.51
11829,3615,58,9,1842.29,49.23
11830,1855,181,5,1231.67,84.18
11831,283,256,3,1537.9,66.28
11832,3672,166,8,2494.19,28.23
11833,3608,170,5,350.1,6.02
11834,2293,365,6,2218.1,39.53
11835,2661,471,5,655.41,61.62
11836,3418,513,7,962.45,70.55
11837,3488,289,8,2274.01,27.82
11838,3618,162,9,907.14,1.12
11839,3523,546,4,654.4,41.16
11840,13,306,9,345.72,25.83
11841,743,246,10,1596.95,75.16
11842,254,267,1,1989.21,86.19
11843,2980,49,5,1019.54,48.09
11844,2508,189,7,45.24,43.56
11845,4260,152,8,89.35,74.06
11846,2702,491,7,1061.2,79.77
11847,4014,508,6,1121.26,19.86
11848,2323,123,2,1036.51,18.27
11849,2858,491,2,2071.65,61.47
11850,2050,301,3,509.05,13.38
11851,3094,528,9,588.43,91.4
11852,4057,387,5,1730.23,55.38
11853,465,74,2,745.84,54.38
11854,41,151,3,462.07,62.77
11855,4879,337,8,1024.68,10.43
11856,3050,80,9,1046.67,81.98
11857,1259,370,4,824.95,19.53
11858,56,348,5,459.57,52.86
11859,666,277,4,1805.28,55.24
11860,1686,153,2,55.62,94.09
11861,3819,222,2,1354.12,55.05
11862,1166,509,3,1278.28,56.5
11863,1858,38,3,2352.47,24.87
11864,65,162,2,1068.99,65.01
11865,538,312,6,958.66,83.08
11866,2108,492,7,378.9,61.79
11867,4574,263,4,441.57,89.82
11868,4122,534,5,1944.81,68.44
11869,2462,190,10,2304.36,46.92
11870,3073,255,3,2265.62,19.89
11871,1583,70,9,57.06,18.74
11872,453,582,2,1522.84,82.74
11873,1347,5,7,1043.53,66.98
11874,972,245,8,1009.76,77.92
11875,3903,423,3,698.25,79.88
11876,1626,584,5,155.23,44.09
11877,3947,347,4,2376.0,23.98
11878,1722,390,4,2088.47,4.73
11879,2452,266,1,127.02,52.03
11880,723,39,5,1396.45,68.72
11881,2869,563,4,1973.5,10.01
11882,3397,362,10,125.63,8.91
11883,4957,170,10,1575.19,52.38
11884,481,352,7,2322.22,37.57
11885,4229,219,6,1640.43,73.97
11886,3269,429,10,2490.71,41.37
11887,1898,554,8,129.06,32.11
11888,1571,458,9,1039.93,36.78
11889,4191,240,1,1698.25,90.83
11890,4274,215,5,2491.78,28.04
11891,1830,454,9,273.53,33.41
11892,2346,365,9,2103.5,84.0
11893,1781,500,4,1927.08,27.86
11894,493,130,3,1670.26,76.67
11895,657,40,9,1286.92,55.14
11896,4411,249,5,446.81,68.49
11897,1564,145,2,209.1,24.47
11898,563,24,2,1587.91,76.29
11899,3947,574,6,1547.14,39.69
11900,2314,491,3,1268.74,12.22
11901,4840,409,6,1392.29,60.64
11902,3970,164,3,1057.71,62.68
11903,1728,328,9,1526.65,17.14
11904,1330,235,10,311.95,0.85
11905,3580,350,9,956.16,10.16
11906,4414,167,8,548.42,16.84
11907,1066,483,4,2464.87,70.65
11908,2243,86,8,621.68,65.21
11909,628,511,8,2286.09,0.74
11910,883,313,8,1435.6,3.64
11911,2389,376,9,1660.4,11.35
11912,2557,284,3,521.06,34.61
11913,1311,90,1,1597.22,69.46
11914,4299,93,5,1489.66,80.92
11916,512,115,6,973.6,54.94
11917,2041,71,6,1532.34,41.09
11918,3767,17,9,1382.63,27.14
11919,1112,224,6,2436.3,71.32
11920,1375,387,4,2013.29,69.45
11921,3559,351,4,1361.19,84.24
11922,966,450,10,2355.71,92.92
11923,614,76,1,568.83,30.2
11924,91,53,7,1702.5,41.38
11925,2248,151,2,1951.35,5.65
11926,555,347,7,225.43,66.09
11927,731,49,10,689.14,80.38
11928,3193,336,5,1553.64,97.08
11929,1586,521,4,2125.75,17.81
11930,4439,417,9,2404.98,77.92
11931,4786,160,10,766.67,60.03
11932,2142,363,6,1237.42,30.74
11933,2190,472,10,2389.04,24.07
11934,1500,366,9,768.2,27.11
11935,4885,93,9,2247.87,48.35
11936,2862,376,8,1997.9,90.37
11937,3889,260,7,354.47,88.93
11938,4791,11,10,2490.21,61.89
11939,2382,258,10,770.83,92.65
11940,3053,374,1,1703.82,76.63
11941,917,504,10,243.5,89.49
11942,1013,199,3,1677.72,3.95
11943,2990,143,9,1223.56,65.86
11944,1384,129,8,953.88,72.64
11945,2278,59,9,2245.33,48.49
11946,2195,522,3,1742.85,72.63
11947,1274,109,3,1408.18,93.56
11948,2456,29,9,1633.52,49.25
11949,1736,568,7,1968.45,64.19
11950,4383,322,7,2338.74,27.03
11951,3501,486,10,288.01,40.24
11952,3321,283,9,1188.66,75.09
11953,1170,131,5,1733.62,8.08
11954,2606,341,4,80.37,69.02
11955,4,463,1,2351.19,74.07
11956,4943,116,1,2067.87,54.69
11957,2064,1,3,1333.08,61.61
11958,3796,367,10,594.32,85.06
11959,3303,312,6,1735.92,16.27
11960,419,71,5,2254.67,82.32
11961,2759,307,4,1167.65,29.62
11962,1947,142,9,1662.18,16.71
11963,3297,444,9,1932.63,27.75
11964,1507,599,3,1580.21,91.35
11965,446,487,5,1874.04,99.64
11966,4871,3,5,345.39,89.92
11967,670,493,7,2274.74,8.07
11968,2451,218,3,161.86,78.53
11969,1740,47,9,966.37,38.67
11970,1357,241,9,1273.71,10.76
11971,4398,317,8,547.91,92.61
11972,2231,115,9,694.44,78.83
11973,4952,588,2,1271.41,45.08
11974,2968,314,1,1071.33,81.56
11975,4332,91,8,1018.08,99.08
11976,2510,167,8,1246.56,54.11
11977,2433,390,6,1780.61,15.39
11978,3238,364,5,1264.34,50.65
11979,901,401,7,1568.03,11.01
11980,1304,395,6,2076.99,14.86
11981,2729,297,6,509.19,58.05
11982,239,551,5,1762.45,73.14
11983,293,414,8,1536.24,67.05
11984,1843,302,5,2046.16,80.55
11985,1453,583,2,1032.97,48.5
11986,4493,537,3,2385.56,25.89
11987,3108,154,8,1159.49,14.51
11988,176,593,9,539.36,14.7
11989,1159,433,4,2026.37,98.79
11990,2098,92,4,281.0,55.99
11991,1800,146,9,734.91,96.63
11992,1342,541,7,772.99,52.95
11993,2321,500,8,753.01,29.51
11994,2912,585,6,1867.87,6.1
11995,4948,537,7,2092.08,82.35
11996,3588,124,9,2141.92,21.33
11997,817,543,2,737.69,91.46
11998,3512,334,3,2281.81,91.78
11999,3034,256,1,636.05,11.77
12000,3228,454,1,434.89,4.56
12001,1846,586,8,499.74,70.93
12002,781,353,4,1822.96,14.61
12003,3941,7,9,543.47,43.42
12004,2178,588,3,1867.12,44.85
12005,3133,375,3,1890.44,11.3
12006,350,379,9,627.15,26.89
12007,1671,412,3,448.95,74.13
12008,4804,217,3,1141.01,94.49
12009,83,326,5,1817.63,63.46
12010,2190,178,8,1459.49,76.74
12011,4235,129,5,1990.67,31.7
12012,1585,123,7,1460.81,58.28
12013,545,339,3,1827.92,5.37
12014,746,348,5,65.68,87.13
12015,4713,575,9,2231.34,69.49
12016,3052,122,2,2061.53,59.31
12017,1453,160,5,1023.2,77.46
12018,4114,413,2,428.72,41.38
12019,4985,140,1,1290.33,40.96
12020,364,579,6,600.69,79.6
12021,1184,491,9,2463.22,50.66
12022,452,507,7,2160.94,14.5
12023,3981,317,3,1634.6,5.58
12024,561,445,2,167.03,85.92
12025,2805,352,1,1344.19,68.04
12026,2285,5,9,1863.61,38.36
12027,1385,77,5,1339.08,7.82
12028,95,332,5,2277.31,49.01
12029,1403,224,9,1591.82,89.05
12030,2416,370,7,332.82,44.98
12031,3233,337,7,2153.12,85.06
12032,4257,59,9,2197.28,0.2
12033,4840,199,9,2287.78,70.71
12034,1528,591,5,1551.5,19.83
12035,2150,242,6,1305.44,41.36
12036,1333,185,1,819.83,75.44
12037,1677,410,9,1331.65,21.65
12038,2366,38,2,987.47,7.39
12039,2864,118,10,10.57,33.9
12040,3959,338,2,1232.15,14.25
12041,3563,381,6,1574.78,6.48
12042,4429,104,3,30.13,21.96
12043,1871,194,7,1501.93,13.63
12044,1285,487,3,305.49,54.41
12047,4591,454,4,1911.36,2.16
12048,4808,498,9,1165.34,60.42
12049,406,340,7,1074.26,90.81
12050,4975,380,6,2224.56,48.97
12052,4588,268,3,807.4,11.69
12053,3861,57,7,2202.82,83.74
12054,2851,258,4,2247.69,50.13
12055,2545,585,3,2432.29,20.53
12056,74,545,7,410.84,7.04
12057,1675,586,8,636.94,87.57
12058,3673,417,7,120.57,55.25
12059,1618,21,1,2426.46,73.74
12060,538,506,4,1144.74,6.3
12061,765,264,1,2424.19,75.86
12062,4782,90,2,1070.99,42.13
12063,718,235,10,322.19,70.04
12064,1193,539,7,1470.21,13.36
12065,324,403,8,14.55,60.31
12066,2591,568,5,548.24,99.85
12067,250,497,10,590.56,13.36
12068,241,475,10,210.96,25.01
12069,2515,424,9,1062.83,42.65
12070,248,345,3,1021.05,46.69
12071,3855,316,1,407.83,66.58
12072,2109,424,7,555.73,74.77
12074,1494,77,6,786.79,16.43
12075,3003,126,8,2347.22,31.5
12076,3928,120,1,122.99,63.31
12077,2103,83,3,1240.45,38.34
12078,2780,219,9,1703.71,69.48
12079,4176,43,3,138.04,40.44
12080,4081,103,1,1487.26,70.88
12081,3402,460,7,98.12,97.98
12082,1732,138,10,2031.22,78.95
12083,3300,334,7,1273.12,79.32
12084,2350,513,8,1450.18,31.69
12085,4257,466,6,1765.19,76.84
12086,738,319,6,198.69,83.87
12087,3671,575,3,1399.83,80.52
12088,3186,451,10,354.1,20.32
12089,2352,68,9,1717.39,10.08
12090,2241,55,6,954.98,93.62
12091,263,517,6,1192.06,90.3
12092,3587,532,7,1802.3,43.43
12093,2853,330,10,848.53,48.81
12094,1917,201,6,1514.05,0.94
12095,3422,26,4,1120.79,85.62
12096,4501,182,4,1543.97,30.6
12097,4517,224,4,755.25,66.59
12098,1137,458,10,574.08,3.34
12099,1306,17,4,1946.54,76.7
12100,3988,66,10,2304.13,35.31
12101,1071,428,8,2131.19,10.49
12102,1171,252,5,1089.2,25.24
12103,2663,156,4,1215.67,86.35
12104,2154,252,7,1717.45,24.58
12105,1770,249,6,1501.87,67.33
12106,3281,377,3,1692.29,30.19
12107,1850,236,3,972.55,16.02
12108,4650,358,7,1313.35,31.86
12109,127,227,7,1600.64,72.98
12110,2110,342,9,2008.69,93.12
12111,210,348,5,2478.6,84.18
12112,3935,583,6,818.24,46.18
12113,522,329,8,423.69,46.51
12114,1969,543,10,40.26,92.95
12115,2200,426,4,1587.21,47.9
12116,291,115,6,1303.05,96.55
12117,3334,340,8,190.17,0.33
12118,4868,254,6,878.34,57.89
12119,860,110,4,2290.65,28.04
12120,3516,529,8,2080.21,34.22
12121,1439,506,5,1175.73,88.98
12122,2209,320,3,1989.16,68.34
12123,2502,503,9,850.54,63.42
12124,1454,364,7,770.45,63.81
12125,1701,135,3,1345.64,56.37
12126,2549,353,9,1728.21,60.45
12127,4854,405,5,2471.49,0.46
12128,3447,534,5,1863.1,10.7
12129,248,20,2,1049.37,75.42
12130,2808,355,3,64.99,75.38
12131,73,116,5,2272.45,71.86
12132,1296,135,8,239.17,42.68
12133,3828,526,6,1020.39,27.15
12134,4440,87,7,1618.6,78.29
12135,3168,408,6,2090.78,28.51
12136,3037,394,3,434.27,32.02
12137,3697,373,5,1415.77,75.69
12138,1057,328,9,1169.42,58.97
12139,1393,341,7,2047.25,93.65
12140,707,263,6,523.55,50.54
12141,1836,312,7,243.06,27.38
12142,4017,594,3,1722.78,35.53
12143,3383,187,2,2350.23,46.4
12144,4805,95,7,2070.21,93.8
12145,564,297,9,1242.66,30.28
12146,2104,291,8,408.09,44.93
12147,265,98,2,1979.42,97.88
12148,917,57,1,45.96,79.09
12149,1865,75,7,299.18,34.82
12150,3864,65,7,191.53,93.64
12151,1088,60,4,655.5,56.06
12152,3163,385,1,2423.86,23.37
12153,149,380,7,370.15,37.97
12154,4734,408,3,839.37,33.82
12155,3981,145,4,1284.69,42.06
12156,870,395,2,1404.43,41.44
12157,3042,60,3,410.38,29.03
12158,4127,540,7,359.22,26.49
12159,2195,155,1,935.09,88.89
12160,3994,272,2,1028.23,75.92
12161,1886,337,10,614.66,28.29
12162,1029,382,6,474.41,87.93
12163,4192,525,6,742.02,68.48
12164,710,113,1,1164.1,39.39
12165,3103,104,4,1386.49,65.2
12166,4815,302,6,1201.36,54.8
12167,2624,529,2,912.41,79.78
12169,230,34,8,851.99,59.7
12170,632,419,6,87.33,6.86
12171,2273,215,8,2425.7,17.51
12172,3710,97,3,882.18,73.49
12173,3955,116,6,1217.03,53.61
12174,4739,502,8,1321.74,54.91
12175,215,13,2,1913.13,30.61
12176,3130,75,4,2069.51,87.38
12177,1512,569,8,1732.2,64.44
12178,3942,243,8,2439.13,22.19
12179,722,113,8,1699.85,58.67
12180,3622,441,7,947.0,69.0
12181,3860,109,6,2422.24,96.65
12182,1163,47,8,311.54,53.34
12183,3977,345,9,1374.53,32.69
12184,3076,88,6,2221.0,56.41
12185,4906,252,3,753.2,42.51
12186,4348,335,5,296.01,50.99
12187,3141,227,2,1058.42,93.76
12188,3225,208,2,2222.16,9.67
12189,2580,351,8,873.43,42.16
12190,2101,493,7,1768.94,57.16
12191,1592,211,5,616.75,88.48
12192,835,207,1,2347.42,49.92
12193,1836,330,2,464.07,62.64
12194,87,506,4,1755.02,85.71
12196,4491,24,9,603.22,19.62
12198,103,567,3,222.25,58.04
12199,4538,376,10,279.25,94.06
12200,3309,500,8,2446.98,57.11
12201,2220,574,6,862.67,62.36
12202,1812,138,3,527.46,44.54
12203,1352,416,9,1347.8,75.32
12204,4715,288,3,968.23,74.24
12205,2800,10,1,1622.65,70.51
12206,3753,173,3,1696.59,61.05
12207,3871,294,8,835.35,32.11
12208,4805,578,9,1036.97,0.27
12209,1650,259,4,1382.06,44.42
12210,1367,237,10,490.29,59.19
12211,764,458,10,2100.81,36.93
12212,2766,504,4,1736.81,49.22
12213,3380,387,8,2436.84,9.7
12214,1480,185,5,2209.73,6.25
12215,914,363,7,1521.64,50.2
12216,1812,505,1,923.88,14.66
12217,472,239,4,1578.69,61.94
12218,1193,393,2,2021.66,25.19
12219,3018,546,2,1966.71,71.7
12220,1177,185,6,409.4,60.46
12221,931,548,2,1717.14,79.44
12222,2952,151,1,88.33,26.7
12223,3561,279,4,2497.45,53.56
12224,4320,263,2,329.33,94.04
12225,3646,596,7,2442.01,46.11
12226,172,364,4,428.25,99.96
12227,3342,357,1,994.24,37.91
12228,158,129,2,1947.65,69.35
12229,1797,170,8,2266.22,51.79
12230,3462,589,8,2489.94,58.95
12231,3223,532,10,343.4,21.48
12232,616,467,6,22.63,98.41
12233,1784,68,2,2387.21,88.88
12234,3795,553,10,158.94,35.76
12235,427,32,8,1330.11,58.53
12236,2673,507,5,468.43,14.41
12237,3450,200,2,2373.67,91.78
12238,995,25,1,416.44,8.84
12239,1869,488,6,1510.14,55.23
12240,3525,472,6,1298.97,17.98
12241,660,461,8,1603.87,97.96
12242,363,474,3,835.05,22.14
12243,4370,81,1,789.87,85.89
12244,1703,275,4,131.0,65.78
12245,2929,474,4,712.96,41.26
12246,3429,379,4,407.11,4.73
12247,2013,585,6,103.06,4.61
12248,2316,465,6,80.55,15.95
12249,4756,216,9,129.44,58.41
12250,2587,366,10,1914.26,6.57
12251,4100,412,2,2058.32,58.21
12252,328,174,3,909.96,16.18
12253,2787,23,1,1243.62,94.27
12254,3257,86,2,1016.44,76.36
12255,974,211,5,206.46,54.42
12256,299,206,9,333.22,14.71
12257,1033,498,5,1216.25,54.53
12258,3486,553,1,2237.82,66.46
12259,3140,555,6,542.81,73.93
12260,2431,407,1,868.25,67.91
12261,2537,379,3,2258.71,92.13
12262,4973,84,5,527.66,33.87
12263,2511,189,5,475.05,14.15
12264,1992,146,2,1319.91,72.52
12265,1648,363,10,1420.3,65.06
12266,743,467,6,1178.06,12.32
12267,3246,323,7,2324.28,47.06
12268,855,568,4,1845.23,84.94
12269,2874,369,8,1714.6,50.69
12270,3107,296,10,1086.69,61.1
12271,3928,314,1,2452.93,56.58
12272,1257,256,7,680.89,41.54
12273,3695,116,10,834.59,71.05
12274,4944,77,5,2463.03,49.68
12275,4505,564,8,2256.72,91.73
12276,32,7,7,1530.43,60.8
12277,4432,438,7,271.48,41.73
12278,2491,278,5,215.86,56.62
12279,551,138,4,1493.27,68.14
12280,805,290,1,1788.44,93.8
12281,2550,527,1,2062.9,52.54
12282,1269,529,4,2462.3,21.93
12283,4268,61,8,1243.15,74.33
12284,3396,225,1,2382.79,47.93
12285,2167,208,8,810.53,91.45
12287,2018,257,1,2145.35,74.64
12288,4258,286,4,305.9,58.27
12289,3379,221,10,1886.53,92.72
12290,2988,70,1,867.96,91.88
12291,2706,456,9,585.78,8.11
12292,2972,103,10,745.69,42.37
12293,4567,397,2,1017.99,99.66
12294,3376,421,2,155.44,85.21
12295,498,398,10,596.17,1.57
12296,1038,67,1,1975.89,13.87
12297,4351,95,7,1334.72,16.72
12298,3983,363,8,2062.82,59.31
12300,651,340,6,1443.98,34.02
12301,304,600,5,2064.17,14.18
12302,1576,185,9,1356.49,82.09
12303,3127,262,3,667.4,65.63
12304,815,567,2,515.41,97.11
12305,3524,589,5,845.44,68.4
12306,4418,314,9,1619.31,22.47
12307,3106,310,7,482.05,3.39
12308,3594,320,4,529.41,2.49
12309,71,233,4,1895.22,54.29
12310,2380,51,1,1510.95,80.8
12311,1099,342,6,2073.84,62.23
12312,2457,345,5,2065.94,32.46
12313,3026,357,2,1536.62,84.81
12314,4144,365,9,623.74,71.58
12315,2385,576,5,1891.67,77.65
12317,2872,582,5,193.78,57.94
12318,4154,316,1,260.65,10.18
12319,446,488,5,783.8,33.17
12320,1062,367,3,1476.56,74.18
12321,86,17,4,1852.45,95.71
12322,4709,298,8,1920.74,32.21
12323,2650,236,9,373.73,42.7
12324,3755,67,3,466.55,72.17
12325,4772,244,2,1084.21,35.85
12326,3469,213,5,797.87,41.26
12327,3308,77,10,874.11,4.35
12328,1202,144,1,1929.22,25.74
12329,1968,25,9,2301.62,27.61
12330,3719,393,9,1375.11,11.35
12331,2291,490,4,2474.33,9.1
12332,3291,333,4,1343.26,83.16
12333,4527,188,1,371.81,33.54
12334,415,167,2,899.99,95.92
12335,1885,313,8,1251.34,87.94
12336,737,408,10,320.59,96.74
12337,4087,82,8,1276.61,78.96
12338,171,584,6,1338.89,41.43
12339,4924,460,2,2425.17,78.54
12340,1438,451,1,1504.76,43.53
12341,1382,151,3,1792.09,19.77
12342,757,58,10,258.04,37.71
12343,704,128,5,1186.26,89.27
12344,1358,507,5,1006.31,20.2
12345,3043,41,10,97.71,30.1
12346,3562,304,1,885.06,94.89
12347,3699,533,8,2207.87,12.8
12348,2254,20,5,1064.58,78.22
12349,2220,156,4,653.64,8.92
12350,182,245,4,1294.81,47.77
12351,1324,395,4,876.79,5.59
12352,3422,235,6,279.51,79.35
12353,2731,99,6,315.76,57.45
12354,814,451,3,1672.37,69.57
12356,4756,508,10,532.67,40.91
12357,439,163,7,1080.95,19.93
12358,3904,150,9,2326.3,32.4
12359,914,568,9,1116.29,80.94
12360,2345,381,1,151.74,19.55
12361,2396,56,8,578.23,25.35
12362,2469,466,7,2064.09,70.39
12363,4889,213,10,525.54,6.71
12364,3002,26,7,1952.85,55.88
12365,2597,159,3,1247.03,82.88
12366,358,555,1,1000.33,40.43
12367,3390,283,5,1822.99,67.05
12368,4340,190,9,790.44,90.01
12369,4672,110,6,1715.82,1.52
12370,4681,128,9,292.66,67.91
12371,386,482,10,1278.66,23.13
12372,1433,524,1,1301.98,74.31
12373,4394,219,8,56.64,73.28
12374,2943,544,6,1964.17,31.03
12375,4609,192,9,1824.81,11.97
12376,2124,187,9,937.12,12.5
12377,296,455,6,1307.04,13.1
12378,2668,519,3,1422.4,28.92
12379,3335,354,1,205.34,70.53
12380,2544,370,3,548.98,9.19
12381,241,195,8,2357.7,23.32
12382,434,275,10,1010.88,25.63
12383,3905,566,7,2173.45,76.84
12384,2442,12,6,549.62,65.76
12385,1437,449,4,1038.16,37.91
12386,2812,597,10,1347.56,24.42
12387,4538,592,1,725.67,59.5
12388,92,324,9,1343.62,48.12
12389,2547,341,8,1958.09,11.58
12390,1204,92,1,19.7,92.27
12391,3321,553,5,1930.81,32.18
12392,4796,171,8,381.38,4.18
12393,800,392,9,1406.51,89.49
12394,3793,267,5,2447.72,38.1
12395,4658,67,7,1881.29,36.25
12396,4349,181,9,2047.68,66.62
12397,3695,362,8,1875.66,40.75
12398,2235,508,10,2397.85,33.2
12399,2190,387,9,2330.45,10.99
12400,268,53,6,1583.43,20.86
12401,1876,187,2,1191.09,18.65
12402,2739,352,2,1904.21,70.43
12403,4544,176,2,1244.14,92.95
12404,3559,590,8,1600.53,95.62
12405,3912,9,5,1205.12,5.08
12406,4860,462,7,1041.94,0.87
12407,4656,248,9,985.95,39.87
12408,2548,43,2,1558.85,36.85
12409,627,554,3,1111.7,18.73
12410,4885,391,4,1746.59,79.64
12411,2827,174,9,2413.98,2.89
12412,1310,121,5,1396.74,55.08
12413,3478,551,2,2412.84,61.35
12414,4271,415,5,36.49,74.25
12415,1783,155,4,385.53,30.22
12416,3691,585,8,41.89,77.61
12417,3988,43,4,2380.86,0.88
12418,4425,392,5,2337.96,18.24
12419,4917,256,4,733.01,24.63
12420,3145,513,4,1828.91,12.34
12421,1494,212,2,173.43,79.67
12422,4465,8,4,1257.18,64.83
12423,4985,202,7,1061.0,58.49
12424,1578,390,4,2131.7,4.7
12425,4149,161,3,857.85,96.01
12426,390,167,10,1054.86,72.48
12427,3258,506,2,1972.19,86.39
12428,2525,543,4,1714.55,50.15
12429,3246,127,5,2420.68,55.92
12430,731,483,5,2159.31,88.35
12431,2598,364,7,654.34,2.52
12432,1679,559,2,1492.58,12.58
12433,1024,89,5,1462.2,57.56
12434,955,223,9,2368.13,16.78
12435,1743,37,4,1079.7,0.23
12436,1644,163,5,618.76,84.96
12437,1283,53,2,206.55,90.17
12438,2878,298,8,712.96,38.34
12439,3681,287,6,2194.5,12.06
12440,1021,304,6,1742.63,35.89
12441,2835,69,3,913.02,27.38
12442,3551,222,9,117.15,12.05
12443,2152,552,6,1672.83,86.99
12444,3532,524,7,697.73,90.53
12445,3316,135,10,939.84,77.94
12446,1778,29,5,1565.4,50.91
12447,4379,528,5,407.72,14.98
12448,4037,36,2,342.2,95.6
12449,4765,326,4,977.73,19.85
12450,2152,324,7,2249.92,79.6
12451,831,316,3,1942.7,53.53
12452,2724,89,9,1661.0,18.63
12454,2315,2,5,2091.63,16.44
12455,4178,111,2,304.86,58.44
12456,263,4,2,45.23,91.12
12457,3472,524,10,808.08,81.72
12458,2262,484,9,1289.31,97.4
12459,994,186,10,2462.13,47.97
12460,3827,186,8,1197.87,70.78
12461,4126,350,7,503.84,41.39
12462,611,399,4,1319.49,31.11
12463,1504,45,7,1187.97,40.88
12464,3864,475,4,657.18,99.17
12465,4856,592,3,2156.83,90.49
12466,3405,324,3,1258.83,45.29
12467,4372,415,5,1805.13,10.25
12468,1293,150,5,768.01,2.63
12469,640,239,1,2259.92,86.98
12470,3708,520,1,2242.36,23.45
12471,312,157,9,1108.66,66.08
12472,2456,13,1,1357.62,15.47
12473,3178,370,5,2003.2,57.37
12474,4539,184,9,883.97,43.29
12475,4919,439,1,713.55,40.29
12476,1240,409,8,1272.8,20.4
12477,4836,285,8,2132.61,91.43
12478,2120,338,8,917.62,56.51
12479,4729,96,5,713.18,21.68
12480,3014,457,8,385.94,10.7
12481,3776,535,3,1113.8,86.09
12482,1204,267,8,1954.09,14.71
12483,2487,248,5,1784.35,56.22
12484,3510,198,8,177.23,0.18
12485,1742,376,3,2378.47,18.44
12486,1243,414,10,1774.5,58.78
12487,2156,432,5,1370.13,22.29
12488,908,203,10,2275.12,6.33
12489,2783,572,10,1381.6,92.81
12490,4426,92,7,1265.16,45.65
12491,597,49,1,1938.24,36.83
12492,487,475,6,688.42,86.44
12493,3769,72,5,1399.79,61.79
12494,2070,67,7,2139.58,39.92
12495,1512,160,8,974.62,84.37
12496,888,407,10,2076.21,41.63
12497,4426,241,9,2411.21,9.2
12498,879,25,8,1645.39,63.95
12499,4704,134,4,1026.53,50.43
12500,4054,556,3,1318.99,47.8
12502,3515,35,4,2115.47,2.18
12503,4694,201,3,1394.97,35.97
12504,1700,514,1,434.24,88.82
12505,1392,344,9,263.76,78.93
12506,2906,332,4,1188.19,62.75
12507,3874,45,4,1739.99,47.14
12508,2701,544,8,1928.43,17.76
12509,1703,28,4,1504.51,6.01
12511,2625,102,6,1455.45,76.67
12512,479,220,6,1176.11,12.23
12515,3666,343,4,843.04,6.35
12516,1393,451,6,2455.81,11.18
12517,3925,68,7,1434.61,81.57
12518,596,217,5,2367.51,97.92
12519,1767,222,4,1016.25,84.34
12520,1638,202,9,2493.3,68.78
12521,2092,272,4,1740.59,6.6
12522,3096,221,6,1249.1,5.76
12523,1305,333,8,631.48,91.75
12524,4658,469,6,1069.18,95.23
12525,2397,387,5,209.44,86.19
12526,2772,29,8,1970.66,20.14
12527,4989,196,7,975.01,11.45
12528,631,500,4,1062.75,3.16
12529,395,471,3,1714.82,45.7
12530,1181,131,2,1178.0,27.38
12531,2532,151,6,1071.58,71.79
12533,2300,405,3,248.29,28.72
12534,3514,488,7,237.96,83.52
12535,2716,438,1,1468.82,40.54
12536,1060,169,6,1295.77,33.75
12537,776,172,2,1520.26,15.61
12538,3626,104,6,2052.09,62.06
12539,4409,469,10,1672.39,4.73
12540,2863,57,4,1007.44,50.37
12541,1522,198,7,1952.78,85.16
12542,2962,415,10,1111.1,47.28
12543,2481,132,8,1168.32,85.24
12544,534,327,4,1192.28,12.61
12545,4939,204,10,657.49,34.91
12546,695,29,4,794.15,19.4
12548,2741,353,4,832.5,12.83
12549,1494,589,5,1981.05,69.89
12550,4898,172,5,303.07,33.29
12553,2391,170,10,1366.22,32.72
12554,2019,20,9,2092.4,80.92
12555,1227,34,5,1249.72,91.06
12557,267,237,7,1494.12,32.45
12558,3322,55,10,1601.16,76.35
12559,4015,39,5,2179.42,70.71
12560,1998,361,6,194.88,46.2
12561,2907,419,1,2225.3,37.94
12562,3772,217,7,1710.73,74.11
12563,2431,186,3,1793.59,24.74
12564,4912,170,9,2180.24,88.43
12565,83,11,1,761.9,21.36
12566,2240,347,8,2146.0,81.54
12567,3256,234,9,408.36,5.02
12568,2960,21,8,691.6,7.69
12569,1046,171,3,411.55,31.89
12570,4995,528,6,566.84,6.51
12572,1331,27,7,643.9,38.03
12573,3735,243,9,1124.62,97.4
12574,2212,420,7,1524.08,40.31
12575,1521,65,6,1307.38,90.32
12576,2576,79,3,1061.55,15.97
12577,1213,473,5,1894.59,59.5
12578,4486,125,10,1435.84,91.42
12579,429,157,5,1870.95,50.68
12580,190,150,8,582.71,26.01
12581,790,473,10,1193.65,95.54
12582,3878,30,7,322.39,8.34
12583,1529,547,3,1644.71,10.74
12584,2766,565,3,1709.97,35.72
12585,556,71,1,1488.24,61.41
12587,3968,242,10,924.02,94.38
12588,1140,285,9,1604.13,64.48
12589,1088,516,7,1723.87,22.68
12590,2738,233,10,887.49,96.65
12591,3678,295,3,2281.68,19.98
12592,4150,21,8,893.01,88.27
12593,2087,99,1,2031.85,78.69
12594,2595,479,10,1052.15,98.14
12595,74,515,2,921.47,91.35
12596,2348,395,2,1594.96,60.14
12597,1168,68,1,1973.73,37.96
12598,1934,483,2,2014.73,93.92
12599,3036,396,2,1487.63,36.81
12600,1746,81,6,1240.24,11.57
12601,732,272,7,1302.08,23.27
12602,4134,87,6,2063.29,35.81
12603,3241,320,3,639.0,3.43
12604,922,43,4,1129.13,79.09
12605,3660,373,5,1739.81,43.61
12606,4031,479,2,1355.67,92.04
12607,4725,2,5,394.2,24.8
12608,3955,577,6,1938.41,36.44
12609,1258,143,9,38.31,63.93
12610,2349,527,8,1654.89,7.17
12611,286,161,3,972.78,35.43
12612,853,465,1,782.06,55.38
12613,3610,538,4,853.32,18.84
12614,3239,476,9,2413.2,83.36
12615,2075,553,10,299.51,41.96
12616,1255,150,9,605.93,76.67
12617,2694,416,3,543.01,5.68
12618,2957,498,8,1487.75,39.28
12619,348,413,4,1873.46,44.59
12620,4691,96,4,301.33,94.67
12621,1603,231,9,2375.66,17.72
12622,1189,229,9,1093.13,55.27
12623,4162,518,4,455.19,72.74
12624,4307,251,10,1716.46,1.23
12625,263,529,5,2051.9,91.99
12626,2358,263,5,1333.67,53.82
12627,4956,176,7,1436.84,14.44
12628,1578,268,8,2176.38,55.44
12629,4273,304,5,692.75,89.86
12630,1362,152,4,2319.74,74.22
12631,3393,496,9,162.93,0.38
12632,2068,174,7,953.74,32.87
12633,2701,87,6,1975.16,50.15
12634,2047,78,5,2485.97,25.03
12635,4566,172,7,1929.34,49.91
12636,3438,250,1,442.96,2.48
12637,2903,147,8,1954.23,68.72
12638,4029,52,2,1393.2,34.55
12639,4617,144,10,1702.32,98.22
12640,3762,84,3,1104.55,30.44
12641,1052,250,3,928.53,82.97
12642,4693,68,10,2270.8,3.54
12643,1562,59,6,1853.53,36.31
12644,461,186,7,479.94,76.76
12645,4808,597,6,343.58,57.8
12646,2727,598,1,2254.29,96.38
12647,402,444,8,368.8,31.39
12648,4157,455,3,1745.88,21.06
12649,409,222,3,1204.19,76.84
12650,2935,91,4,1194.95,1.06
12651,3618,471,8,883.01,36.76
12653,2046,456,7,616.34,61.38
12654,3325,447,3,382.33,63.48
12655,1377,385,10,1945.71,85.21
12656,3466,514,2,320.0,32.4
12657,2344,287,5,1843.05,26.57
12658,1584,452,6,2057.8,42.96
12659,3206,569,5,575.34,56.0
12660,2863,111,8,987.79,87.99
12661,2480,258,7,664.04,4.44
12662,91,121,3,1940.55,88.83
12663,4109,595,8,1806.28,21.56
12664,2366,152,1,746.3,77.64
12665,803,469,8,2186.9,2.17
12666,3438,379,5,1559.16,74.12
12667,3165,56,5,365.67,2.84
12669,37,557,4,714.25,47.83
12670,2487,582,9,292.18,50.9
12671,3677,283,8,1953.49,26.6
12672,3696,114,10,1606.93,24.27
12673,4728,560,10,1817.98,11.89
12674,4213,227,6,774.02,30.5
12675,3064,563,2,1332.59,100.0
12676,4516,485,3,361.69,56.23
12677,2836,402,7,1656.27,48.77
12678,2390,27,7,1427.03,54.15
12679,1486,444,2,1022.72,74.87
12680,2483,61,9,1541.59,82.82
12681,569,291,3,916.87,70.91
12682,250,376,3,712.39,25.36
12684,4691,489,8,411.84,10.04
12685,3197,185,10,15.14,87.56
12686,414,447,3,607.28,77.41
12687,1227,582,4,1464.3,97.98
12688,954,100,10,1650.71,15.78
12689,3459,260,10,28.92,46.52
12690,892,340,1,1341.91,22.93
12691,2601,294,2,1988.04,56.72
12692,4497,557,5,1994.87,19.71
12693,369,538,1,567.44,98.57
12694,4628,57,7,2214.8,40.91
12696,2770,591,3,621.77,79.85
12697,1697,585,7,2291.54,95.43
12698,78,545,9,60.38,80.63
12699,2692,181,1,935.91,31.52
12700,2404,471,7,1488.84,60.03
12701,1329,476,2,2230.79,51.65
12702,3721,169,1,638.58,78.06
12703,3734,377,9,950.5,77.68
12704,1993,314,6,354.69,27.12
12705,2332,539,7,1656.63,10.27
12706,2566,492,2,1108.04,1.9
12707,3001,562,9,418.95,79.49
12708,4123,83,1,1296.62,19.27
12709,1644,405,3,2156.94,93.5
12710,42,489,8,927.23,13.3
12711,3174,573,10,2094.28,15.44
12712,1444,92,10,579.71,5.56
12713,3722,166,8,1201.92,13.15
12714,2682,201,8,662.56,90.39
12715,200,266,3,1174.34,40.95
12716,3054,466,10,381.62,55.88
12717,4160,421,7,1190.16,40.43
12718,1059,353,10,1427.86,85.34
12719,3115,4,5,211.1,47.45
12720,1330,127,6,1755.87,7.08
12721,987,553,7,1356.51,31.36
12722,4420,124,6,697.54,15.84
12723,2355,101,9,1203.21,34.94
12724,844,564,6,999.33,42.95
12725,170,470,10,1001.26,64.21
12726,3561,114,10,1934.12,73.1
12727,3854,104,4,763.8,54.11
12728,681,554,4,2313.25,81.68
12729,2660,74,8,680.45,89.55
12730,3518,49,7,2352.94,78.15
12731,4998,26,5,561.54,92.02
12732,4238,320,10,764.9,61.66
12733,2535,346,1,2283.8,70.74
12734,1438,126,9,595.67,92.72
12735,4757,488,5,1953.13,99.58
12736,1566,382,10,502.5,30.76
12737,1427,352,7,826.3,66.05
12738,2467,409,3,504.5,91.73
12739,4393,481,3,2034.89,69.51
12740,3468,133,2,816.3,86.51
12741,4721,106,9,553.69,5.74
12742,1640,150,4,577.43,32.87
12743,3161,106,2,146.28,95.02
12744,2069,217,5,1538.05,62.27
12746,4513,416,5,812.16,53.56
12747,2576,468,10,1333.02,84.2
12748,57,468,8,271.63,7.72
12749,2799,41,1,1360.28,75.75
12750,2383,279,4,2451.29,46.53
12751,2879,377,3,819.97,45.3
12752,505,87,1,1782.73,41.65
12753,4367,284,8,2398.29,97.57
12754,2428,356,7,994.67,36.48
12755,4768,320,1,2234.22,21.8
12756,1653,206,1,1499.13,33.89
12757,2757,304,10,2463.31,97.97
12758,4582,196,2,393.82,11.45
12759,3463,301,3,35.25,22.42
12760,4956,53,10,1625.65,92.69
12761,1150,371,10,239.74,56.77
12762,2282,82,3,480.36,39.35
12763,1126,442,2,1313.58,91.65
12764,1492,1,8,1884.17,49.55
12765,1051,298,9,2280.18,21.78
12766,822,398,7,1813.67,62.76
12767,4202,479,8,2350.66,9.05
12768,1966,519,2,2459.97,55.06
12769,4183,487,4,1802.63,40.94
12770,1964,60,4,1001.31,73.68
12771,973,495,7,2253.85,13.27
12773,2875,185,3,1315.63,72.85
12774,4862,354,3,146.07,91.3
12775,4994,5,5,831.9,4.25
12776,487,473,9,1938.2,89.31
12777,4914,93,2,1910.67,35.72
12778,2081,367,9,465.46,83.64
12779,3989,345,5,2171.94,9.27
12780,845,106,9,2260.72,28.24
12781,1436,26,9,2395.84,61.54
12782,933,99,7,1932.76,59.13
12783,4836,119,2,1966.85,38.79
12784,2780,247,10,1458.92,83.08
12785,1390,496,6,72.48,55.0
12786,3831,84,6,1811.64,71.47
12787,4800,374,7,2281.28,59.1
12788,4699,578,10,1563.85,69.44
12789,1002,121,9,1588.68,31.71
12790,4209,83,8,2342.13,25.26
12791,4569,469,6,1906.95,45.56
12792,33,494,1,1763.68,17.35
12793,4078,341,2,1507.14,13.02
12794,2050,423,4,865.75,74.41
12795,1782,590,9,625.82,18.11
12796,222,483,5,1846.83,94.02
12797,4376,65,7,1678.21,29.57
12798,4149,297,10,1949.33,82.6
12799,3252,299,2,1207.68,24.75
12800,4288,526,7,24.12,10.35
12801,734,532,7,2038.42,0.34
12802,373,452,10,1112.09,29.85
12803,258,79,6,1137.9,90.04
12804,3741,393,2,1959.33,54.85
12805,3112,3,5,617.78,57.29
12806,2297,92,2,811.2,0.75
12807,1224,584,4,2340.16,41.02
12808,3294,149,8,203.52,1.15
12809,2324,528,5,1388.21,63.98
12810,3542,101,5,1955.08,64.94
12811,1420,250,10,2246.06,41.13
12812,268,334,8,1139.88,51.89
12813,1262,5,7,822.72,90.88
12814,2529,410,4,2287.3,71.69
12815,2467,510,1,1938.59,25.18
12816,2342,271,6,42.55,55.14
12817,3194,599,4,2351.96,7.46
12818,3285,306,3,777.15,10.03
12819,1590,268,3,944.42,64.02
12820,4286,347,4,636.78,44.7
12821,3156,34,2,663.93,3.09
12822,1927,336,8,1365.16,26.18
12823,1014,130,6,785.75,9.42
12824,4794,547,6,337.58,13.17
12825,1395,31,1,535.39,75.41
12826,2954,374,9,1925.59,94.68
12828,32,237,10,435.2,63.98
12829,4135,439,5,1906.54,29.97
12830,4994,303,5,2204.26,77.83
12831,2430,187,7,835.92,33.18
12832,1977,311,10,1154.77,57.64
12833,1163,262,6,193.62,84.13
12834,2355,341,10,109.86,13.92
12835,708,359,4,432.2,99.39
12836,6,151,9,1963.1,45.85
12837,3089,251,6,1774.42,37.95
12838,202,600,9,1385.84,1.07
12839,1607,258,6,2068.92,18.05
12840,4712,374,1,2244.61,90.86
12841,1237,191,7,422.42,57.05
12842,1571,186,9,2105.08,98.45
12843,3327,478,8,898.58,50.14
12844,2984,177,2,2044.64,67.54
12845,3954,428,6,896.08,76.0
12846,4629,59,6,151.27,35.37
12847,2408,492,10,31.21,97.93
12848,1814,289,8,14.92,13.45
12849,567,596,10,286.67,85.14
12850,4391,179,5,1565.81,2.99
12851,1382,34,9,2183.7,78.19
12852,3322,219,9,982.93,42.71
12853,885,236,2,110.33,7.76
12854,1330,73,7,889.93,68.63
12855,4378,483,6,583.31,66.55
12856,511,580,7,2187.45,6.95
12857,3997,370,9,748.42,27.74
12858,2337,502,2,839.24,43.67
12859,1951,528,4,2301.77,44.35
12860,1498,231,4,873.6,61.54
12861,425,466,2,270.73,49.67
12862,3098,190,7,1492.51,75.59
12863,1128,84,2,153.5,98.84
12864,3117,144,5,1100.09,25.08
12865,4007,529,5,2022.49,45.9
12866,2641,556,9,1704.7,99.52
12867,1478,215,6,1733.04,94.02
12868,3408,134,1,1136.62,45.35
12869,4491,201,9,1409.68,9.86
12870,2584,397,10,356.49,9.92
12871,3530,377,2,148.11,12.96
12872,3298,583,7,1973.52,44.98
12873,2151,413,2,1508.11,53.77
12874,2656,411,2,2006.49,23.63
12875,3757,497,9,750.67,34.95
12876,1814,582,8,2214.3,63.37
12877,4197,232,3,859.34,98.78
12878,4741,79,3,955.86,10.5
12879,3247,426,2,1307.65,51.64
12880,2107,363,4,1163.33,29.83
12881,1499,177,10,116.62,90.95
12882,2022,560,8,925.4,19.69
12883,2442,36,10,801.82,56.28
12884,3504,339,9,901.43,11.84
12885,784,75,1,1088.95,56.22
12886,2207,593,5,1992.92,75.38
12887,14,182,2,727.01,60.21
12888,1114,435,4,253.72,64.4
12889,3960,332,9,538.27,70.79
12890,3225,66,7,2252.43,18.74
12891,387,456,6,1000.53,46.36
12892,1292,313,8,870.99,52.1
12893,177,554,7,770.0,22.44
12894,641,276,2,373.69,18.91
12895,1991,497,5,1985.79,36.57
12896,832,1,3,594.0,26.52
12897,1943,236,5,378.21,63.26
12898,2682,483,5,1211.99,55.59
12899,4849,254,4,1200.42,53.35
12900,1155,600,4,2088.77,54.56
12901,2305,587,6,2216.97,83.24
12902,773,208,3,2370.3,0.16
12903,2070,157,2,1008.23,75.49
12905,1912,453,9,1880.27,42.92
12906,4564,125,2,779.56,69.97
12907,2072,475,8,694.38,97.92
12908,1102,347,5,665.02,15.47
12909,429,178,4,1083.55,40.25
12910,3113,561,1,2142.71,79.52
12911,3147,242,8,77.39,69.77
12912,4298,259,3,539.15,72.43
12913,2834,9,3,1713.39,65.03
12914,136,297,9,721.52,16.43
12915,1751,261,8,1061.18,66.13
12916,4451,411,8,520.35,72.43
12917,1663,98,6,2399.67,31.66
12918,1563,28,10,756.44,78.0
12919,225,494,7,2280.54,95.13
12920,4167,63,7,1536.66,86.44
12921,2304,569,6,1888.56,45.2
12922,4862,34,2,1768.43,37.55
12923,3763,580,2,178.19,23.03
12924,3962,509,5,1640.36,83.73
12925,1459,295,4,723.47,95.73
12926,2054,333,10,661.82,40.77
12927,3339,381,7,2358.7,79.07
12928,748,476,6,2219.35,4.38
12929,1928,50,5,382.14,2.19
12930,1127,113,6,785.61,1.06
12931,4754,264,8,2416.03,19.15
12932,1002,10,1,1954.43,72.73
12933,1266,198,7,389.48,9.58
12934,116,292,3,1853.59,16.63
12935,2284,587,5,265.36,11.16
12936,1662,247,10,1630.39,71.44
12937,3037,206,10,928.17,75.66
12938,799,172,2,2106.44,79.24
12939,2245,118,7,1853.81,5.64
12940,4276,86,8,1837.7,82.95
12941,1206,414,7,292.58,11.09
12942,1148,169,2,1766.9,20.18
12943,4453,535,2,923.94,67.61
12944,3810,102,7,923.46,67.28
12945,3339,321,3,294.01,77.46
12946,468,527,4,1888.1,83.47
12947,2504,305,7,1094.01,37.09
12948,260,224,6,1294.92,98.05
12949,2811,275,4,58.43,44.1
12950,730,472,4,2424.61,54.57
12951,3975,72,1,2193.98,91.81
12952,1505,72,10,65.09,95.26
12953,625,557,2,382.52,20.68
12954,324,270,9,396.51,5.68
12955,4679,55,2,2269.87,41.57
12956,2477,507,10,1964.36,79.89
12957,488,390,10,228.6,30.1
12958,4177,599,2,1258.63,45.77
12959,3862,466,4,1654.04,15.93
12960,1146,85,9,504.28,60.14
12961,3276,309,1,2410.65,33.38
12962,3705,483,4,1627.48,34.71
12963,4746,397,4,1929.27,91.09
12964,3952,491,1,271.41,97.86
12965,3352,236,8,612.35,90.21
12966,3969,134,5,308.05,33.39
12967,401,513,7,328.85,70.74
12968,2818,359,2,907.55,3.39
12969,2641,217,6,1280.07,31.33
12970,1571,311,2,1281.3,65.7
12971,4032,388,5,1814.97,40.55
12972,2254,126,4,1113.23,10.73
12973,4373,453,2,1755.4,18.12
12975,2134,124,5,1451.42,70.94
12976,1432,464,4,1963.23,8.38
12977,3874,105,3,752.91,59.93
12978,1643,146,2,470.29,57.99
12979,608,416,6,1012.65,91.23
12980,553,341,2,1669.24,92.87
12981,4567,343,2,261.44,8.33
12982,3467,421,8,2284.3,97.71
12983,980,85,10,1440.39,7.45
12984,2493,328,1,2198.88,50.68
12985,2444,236,2,1614.71,45.41
12986,4238,211,2,1608.85,42.59
12987,1255,188,3,962.14,41.78
12988,576,268,1,2315.1,95.03
12989,2856,444,8,1780.8,19.3
12990,144,70,1,1452.49,59.38
12991,4923,389,5,1229.16,36.2
12992,3251,415,3,1248.01,27.02
12993,1552,452,10,1092.45,96.61
12994,4652,268,6,2461.69,13.26
12995,3766,225,6,33.86,48.29
12996,2935,231,2,884.4,63.51
12997,95,518,4,1770.08,64.5
12998,3157,370,1,2235.11,9.3
12999,4633,58,1,815.65,31.57
13000,2655,428,10,2380.32,80.83
13001,1544,539,6,1137.49,18.01
13002,137,32,5,2242.6,85.79
13003,3345,220,9,1462.21,2.25
13004,3514,260,4,1161.82,43.09
13005,1199,501,3,2090.24,58.94
13006,2565,213,8,107.28,48.46
13007,4893,240,1,673.52,72.5
13008,3556,326,5,428.81,24.24
13009,283,182,3,1701.1,43.44
13010,1947,393,4,931.16,48.19
13011,250,352,2,1353.42,10.35
13012,1811,586,6,1754.74,19.82
13013,4434,446,2,1864.75,44.63
13014,4751,62,3,793.63,79.19
13015,2583,57,5,909.33,43.87
13016,3891,267,5,1293.41,19.03
13017,2703,281,3,1994.14,22.7
13019,2792,465,1,224.1,55.66
13020,4900,155,7,1581.24,34.42
13021,2755,94,9,1232.07,16.58
13022,269,189,6,486.61,42.83
13023,1441,148,10,2120.31,81.34
13024,4894,543,7,1346.71,79.66
13025,400,174,5,2206.44,48.52
13026,710,177,3,1137.26,20.03
13027,1305,154,5,590.61,19.79
13028,4946,163,4,1615.12,54.11
13029,4370,209,3,727.31,32.13
13030,3311,58,4,2069.07,14.01
13031,2097,518,10,1494.67,14.72
13032,1677,327,5,469.88,58.46
13033,2598,380,7,1318.45,70.13
13034,1860,234,4,1934.8,39.04
13035,3260,491,6,539.09,63.79
13036,2017,88,3,1158.13,53.2
13037,664,555,5,1968.69,39.59
13038,2814,583,5,1763.57,68.56
13039,375,218,4,1298.32,54.35
13040,2704,355,10,1505.22,45.3
13041,4897,127,8,109.72,91.71
13042,2016,425,3,722.67,83.94
13043,4705,560,1,1162.95,45.95
13044,2923,417,4,1938.66,94.8
13045,4545,460,9,1732.12,54.45
13046,4112,534,10,1047.77,23.53
13047,383,447,8,1793.34,26.88
13048,2129,415,6,999.33,1.02
13049,2086,542,10,2168.33,82.09
13050,988,384,5,1027.56,72.73
13051,479,506,1,2438.05,81.78
13052,1596,472,8,1613.34,53.32
13053,477,329,4,1968.51,55.18
13054,208,494,5,527.91,49.7
13055,1905,566,9,959.14,58.98
13056,3724,447,1,2388.34,54.54
13057,584,119,5,1877.97,88.38
13058,3584,426,4,1066.59,56.55
13059,3650,138,10,2149.63,27.74
13060,1327,244,10,1500.36,55.74
13061,604,118,2,813.85,1.82
13062,658,527,4,781.71,70.01
13063,2999,246,7,517.05,79.46
13064,779,125,5,428.74,56.14
13065,4610,416,1,1480.57,26.87
13067,3970,550,5,1778.58,77.06
13068,1948,209,5,1187.38,85.41
13069,2143,195,9,1791.66,33.07
13070,2726,276,1,765.36,30.12
13071,2627,593,10,1337.17,28.94
13072,1086,285,10,671.27,55.54
13073,1058,597,10,554.51,90.85
13074,3274,421,8,659.11,72.43
13075,314,203,8,1784.72,36.66
13076,2131,44,5,2006.47,46.96
13077,4779,358,10,1776.67,31.38
13078,873,195,7,320.38,81.86
13079,2870,115,1,248.97,21.05
13080,3229,43,6,504.29,29.61
13081,3686,283,8,2104.95,12.17
13082,2899,269,3,166.57,7.7
13083,1185,147,9,1763.99,17.18
13084,2802,508,10,933.91,16.85
13085,596,503,8,1926.02,78.15
13086,1597,464,1,1125.74,93.72
13087,3603,536,9,1583.8,37.57
13088,3633,74,10,2292.69,50.41
13089,3058,352,1,667.47,15.42
13090,3855,161,3,2304.23,47.12
13091,3268,278,3,1453.26,22.88
13092,3242,74,4,1874.67,28.87
13093,4407,450,4,660.01,92.89
13094,4110,595,2,1880.69,83.98
13095,420,191,6,1086.25,73.95
13096,744,518,8,1064.74,88.99
13097,3002,255,5,1889.51,89.88
13098,3086,51,4,402.99,68.87
13100,4767,385,6,2247.1,54.35
13101,4976,105,9,1542.84,26.0
13102,745,273,2,804.0,43.33
13103,618,340,7,117.92,18.42
13104,4961,430,10,164.04,96.42
13105,2388,299,2,1752.19,13.57
13106,3859,472,1,921.27,26.69
13107,4737,592,2,608.12,96.39
13108,1076,462,9,707.65,85.25
13109,3959,71,7,2372.8,73.18
13110,1118,528,10,178.39,67.52
13111,760,395,6,2309.29,84.7
13112,774,42,1,2036.08,21.23
13113,4842,500,10,13.42,91.17
13114,3057,375,2,1217.76,79.45
13115,3305,270,4,1847.6,86.34
13116,544,113,4,1821.47,98.03
13117,4749,461,7,2317.46,98.15
13118,2114,35,1,1120.65,41.93
13119,885,490,10,1332.74,43.8
13120,2556,249,7,1260.27,74.64
13121,3433,476,1,1612.92,19.14
13122,888,346,1,2212.23,37.6
13123,50,99,1,857.86,95.74
13124,3684,161,9,464.31,1.65
13125,4100,497,10,1971.31,28.19
13126,4908,55,10,1909.93,65.76
13127,3289,257,9,1078.52,35.69
13128,2605,291,9,458.98,2.88
13129,1414,596,2,1926.23,56.94
13130,3783,224,9,1353.74,80.55
13131,4574,121,5,2172.01,22.07
13132,216,376,10,2483.2,27.72
13133,1309,335,7,1551.83,26.36
13134,4979,517,2,63.16,37.34
13135,4132,147,9,2181.95,48.45
13136,986,562,4,2485.13,45.45
13137,4847,330,8,243.64,99.51
13138,3962,565,5,1964.06,21.78
13139,4845,575,4,453.81,64.81
13140,918,589,1,425.0,82.67
13141,101,401,5,644.19,18.29
13142,4535,464,5,2394.01,16.91
13143,3995,343,2,2410.69,67.46
13144,1204,16,1,1906.3,69.27
13145,3220,54,10,1160.44,41.66
13146,1280,461,7,635.32,91.69
13147,1380,552,6,813.61,58.58
13148,828,249,4,441.37,4.04
13149,3027,561,3,265.23,67.52
13150,1920,556,8,225.9,24.81
13151,4936,105,1,1961.36,78.57
13152,3475,103,10,1324.59,46.81
13153,1241,486,3,1737.55,66.72
13154,4966,40,9,2498.6,51.88
13155,2401,530,2,859.8,78.33
13156,609,52,1,1393.01,43.9
13157,3170,294,8,2216.18,58.33
13158,3077,219,8,749.44,2.15
13159,131,273,1,1278.75,50.49
13160,4850,269,5,1598.71,22.59
13161,4175,472,10,1388.74,32.26
13162,3544,536,4,469.45,44.8
13163,3929,382,2,2160.65,68.94
13164,4835,371,7,534.6,15.1
13165,767,220,2,95.78,14.42
13166,3479,401,8,763.77,57.1
13167,2619,429,10,387.18,45.66
13168,2294,153,2,1292.23,43.25
13169,1267,116,7,35.97,17.52
13170,2572,504,10,348.65,61.27
13171,1661,426,6,1688.66,65.2
13172,4945,525,6,2471.89,94.53
13173,2307,250,1,19.84,13.49
13174,2934,306,4,804.06,30.53
13175,896,296,2,1141.16,72.86
13176,1074,124,3,1063.99,95.63
13177,429,58,1,2298.92,21.28
13178,185,564,8,1115.24,7.94
13179,2951,243,2,2028.52,75.15
13180,4033,288,4,1071.41,57.75
13181,2018,507,10,2424.2,98.3
13182,1121,169,9,105.63,18.88
13183,4508,229,4,55.39,15.14
13184,4711,223,4,48.99,75.79
13185,3613,225,3,671.32,61.52
13186,228,180,2,331.41,72.68
13187,1859,499,9,2467.3,45.86
13188,1131,31,8,1369.56,27.06
13189,1623,467,5,222.04,84.43
13190,4668,348,4,1573.9,45.46
13191,1358,553,2,391.8,47.12
13192,1541,270,4,2161.65,88.34
13193,558,395,9,1043.28,91.64
13194,3721,178,6,1217.46,53.16
13195,1891,582,1,796.3,85.98
13196,1884,421,2,1086.62,69.42
13197,457,258,4,93.16,40.18
13198,2791,466,5,191.56,85.08
13199,3818,19,9,1990.55,76.26
13200,4782,209,1,867.31,46.0
13201,4469,252,2,175.94,62.66
13202,1959,577,3,855.4,79.15
13203,2909,209,9,215.44,31.39
13204,2984,74,8,1904.93,85.25
13205,4125,129,5,651.6,89.78
13206,4307,36,5,1246.76,97.61
13207,2837,12,2,641.11,4.23
13208,1186,531,2,133.44,30.04
13209,1821,264,10,2126.18,77.79
13210,4029,463,6,1330.65,31.43
13211,3798,247,3,161.71,22.26
13212,1570,195,6,1237.11,19.41
13213,360,190,6,1495.22,25.67
13214,4674,103,6,1865.25,40.96
13215,1674,501,2,590.94,61.2
13216,160,108,1,648.3,2.16
13217,2084,359,4,2113.66,90.91
13218,1104,209,7,1810.85,12.9
13219,247,66,3,1113.05,99.7
13220,4319,49,1,1477.4,99.89
13221,2179,575,1,419.99,83.01
13222,3846,299,10,1098.23,8.94
13223,1904,454,6,785.97,11.94
13225,3840,68,3,935.9,34.41
13226,1650,339,7,716.97,89.67
13227,1524,304,1,105.37,60.89
13228,1534,469,3,2489.77,87.51
13229,878,34,5,104.24,13.55
13230,213,177,3,1791.11,86.25
13231,4750,531,10,1194.93,94.99
13232,2791,82,9,686.23,75.51
13233,4437,519,4,2364.46,98.59
13234,4925,492,2,1906.06,68.11
13235,2346,239,3,566.45,13.34
13236,4484,177,6,1650.51,18.47
13237,4591,159,2,1995.59,60.51
13238,739,534,7,874.71,18.64
13239,485,232,8,142.17,95.36
13240,4624,293,5,48.97,28.76
13241,2672,567,6,271.52,30.04
13242,1458,51,6,2392.92,28.49
13243,2493,1,1,316.96,62.84
13244,3994,403,5,403.35,13.8
13245,3132,566,6,1873.3,51.17
13246,204,327,2,717.27,2.54
13247,4762,315,5,1572.57,58.45
13248,4991,136,9,1261.24,83.28
13249,60,223,4,1244.81,1.3
13250,1346,501,8,2292.14,57.94
13251,798,15,9,1433.48,11.55
13252,1054,395,8,1609.04,72.17
13253,79,41,9,245.42,1.47
13254,4737,316,10,55.1,77.71
13255,4107,335,7,283.84,28.1
13256,1645,279,9,1489.38,62.95
13257,3398,271,5,1717.01,72.74
13258,4942,486,10,2281.55,3.39
13259,573,11,5,1509.71,4.99
13260,2820,305,6,951.25,41.57
13261,3345,420,2,1594.45,29.64
13262,2260,230,6,1053.53,63.49
13263,4065,492,8,30.82,47.75
13264,809,188,1,571.74,68.59
13265,4600,592,7,175.65,20.09
13266,675,466,9,476.02,39.73
13267,3866,533,10,1949.09,87.15
13268,921,347,3,944.12,6.79
13269,4379,314,4,1003.33,76.95
13270,335,279,1,1729.5,70.36
13271,781,593,5,1334.71,94.76
13272,579,371,1,2394.53,38.31
13273,4859,173,5,252.98,58.72
13274,495,113,2,2341.01,60.96
13275,3630,263,1,948.58,71.4
13276,4971,1,1,1193.43,90.98
13277,1021,94,7,556.24,65.92
13278,2507,61,10,1030.23,41.69
13279,4827,81,8,1111.59,69.28
13280,3380,527,6,209.17,33.83
13281,3252,422,6,2225.69,80.43
13282,3445,388,6,491.76,3.35
13283,3153,100,10,1333.61,91.5
13284,1230,30,1,2040.04,21.46
13285,2513,579,1,88.92,34.27
13286,747,306,8,1274.65,2.94
13287,2220,566,4,1733.78,53.41
13288,3167,96,8,220.99,16.35
13289,1734,209,10,555.15,94.09
13290,4822,61,2,60.01,47.4
13291,3926,454,2,1770.94,82.65
13292,857,549,1,2200.89,76.69
13293,4664,35,5,2070.86,53.23
13294,3014,94,7,510.78,92.56
13295,4025,409,2,1505.92,22.3
13296,894,15,2,56.99,88.14
13297,1647,323,8,1739.43,3.13
13298,1709,83,8,2305.5,58.21
13299,4286,403,7,2029.05,57.05
13300,3100,21,1,299.56,80.5
13301,331,398,5,333.41,53.42
13302,761,44,5,801.98,37.84
13303,2469,593,3,83.45,63.77
13304,2599,515,9,1280.13,99.19
13305,2071,55,1,1271.31,59.16
13306,2704,13,2,572.49,33.22
13307,4487,46,6,1673.98,5.75
13308,2566,352,6,1593.38,25.09
13309,2091,503,1,2268.26,56.54
13310,3083,285,5,2448.37,22.1
13311,1215,140,8,1238.52,28.27
13312,3832,464,2,984.45,96.58
13313,526,345,5,494.02,8.5
13314,2000,241,2,283.2,68.29
13315,3261,302,9,2141.68,83.81
13316,2685,330,9,1964.87,31.69
13317,1574,199,1,1997.7,47.64
13318,4503,10,4,2200.09,57.14
13319,1253,549,4,213.83,62.83
13320,2485,29,9,2102.26,56.09
13321,2905,67,7,233.82,62.73
13323,4044,476,8,755.11,38.64
13324,4818,47,1,2295.17,0.37
13325,4837,363,1,1362.38,37.09
13326,892,334,10,2172.45,20.14
13327,345,214,3,772.68,26.99
13328,4147,49,9,2119.95,1.18
13329,2105,379,8,1204.72,17.51
13330,1392,541,7,27.54,73.16
13331,4911,56,3,169.38,97.98
13332,4513,38,7,1221.42,60.02
13333,2960,324,9,527.12,57.81
13334,3301,563,7,2016.83,97.79
13335,4190,44,8,781.77,35.43
13336,2776,536,3,1470.41,30.1
13337,2181,341,2,505.04,31.79
13338,2096,140,4,2189.5,37.91
13339,4973,371,1,2415.16,79.06
13341,1012,491,4,886.77,71.69
13342,4013,68,3,1820.74,90.33
13343,4825,199,8,732.09,15.74
13344,3382,369,4,1778.37,81.83
13345,1812,140,10,611.7,6.58
13346,4216,387,8,2126.02,63.73
13347,2248,291,5,1090.4,91.91
13348,1613,468,5,73.02,48.55
13349,4384,360,3,108.23,22.21
13351,4078,409,3,2162.91,26.03
13352,749,167,10,1418.83,48.29
13353,4802,46,10,2121.78,50.58
13354,5000,57,4,2477.23,68.85
13355,1461,507,7,112.38,41.23
13356,4791,573,3,1120.69,65.61
13357,533,46,7,326.74,6.5
13358,104,373,6,2240.15,75.37
13359,4954,176,5,332.92,53.71
13360,690,376,3,888.6,30.15
13361,1623,111,2,1692.14,27.3
13362,2925,584,8,1644.15,88.35
13363,3386,317,9,198.12,34.46
13364,3533,376,1,2159.28,27.35
13365,1072,134,6,35.82,10.04
13366,4690,59,3,1999.11,70.44
13367,1406,423,7,907.12,45.73
13368,1362,47,2,2135.26,73.42
13369,4266,356,1,1976.75,63.74
13370,1379,234,3,1277.95,93.17
13371,924,592,7,2323.56,24.63
13372,3893,94,4,2218.13,44.52
13373,3518,390,7,705.15,8.66
13374,1137,210,7,88.86,60.11
13375,946,593,9,1861.71,82.19
13376,2224,525,6,1356.16,54.07
13377,3172,68,8,461.5,63.09
13378,3311,198,2,1440.75,19.21
13379,4936,227,6,973.39,44.54
13380,4978,551,7,839.33,83.19
13381,3349,49,3,942.67,6.89
13382,1227,227,2,761.94,63.05
13383,3346,169,2,1420.48,71.11
13384,2547,157,3,839.9,52.09
13385,4944,459,8,2016.72,64.41
13386,937,34,10,606.65,22.08
13387,101,511,10,1519.11,50.97
13388,653,25,2,1798.39,15.5
13389,2730,73,5,1451.29,57.98
13390,4882,248,8,181.23,57.7
13391,1399,473,5,1844.63,55.13
13392,295,587,9,1899.83,8.88
13393,2392,592,9,1569.03,38.59
13394,1689,244,7,1972.01,22.41
13395,753,585,4,1635.92,99.65
13396,1476,309,7,2137.49,41.96
13397,3106,543,8,2074.19,36.48
13398,1460,428,2,177.51,95.32
13399,1107,124,9,631.05,51.92
13400,2748,73,1,1216.34,75.49
13401,1466,138,10,214.05,99.05
13402,4072,260,1,1968.04,26.83
13403,447,559,6,949.94,78.96
13404,4486,566,10,105.77,74.39
13405,2263,24,3,840.8,45.88
13406,1,333,8,816.23,61.12
13407,2600,323,1,1459.18,50.91
13408,278,365,3,2093.51,84.14
13409,2150,249,9,579.96,19.34
13410,3008,589,7,734.58,64.51
13411,2837,340,9,925.02,79.11
13412,1526,388,2,2048.58,82.62
13413,1872,322,10,393.01,14.84
13414,3319,68,1,1740.47,96.96
13415,1441,500,2,368.38,92.26
13416,1419,4,8,370.48,84.51
13418,1894,541,9,829.02,50.71
13419,73,62,8,48.32,87.63
13420,2347,91,4,722.11,14.73
13421,3040,362,6,1584.14,36.26
13422,1150,17,2,1957.81,24.13
13423,4899,14,4,1279.28,78.16
13425,2334,328,9,1880.92,69.44
13426,666,322,7,1373.62,85.94
13427,884,104,7,1570.29,63.38
13428,647,177,2,1942.28,50.72
13429,4933,288,8,906.54,34.32
13430,1104,296,5,714.34,14.05
13431,180,542,3,2381.35,45.16
13432,1030,597,6,943.93,80.44
13433,765,342,5,1968.75,53.03
13434,2827,74,3,2415.52,77.21
13435,1703,333,10,449.87,3.69
13436,1620,250,7,1399.66,97.34
13437,470,43,8,2406.32,82.48
13438,1734,119,1,1547.0,55.81
13439,1142,18,1,2002.72,68.83
13440,3789,294,7,2334.68,9.12
13441,2905,302,6,1253.82,38.63
13442,2029,509,5,2123.1,34.92
13443,3921,72,10,153.07,13.76
13444,1401,177,9,1848.21,79.82
13445,3779,155,8,138.68,22.95
13446,1416,533,5,2223.89,62.08
13447,4381,165,2,1217.56,62.4
13448,1431,170,8,2088.53,71.63
13449,923,255,1,2051.96,56.01
13450,76,591,5,763.02,13.96
13451,1909,431,3,2045.72,66.71
13452,4467,295,5,418.7,21.44
13453,1598,22,9,1926.47,98.9
13454,2331,475,5,20.12,13.44
13455,1375,598,4,422.63,56.08
13456,531,526,4,2352.24,7.02
13457,4944,224,4,1425.54,19.19
13458,4233,273,4,2369.55,31.74
13459,4343,222,8,1929.31,78.15
13460,2809,422,9,248.56,31.08
13461,3588,242,1,157.39,46.17
13462,1327,436,3,1540.58,77.85
13463,3010,8,10,2162.52,47.63
13464,2704,466,6,1076.15,81.67
13465,2423,209,4,2397.9,38.92
13466,375,160,5,2333.13,15.29
13467,1336,345,10,2406.48,9.27
13468,4216,398,8,2057.65,14.2
13469,4379,190,10,1052.85,83.87
13470,1728,597,8,497.07,19.71
13471,2496,284,1,984.4,49.22
13472,815,304,10,2083.0,15.4
13473,2082,39,7,158.46,78.53
13474,3324,110,6,1314.1,37.83
13475,3599,55,9,1160.52,51.34
13476,4341,383,7,1969.9,15.96
13477,3492,188,4,1587.13,26.34
13478,920,13,1,661.14,16.63
13479,4232,376,4,1832.3,38.34
13480,1929,68,1,86.77,81.53
13481,3297,579,1,494.06,34.59
13482,2524,472,3,1436.49,80.05
13483,4765,13,5,2320.62,79.22
13484,2660,582,5,1439.39,9.9
13485,3302,141,7,1028.87,1.14
13486,1763,110,4,1106.04,40.26
13487,3650,521,3,1236.74,79.66
13488,4344,508,2,358.87,94.19
13489,3640,599,5,852.91,55.48
13490,1977,536,5,1805.63,20.19
13491,2662,292,6,595.51,86.17
13492,3134,541,6,901.51,74.58
13493,1506,600,6,1778.26,46.95
13494,1833,45,3,523.4,48.21
13495,2833,219,10,1573.53,8.49
13496,4912,82,2,657.7,98.81
13497,1425,69,4,1751.8,39.24
13498,2791,521,2,978.5,34.48
13499,4890,251,4,1617.94,52.56
13500,1535,559,10,314.66,38.87
13501,3191,323,4,390.68,51.43
13502,3049,300,9,2329.27,2.46
13503,1788,463,8,52.35,17.14
13504,2011,94,8,2135.26,90.06
13505,2515,588,2,836.93,40.15
13506,1857,145,3,1858.62,70.25
13507,4662,382,5,1453.92,81.22
13508,3496,114,8,1696.64,80.8
13509,438,216,2,1988.98,11.58
13510,841,594,6,1233.79,25.3
13511,3791,117,6,1881.39,37.9
13512,2932,59,9,1935.68,94.7
13513,3789,528,3,1966.72,1.79
13514,4833,102,1,966.25,25.27
13515,2559,499,5,634.21,9.05
13516,4350,8,1,1311.24,83.49
13517,4895,174,1,1648.45,72.13
13518,4929,354,10,74.36,79.09
13519,1190,15,10,1923.41,0.9
13520,1947,77,9,1975.68,23.89
13521,3836,100,3,507.8,92.93
13522,1880,236,3,1854.13,23.91
13523,4720,146,5,1134.6,97.53
13524,2125,139,7,1610.88,38.48
13525,2240,508,2,238.23,42.26
13526,231,208,10,559.55,75.17
13527,2772,308,5,125.25,87.73
13528,1559,599,8,2039.11,15.51
13529,4419,15,9,254.46,93.31
13530,3836,547,3,440.28,95.11
13531,3044,159,9,352.31,71.17
13532,35,284,9,1621.05,46.97
13533,430,126,7,573.49,77.42
13534,3425,384,9,1671.09,71.03
13535,3246,137,5,2417.53,45.77
13536,4618,92,5,2484.69,10.79
13537,4282,119,1,1689.72,22.29
13538,4690,490,2,1824.7,73.1
13539,2535,391,6,2276.08,85.05
13540,549,547,9,797.26,32.33
13541,4104,184,8,252.32,81.5
13542,4932,155,3,896.46,81.0
13543,1887,21,2,843.49,81.93
13544,2197,275,1,869.9,96.52
13545,4002,254,7,1529.42,65.02
13546,114,233,10,181.18,47.97
13547,3413,498,8,1496.93,34.52
13548,1010,151,8,2301.01,52.2
13549,433,468,1,1429.77,86.34
13550,3635,389,6,1276.67,75.29
13551,1947,569,6,260.83,36.58
13552,3546,458,6,399.4,4.51
13553,1202,18,2,1708.66,43.47
13554,4916,549,1,2155.39,86.42
13555,4098,514,2,1800.22,26.21
13556,2738,271,7,495.6,35.17
13557,4959,302,1,1846.25,29.54
13558,4038,213,10,289.67,89.18
13559,3349,140,4,2322.02,44.53
13560,1203,148,4,50.61,74.84
13561,1689,435,5,2086.97,33.72
13562,2625,310,2,518.71,69.56
13563,2060,287,5,1383.76,60.65
13564,3696,566,2,889.39,3.37
13566,666,105,8,10.29,75.94
13567,2099,500,7,1981.59,96.54
13568,3964,329,1,1864.86,33.99
13569,4660,530,2,1147.73,17.72
13570,1010,408,3,809.9,5.83
13571,4931,64,10,1143.39,88.92
13572,3986,24,7,641.13,38.68
13573,3071,433,8,1276.42,39.01
13574,331,161,5,2039.26,64.85
13575,2308,180,9,536.57,28.31
13576,1269,365,6,2175.08,25.79
13577,199,418,3,564.37,30.29
13578,3823,178,2,1301.44,58.21
13579,2964,140,5,1571.55,40.74
13580,1913,386,2,1500.06,96.02
13581,1052,525,7,1953.04,76.19
13582,4332,441,8,2150.24,67.79
13583,4825,521,1,813.39,82.2
13584,1140,501,3,937.67,98.38
13585,4833,115,1,13.46,60.34
13586,2389,592,5,977.02,49.2
13587,3451,559,4,2385.25,15.21
13588,1190,75,1,1386.59,19.33
13589,956,584,6,693.9,30.62
13590,4244,123,3,108.44,70.13
13591,1878,176,7,130.43,17.04
13592,3388,63,8,374.81,26.2
13593,2822,467,4,854.69,61.99
13594,693,234,6,687.7,20.9
13595,3119,10,1,1221.51,70.46
13596,1869,82,2,637.66,20.11
13597,1029,341,7,2066.29,74.05
13598,1155,339,4,1828.92,61.26
13599,2899,7,7,517.64,97.53
13600,1815,33,6,2124.55,96.1
13601,1266,49,8,1986.52,1.65
13602,4088,178,8,599.79,27.09
13603,81,347,1,1598.83,13.32
13604,715,189,8,1213.75,70.29
13605,2260,182,4,2118.86,89.49
13606,4774,513,10,633.84,0.08
13607,1757,479,9,628.88,63.57
13608,4524,577,8,2465.76,34.77
13611,1975,422,6,838.2,88.65
13612,4687,164,5,2177.23,88.59
13613,3592,430,6,2405.63,14.12
13614,845,504,4,653.57,19.17
13615,3581,73,8,271.05,74.62
13616,4872,249,5,1638.18,82.23
13617,1752,599,4,2029.33,95.45
13618,4491,332,4,499.52,29.6
13619,758,369,7,1115.59,46.65
13621,1807,471,7,175.87,73.3
13622,3087,516,1,631.46,30.59
13623,3324,113,3,1637.48,11.41
13624,3932,587,4,529.38,92.63
13625,603,48,1,245.82,36.72
13626,2746,428,6,769.77,54.54
13627,2457,527,8,1290.4,26.62
13628,1633,71,3,2477.37,5.12
13629,1809,396,9,1087.9,30.21
13630,1273,240,8,2210.72,37.12
13631,2723,115,1,143.03,74.78
13633,3395,200,2,2320.86,22.61
13634,3426,226,8,611.19,5.9
13635,1005,298,8,992.61,19.6
13636,754,590,9,29.79,84.71
13637,4492,221,5,135.72,17.94
13638,4937,171,2,1724.66,23.42
13639,541,490,7,2034.06,56.4
13640,792,89,5,1231.78,84.55
13641,2470,554,4,1060.51,51.21
13642,4029,592,2,1741.25,26.5
13643,1098,64,6,1668.7,89.36
13644,2096,76,10,2036.69,24.73
13645,4346,44,9,1855.27,11.72
13646,914,477,7,1508.39,86.62
13647,2774,589,5,1601.84,79.47
13648,4900,526,2,1616.52,93.79
13649,3011,165,6,336.03,23.1
13650,2984,204,8,2203.64,28.43
13651,1054,51,3,1028.41,5.1
13652,41,58,9,2416.17,77.67
13653,170,195,6,1680.77,10.56
13654,1144,12,7,411.69,52.8
13655,2926,257,2,330.82,51.63
13656,3675,142,2,1029.62,93.81
13657,3716,161,3,993.03,56.97
13658,4232,547,5,479.63,58.07
13659,3885,115,7,2179.63,30.05
13660,4165,577,2,2263.56,42.28
13661,23,379,10,449.18,91.38
13662,2377,265,4,605.02,88.81
13663,1769,257,7,1952.91,53.44
13664,3328,503,5,1076.68,35.74
13665,3599,547,1,1061.69,4.79
13666,3783,476,8,1967.72,48.83
13667,1412,131,5,1189.73,16.28
13668,1022,81,5,1550.07,15.82
13669,148,517,3,281.99,78.65
13670,2453,428,7,2012.38,45.99
13671,4978,370,6,1688.37,28.53
13672,1104,503,1,2129.13,85.33
13673,809,460,6,1919.77,98.41
13674,812,245,2,352.11,31.15
13675,386,496,1,2088.27,62.97
13676,1372,281,3,819.5,50.01
13677,4529,331,10,66.04,40.23
13678,2880,565,4,961.06,13.09
13679,1370,250,6,547.56,94.14
13680,663,410,2,731.39,96.33
13681,4070,404,5,1413.17,17.57
13682,3181,323,3,2185.49,93.23
13683,1232,37,5,414.54,31.49
13684,220,205,4,2120.21,82.17
13685,2484,163,10,862.32,99.47
13686,4751,600,7,2378.36,51.71
13687,3081,418,4,2415.13,63.24
13688,4247,417,3,2297.88,70.06
13689,2680,502,5,1144.73,79.09
13690,4408,514,1,742.05,94.81
13691,361,182,2,2009.78,32.78
13692,2966,416,9,1922.2,73.24
13693,3949,35,3,1467.14,1.74
13694,3492,5,9,1807.77,34.59
13695,3898,375,5,1933.62,42.62
13696,4640,429,3,1635.3,11.35
13697,1403,143,9,448.47,3.05
13698,1144,334,5,1218.45,55.43
13699,3911,427,9,1581.31,49.02
13700,2325,43,1,1956.82,94.87
13701,241,394,2,575.11,32.56
13702,2520,321,6,2159.57,93.48
13703,819,69,2,1167.36,67.97
13704,4835,69,1,1795.92,81.47
13705,4480,332,7,963.39,96.78
13706,3386,102,1,2434.03,29.69
13707,3160,483,6,331.15,38.24
13708,3074,115,3,1068.2,31.37
13709,1208,219,3,167.15,15.79
13710,4374,41,4,1606.35,76.12
13711,311,102,5,1720.64,25.26
13712,4227,14,9,1884.91,66.25
13713,534,79,10,1994.27,23.39
13714,1809,275,3,1391.43,10.98
13715,1649,438,10,1943.1,53.69
13716,1491,18,5,312.81,97.36
13717,2099,366,6,544.62,31.01
13718,3037,508,7,1848.04,0.08
13719,2522,391,4,391.91,65.62
13720,2407,387,3,943.92,99.1
13721,1089,102,2,2276.97,66.34
13722,1919,125,7,690.38,68.1
13723,1581,304,8,1477.58,0.6
13724,2022,312,6,476.84,20.38
13725,3741,137,10,1084.56,67.97
13726,3453,563,10,215.24,68.43
13727,863,46,6,62.36,18.25
13728,4840,416,9,71.7,34.2
13729,2047,228,2,1293.91,81.95
13730,2250,131,3,1790.51,28.03
13731,1472,294,5,1597.45,8.72
13732,3129,225,9,2440.76,43.12
13733,2647,421,4,414.95,84.62
13734,1993,422,2,2499.42,62.81
13735,4028,553,2,2352.9,93.6
13736,1783,309,5,691.35,73.96
13737,3824,584,3,2235.0,81.58
13738,1155,567,3,1171.03,85.97
13739,3593,595,7,343.82,80.15
13740,1017,224,4,1974.85,43.57
13741,1032,156,9,2108.74,88.05
13742,1153,206,6,996.77,31.05
13743,227,80,5,208.75,62.65
13744,168,179,4,2414.06,21.5
13745,4311,353,2,2182.84,61.3
13746,1431,468,10,2011.93,22.94
13747,4076,31,7,2215.81,63.96
13748,2474,182,10,92.93,54.29
13749,4194,145,1,1296.39,9.14
13750,1684,94,6,976.83,85.37
13751,2000,82,10,2492.28,76.73
13752,4840,69,2,546.87,51.21
13753,2931,202,9,475.32,2.13
13754,2991,512,9,1550.19,28.59
13755,40,356,1,13.01,38.36
13756,1432,460,7,557.7,32.99
13758,3073,502,4,2428.72,56.54
13759,2487,60,8,2165.1,19.29
13760,3118,474,10,1487.56,27.2
13761,1807,413,6,1276.38,14.07
13762,1565,106,4,1332.2,17.8
13764,771,512,7,1682.0,79.79
13765,3505,47,5,1207.91,20.6
13766,3567,238,4,2229.69,76.63
13767,4112,580,10,2260.05,8.68
13768,1719,173,5,1251.14,20.33
13769,1555,45,1,134.28,40.11
13770,3185,487,4,374.45,29.12
13771,4176,570,9,1450.25,95.13
13772,986,126,1,255.7,99.27
13773,2412,355,1,2276.79,20.8
13774,2867,270,10,488.43,72.32
13775,332,345,6,1594.85,49.31
13776,272,50,10,1723.79,2.92
13777,199,26,4,1185.16,5.29
13778,1865,435,2,965.73,38.04
13779,4764,159,5,1141.16,82.39
13780,3391,249,9,967.23,7.93
13781,3670,526,8,1431.04,38.32
13782,4843,21,3,749.58,79.2
13783,3632,570,4,1818.01,5.7
13784,2646,413,2,1621.35,52.91
13785,1636,411,9,1104.32,4.32
13786,1553,194,3,759.9,25.68
13787,3847,423,6,148.24,47.13
13788,1218,177,6,2160.19,17.73
13789,1404,456,8,2408.54,61.4
13790,3845,7,6,1088.97,77.78
13791,1904,169,10,143.75,80.96
13792,4005,329,3,1604.28,84.39
13793,3750,396,8,43.34,98.37
13794,601,557,3,392.26,56.9
13795,3575,132,4,2124.25,8.62
13796,4092,426,7,1264.16,51.61
13797,1721,226,9,2124.12,35.87
13798,890,539,7,438.53,8.04
13799,4067,520,1,180.71,82.21
13800,1382,381,4,2069.33,88.19
13801,3347,83,4,1586.68,59.06
13802,2058,13,1,446.19,13.98
13803,2918,473,1,1455.19,45.62
13804,694,396,5,2347.54,39.6
13805,4827,390,8,2101.68,7.29
13806,2868,279,9,1508.66,61.83
13807,3739,489,5,352.99,23.81
13808,4237,296,6,2400.08,75.23
13809,207,137,4,1985.48,48.67
13810,3394,489,9,2392.65,93.72
13811,4486,157,7,1529.5,13.37
13812,4045,76,9,631.0,80.53
13813,1551,358,1,1533.66,67.26
13814,4965,527,9,643.73,48.22
13815,4217,269,6,2054.21,37.66
13816,1304,149,3,837.39,54.46
13817,4786,398,5,740.78,79.35
13818,1549,578,9,571.11,67.81
13819,1419,565,3,962.06,13.66
13820,2632,308,8,1076.03,19.27
13821,4955,128,10,1064.37,59.04
13822,996,128,1,486.85,23.87
13823,2188,232,10,66.28,97.56
13824,4181,65,5,368.08,6.0
13825,137,549,1,1594.29,22.36
13826,4657,473,6,82.09,73.01
13827,1739,492,4,1890.08,46.03
13828,1692,593,6,1068.57,65.86
13829,2183,560,8,1954.21,32.8
13830,1790,430,8,299.06,98.05
13831,2631,153,1,2327.71,91.7
13832,193,545,5,2025.27,87.67
13833,4916,329,2,250.78,34.37
13834,4544,319,6,2334.68,29.41
13835,2006,575,5,1579.8,25.25
13836,3926,273,8,253.66,89.66
13837,4282,469,5,2055.8,47.1
13838,2322,541,4,1116.99,85.65
13839,229,53,4,36.53,11.07
13840,2415,492,8,318.68,66.59
13841,3954,454,6,483.0,59.36
13842,389,432,3,404.25,73.61
13843,3150,538,4,913.37,2.09
13844,2115,366,5,908.67,45.25
13845,1079,144,2,2362.99,83.37
13846,1291,551,10,1868.39,48.47
13847,3058,250,7,832.83,49.96
13848,3759,32,9,1928.87,66.15
13849,4017,485,3,1059.54,71.18
13850,723,371,8,1273.8,66.31
13851,1519,489,2,1218.33,2.39
13852,2985,465,1,1867.42,10.19
13853,4136,112,7,1658.15,7.17
13854,4670,407,2,2161.01,10.49
13856,1686,124,7,838.52,88.14
13857,4180,494,6,1877.11,45.52
13858,4113,328,8,749.34,87.36
13859,3619,337,2,2260.08,20.93
13860,3148,532,10,386.72,44.63
13861,2142,354,7,2465.01,69.88
13862,3737,235,9,953.17,9.86
13863,4684,265,3,1304.58,95.79
13864,1207,373,5,893.85,82.09
13865,2628,365,4,1343.64,28.32
13866,1430,16,1,2235.93,71.6
13867,3670,231,8,489.95,52.28
13868,579,347,3,932.03,96.08
13869,1672,309,2,660.95,77.11
13870,1982,205,5,1683.42,96.85
13871,1312,139,1,814.24,23.86
13872,1951,341,9,72.78,91.63
13873,4545,185,7,1027.58,96.93
13874,1053,52,3,2458.86,1.19
13875,395,57,8,56.61,55.07
13876,961,82,7,1679.16,93.22
13877,2495,569,1,552.69,1.22
13878,4724,321,3,405.37,12.86
13879,4970,191,2,1855.02,27.73
13880,4338,185,6,1047.02,15.86
13881,3707,19,10,561.09,23.31
13882,1149,221,9,2189.24,59.61
13884,3175,269,5,2118.81,6.81
13885,2474,389,5,500.83,11.37
13886,4547,431,9,2341.65,49.92
13887,3020,182,4,1407.58,67.4
13888,2122,97,6,2319.69,15.63
13889,4041,70,8,1615.01,20.43
13890,265,497,2,964.78,74.29
13891,3077,256,10,1089.22,44.78
13892,1371,140,3,1502.18,41.2
13893,4278,395,5,2239.74,21.33
13894,142,385,9,2394.23,15.24
13895,583,85,1,1491.49,89.01
13896,1616,470,2,737.54,96.4
13897,2095,525,10,554.77,98.93
13898,813,8,3,1320.94,51.58
13899,4385,384,1,2213.04,61.8
13900,1566,254,7,1783.36,53.25
13901,977,591,5,494.43,77.78
13902,4260,317,4,1932.15,13.19
13903,2134,153,7,1910.54,22.12
13904,593,323,4,2476.1,74.83
13905,745,333,5,1480.28,4.91
13906,2786,308,8,1905.44,44.82
13907,2546,74,9,71.78,60.25
13908,4871,485,8,214.94,1.11
13909,3224,431,7,1168.75,56.7
13910,974,178,9,2305.5,83.48
13911,4962,558,8,2366.51,15.32
13912,654,442,3,2318.25,74.01
13913,3175,552,9,1096.83,93.53
13914,3383,152,5,1527.14,52.02
13915,2704,562,2,1764.32,85.0
13916,1173,299,7,553.73,91.21
13917,2439,88,4,134.66,71.39
13918,3889,504,1,1134.11,32.31
13919,1866,580,8,1914.8,39.05
13920,1936,21,9,2265.67,71.93
13921,1859,177,4,1435.94,38.34
13922,4655,84,1,1568.83,88.45
13923,2888,221,8,526.42,48.89
13924,4771,237,9,28.54,51.91
13925,2227,65,8,2166.15,18.56
13926,550,327,8,1648.43,70.55
13927,4643,526,10,2217.96,96.12
13928,1524,505,3,1531.65,17.58
13929,3080,112,3,362.88,8.32
13930,3750,27,4,1360.59,12.17
13931,430,488,9,1630.95,46.15
13932,4423,322,2,1355.7,85.62
13933,619,384,7,2201.09,98.88
13934,307,321,5,1564.48,88.69
13935,739,465,6,1084.96,49.34
13936,3172,594,5,1128.15,90.25
13937,3146,524,4,1233.61,99.15
13938,4126,470,8,679.65,29.48
13939,172,509,4,207.6,54.05
13941,547,583,8,1040.44,9.16
13942,1762,373,2,1532.53,27.33
13943,3321,175,7,899.27,95.36
13944,3909,334,9,475.52,83.61
13945,4204,495,9,698.86,47.08
13946,2157,208,3,897.48,30.24
13947,1955,494,8,1717.96,60.25
13948,785,188,6,775.76,22.47
13949,4036,64,4,1702.82,93.88
13950,1550,85,5,1200.61,53.65
13951,1710,526,1,217.04,60.71
13952,4462,317,1,725.69,81.2
13953,3636,65,9,1121.35,78.91
13954,1089,497,1,2140.38,63.09
13955,3370,43,6,321.35,94.91
13956,4135,365,6,472.28,44.24
13957,1082,429,9,1840.84,23.38
13958,3956,62,4,818.55,55.98
13959,3803,586,2,426.71,83.92
13960,3900,187,10,1475.82,45.79
13961,632,39,6,1655.14,42.6
13962,4491,378,5,1729.51,1.0
13963,1755,165,4,107.84,19.99
13964,2013,5,9,288.82,17.89
13965,3952,490,2,1765.26,26.87
13966,2138,339,9,687.43,60.47
13967,2803,173,1,699.49,1.09
13968,3631,278,6,739.86,64.55
13969,2783,11,1,1429.64,86.97
13971,3170,139,3,76.04,56.63
13972,3475,554,1,1648.38,5.37
13973,3177,286,8,731.81,85.31
13974,1198,475,9,2310.65,76.65
13975,4602,217,7,2231.72,52.18
13976,1924,484,5,2005.34,38.0
13977,3173,223,9,1562.57,8.02
13978,2396,468,2,1154.6,16.14
13979,2458,465,1,138.45,18.4
13980,2290,534,3,1245.7,64.83
13981,4637,387,7,704.07,40.88
13982,1114,430,9,2001.65,77.77
13983,2522,66,2,2359.26,25.94
13984,2794,255,8,873.16,58.81
13985,115,155,9,937.49,73.01
13986,1672,500,1,1388.65,57.24
13987,3594,409,5,116.26,62.02
13988,3305,148,9,2343.86,47.92
13989,2989,201,6,977.08,69.29
13990,2156,138,9,2168.93,75.93
13991,2983,338,9,373.02,72.93
13992,1802,482,2,427.87,96.66
13993,283,414,6,66.84,38.92
13994,1110,335,8,1338.95,14.8
13995,2085,32,8,125.68,78.91
13996,3029,59,6,1493.22,21.83
13997,1049,14,2,1314.52,75.65
13998,2704,285,9,970.79,33.81
13999,4865,360,3,1166.04,43.75
14000,2691,582,6,978.77,57.85
14001,4386,344,1,1936.58,24.85
14002,3929,209,9,1210.2,38.8
14003,2636,525,8,2029.33,20.34
14004,4944,299,6,155.76,71.79
14005,239,20,8,1356.73,37.73
14006,1619,298,8,1989.94,24.88
14007,3660,501,8,1557.38,56.32
14008,4380,255,6,610.94,92.29
14009,1378,402,8,236.63,57.54
14010,3861,565,7,249.08,77.3
14011,2029,461,5,2350.21,45.56
14012,3024,26,4,2209.84,80.36
14013,4813,58,9,1335.88,12.56
14014,4044,475,3,2407.33,64.96
14015,4078,73,2,1755.65,88.32
14016,1939,593,3,267.15,51.52
14017,3271,104,9,1556.62,91.18
14018,490,355,1,528.18,88.86
14019,1487,454,7,1792.47,27.35
14020,2849,133,3,2146.72,57.82
14021,519,409,6,136.35,51.19
14022,4367,127,3,556.82,28.74
14023,1715,420,9,1805.59,4.74
14024,3283,258,2,368.68,34.67
14025,4919,313,9,426.11,47.53
14026,3941,347,6,736.0,43.75
14027,2044,263,3,935.54,31.27
14028,650,307,6,1080.83,14.32
14029,2699,544,9,867.81,94.29
14030,2219,306,4,1809.72,65.27
14031,3713,122,3,257.81,73.63
14032,164,551,4,1683.43,86.95
14033,2736,584,1,1117.8,47.46
14034,2757,5,1,1333.57,93.53
14035,2610,318,9,234.28,8.29
14036,1873,74,6,1391.04,70.46
14037,1796,287,5,898.41,25.77
14038,2296,269,2,1044.06,9.74
14039,1433,398,7,590.92,59.31
14040,3298,351,2,1150.23,51.8
14041,947,161,3,1908.33,0.36
14042,4042,126,2,2117.33,83.0
14043,1227,451,9,1705.93,7.43
14044,3923,326,10,2018.35,50.48
14045,1360,249,7,290.63,75.13
14046,1547,422,10,1120.5,41.2
14047,3646,206,10,278.57,92.9
14048,2134,54,8,293.32,17.35
14049,849,39,8,1777.33,89.69
14050,2752,376,8,1050.57,20.88
14051,4924,68,4,583.43,23.25
14052,405,465,5,1628.76,79.65
14053,3293,268,5,1429.57,87.71
14054,2164,482,7,1199.2,63.68
14055,738,176,2,855.25,90.19
14056,883,574,9,1279.16,61.97
14057,4956,111,7,1362.96,13.53
14058,1550,522,5,1625.75,87.07
14059,3879,470,2,305.75,70.26
14060,1277,92,1,173.73,96.66
14061,4565,214,10,1535.49,64.81
14062,4314,421,3,2349.44,88.14
14063,1171,342,2,773.36,49.62
14064,3799,394,10,157.57,92.0
14065,218,106,9,2195.94,6.58
14066,3825,596,1,1539.49,26.97
14067,2709,416,2,1727.89,62.42
14068,4321,431,9,416.88,46.13
14069,1921,136,10,1565.97,57.03
14070,4333,69,1,342.14,66.08
14071,1067,187,5,698.46,61.77
14072,698,578,10,1571.34,29.26
14073,4201,297,3,1161.55,0.17
14075,3109,248,5,1061.83,64.06
14076,2544,338,3,403.24,49.94
14077,2838,348,9,570.53,82.12
14078,1488,167,4,852.53,17.6
14079,4355,521,5,2481.82,8.98
14080,2467,591,6,16.4,21.17
14081,3939,580,10,2349.62,53.75
14082,4375,315,9,884.68,50.0
14083,1414,560,8,66.63,68.56
14084,1639,487,9,385.17,20.36
14085,323,492,3,359.59,20.45
14086,4061,33,9,1675.5,19.18
14087,4106,123,4,1004.75,49.82
14088,2863,88,5,1396.09,4.52
14089,2226,530,5,1251.64,26.55
14090,3582,324,9,2122.82,3.41
14091,673,192,4,336.04,39.7
14092,4260,269,9,1350.33,0.11
14093,189,406,6,1303.76,26.15
14094,4187,152,3,1945.17,19.54
14095,3230,404,6,1657.6,28.64
14096,615,524,4,245.01,32.45
14097,3173,501,9,945.49,67.92
14098,3358,483,5,1229.63,13.96
14099,4662,225,9,1605.26,22.63
14100,2226,41,3,1623.71,82.71
14101,2865,415,7,2024.32,49.13
14102,4720,88,8,1487.9,93.24
14103,2924,270,3,450.79,86.78
14104,4239,241,10,1167.04,49.96
14105,2997,21,6,1509.21,16.33
14106,3100,250,4,1054.51,3.41
14107,2381,311,2,2464.97,57.91
14108,353,36,3,1987.5,30.14
14109,4631,165,6,1603.55,22.34
14110,1735,177,7,402.93,42.85
14111,4381,341,9,564.86,60.39
14112,2271,91,5,2224.92,31.56
14113,2252,86,10,715.34,46.36
14114,619,363,2,971.87,55.38
14115,1685,315,2,2491.02,25.12
14116,2487,247,2,1508.71,96.92
14117,1762,326,3,953.74,43.32
14118,3915,83,5,682.9,69.98
14119,171,512,8,479.81,87.9
14120,1828,203,9,1706.44,52.29
14121,2445,61,8,1082.13,1.59
14122,4476,184,3,2119.56,49.14
14123,3543,333,8,2473.36,91.32
14124,4966,194,5,2065.22,44.53
14125,3151,423,7,125.1,65.1
14126,899,359,1,546.6,35.22
14128,525,519,5,1875.06,59.97
14129,4918,453,2,1172.72,71.88
14130,4855,390,10,204.02,93.56
14131,423,582,4,2043.02,93.4
14132,1268,274,8,438.63,34.66
14133,4863,550,3,1209.5,15.08
14134,1074,453,9,1505.62,26.74
14135,3572,320,6,213.11,92.38
14136,1613,240,2,1033.74,4.86
14137,2701,263,6,1940.52,10.19
14138,292,215,9,119.02,31.69
14139,1631,237,4,1399.24,97.12
14140,1027,95,10,2085.73,1.32
14141,1922,130,10,1617.04,27.84
14142,436,338,10,998.48,18.72
14143,711,161,6,66.37,61.98
14144,1431,68,4,2007.07,96.97
14145,3369,352,1,1113.27,34.23
14146,4055,222,2,2261.21,13.64
14147,799,334,8,2073.89,50.18
14148,1575,13,2,358.48,23.08
14149,4663,157,3,1715.56,55.79
14150,806,127,9,863.54,10.38
14151,2831,54,10,2118.98,87.65
14152,4012,126,10,910.74,44.2
14153,2003,358,6,1527.95,46.42
14154,1787,107,6,87.37,61.11
14155,1724,295,6,1531.43,98.53
14157,3520,102,4,1200.36,63.99
14158,2746,117,4,1062.95,39.31
14159,708,204,1,523.5,97.53
14160,3766,188,10,1682.84,69.11
14161,635,88,4,591.1,65.64
14163,3731,232,5,1352.22,49.37
14164,1502,455,9,1581.82,28.57
14165,774,29,8,1852.92,99.91
14166,103,26,10,1393.21,99.14
14167,3143,423,1,11.73,43.25
14168,121,539,6,1320.08,25.43
14169,3092,101,4,140.53,62.13
14170,185,153,1,2418.33,3.92
14171,2645,528,10,1550.46,59.41
14172,3085,327,7,164.09,20.85
14173,1304,343,9,340.83,48.25
14174,1288,80,10,2003.53,39.34
14175,3575,179,6,2393.58,28.29
14176,2732,29,4,662.41,11.98
14177,4815,202,1,669.61,13.87
14178,1762,378,4,910.95,67.39
14179,4534,494,10,592.1,66.52
14180,357,243,6,793.87,51.06
14181,1615,341,2,768.25,34.88
14182,674,59,9,710.3,61.89
14183,2744,579,8,1617.13,18.19
14184,1606,130,6,1413.12,54.37
14185,3122,394,10,1509.31,82.25
14186,4585,73,2,2394.22,1.02
14187,2189,380,6,1164.86,39.81
14188,4372,551,6,2003.18,45.36
14189,3803,366,10,1432.44,19.28
14190,1457,46,10,1539.85,82.5
14191,474,311,3,1741.5,28.84
14192,328,177,4,431.35,53.86
14193,762,540,10,1052.51,23.58
14194,3590,451,8,1438.35,35.0
14195,2040,18,5,1227.48,91.86
14196,6,312,1,1495.47,17.28
14197,4293,49,2,684.45,55.84
14198,3838,536,10,1945.49,12.26
14199,1111,173,10,624.78,76.97
14200,3571,349,6,2351.6,13.49
14201,366,437,3,1768.52,87.23
14203,2266,295,3,103.26,59.11
14204,2834,129,9,32.12,68.46
14205,3110,530,8,1211.91,76.06
14206,781,288,1,2076.56,67.27
14207,629,576,6,347.62,6.3
14208,4095,183,7,1019.27,19.44
14209,471,193,3,435.48,2.53
14210,3997,76,3,1321.02,76.51
14211,3436,504,9,2312.6,20.29
14212,4352,45,9,424.64,41.41
14213,3630,407,7,2455.04,94.69
14214,2595,537,7,216.15,49.76
14215,2134,119,3,1011.48,98.02
14216,2509,279,7,1867.38,49.02
14217,3315,175,9,654.89,59.96
14218,1574,61,5,201.97,81.88
14219,3423,228,9,1943.19,39.97
14220,2524,247,5,1948.33,1.28
14221,2303,354,8,1412.32,63.6
14222,1756,233,3,1094.72,25.17
14223,4974,214,2,1147.76,24.74
14224,682,42,6,2457.4,91.86
14225,4999,342,2,2485.82,37.68
14226,793,444,8,1275.66,28.16
14227,4468,79,3,1151.73,12.66
14228,758,376,3,1870.34,51.75
14229,1655,142,8,1363.77,13.2
14230,4121,271,4,747.75,95.69
14231,2308,147,10,1952.01,78.03
14232,3103,317,3,1523.42,85.54
14233,22,458,2,214.05,17.74
14234,4204,108,8,2045.55,14.99
14235,4541,70,10,1288.16,45.53
14236,4172,32,7,527.63,96.33
14237,1433,377,1,1204.91,99.82
14238,2808,560,4,1336.11,56.77
14239,1248,115,7,1488.52,88.61
14240,1319,497,2,740.26,93.4
14241,1901,499,10,996.44,0.32
14242,1741,135,3,1354.56,96.13
14243,4462,348,10,1227.2,25.24
14244,4705,91,4,905.84,73.21
14245,1447,341,1,1218.21,35.91
14246,684,42,1,2007.42,86.68
14247,2488,150,6,1150.55,52.6
14248,1371,526,9,1864.87,65.1
14249,1863,265,5,2209.76,69.08
14250,4615,143,10,1211.93,95.57
14251,2364,141,10,97.29,36.81
14252,2873,366,10,1171.78,16.17
14253,2929,1,3,1636.93,79.04
14254,2500,170,6,744.7,80.82
14255,1161,3,10,1596.05,73.27
14256,4081,254,3,839.18,86.31
14257,1697,90,5,1837.09,36.7
14258,3082,427,9,1103.22,43.59
14259,3439,408,2,501.07,49.98
14260,4170,517,4,1756.74,15.41
14261,41,182,9,481.83,12.75
14262,1123,165,5,1761.93,77.06
14263,3737,129,2,730.23,28.79
14264,4087,154,2,1616.12,86.6
14265,4714,228,3,1579.11,31.12
14266,4507,102,6,1344.65,9.47
14267,2416,488,1,1644.25,9.52
14268,587,557,5,846.39,95.83
14269,3585,178,5,556.18,55.89
14270,4901,287,8,429.99,93.09
14271,1983,120,1,905.76,57.59
14272,316,38,2,1033.85,22.05
14273,3786,379,9,1967.07,54.64
14274,3920,484,10,1282.43,68.93
14275,498,468,6,1898.52,29.25
14276,2205,453,8,2374.71,1.33
14277,2339,130,5,1796.55,45.78
14278,1780,365,10,2298.2,12.13
14279,4000,338,7,2145.62,61.15
14280,4456,209,5,561.85,57.25
14281,2190,227,10,588.31,53.23
14282,2705,484,8,32.86,15.93
14283,1510,289,8,1854.88,18.95
14285,2805,443,2,2437.81,55.1
14286,4055,473,7,1371.59,0.19
14287,2119,133,8,2175.19,33.06
14288,4506,381,7,383.39,90.03
14289,4402,172,7,518.44,69.02
14290,3156,129,8,1514.12,37.94
14291,888,313,1,2208.63,12.9
14292,2136,415,5,1036.55,78.91
14293,4494,149,9,1801.23,72.96
14294,2913,466,3,1062.89,40.44
14295,4854,366,5,324.84,15.26
14296,235,303,5,1937.17,55.98
14297,2016,492,4,2401.49,18.67
14298,2790,201,4,2334.4,10.55
14299,314,430,3,1409.14,18.66
14300,614,463,7,304.48,64.27
14301,4432,44,8,921.1,21.45
14302,1899,26,5,2480.03,26.64
14303,2683,448,2,1521.53,94.92
14304,1219,425,1,1127.43,99.35
14305,404,212,8,2315.14,82.4
14306,3086,444,5,1766.7,13.03
14307,177,492,1,2140.05,78.18
14308,3623,130,1,700.83,8.42
14309,4178,355,3,1037.51,4.78
14310,3337,552,2,448.01,33.29
14311,4892,318,1,202.56,41.77
14312,1410,44,7,941.35,77.14
14313,201,136,4,90.49,38.65
14314,3076,103,6,221.52,93.67
14315,3521,214,7,2007.98,26.78
14316,1556,572,9,1924.44,49.78
14317,2813,265,1,1304.93,2.23
14318,4544,104,9,1956.41,33.58
14319,495,194,9,493.09,14.91
14320,2454,444,1,936.55,55.59
14321,181,265,7,165.48,17.18
14322,1504,547,3,1300.8,42.05
14323,3252,486,3,2397.57,20.56
14324,479,514,5,2493.7,39.37
14325,3990,305,2,2364.35,98.46
14326,748,94,9,1321.28,57.95
14327,218,452,8,248.39,43.55
14328,381,574,2,660.51,86.4
14329,2781,329,4,34.49,71.07
14330,4273,127,3,1266.35,90.31
14331,1018,133,2,1160.15,23.06
14332,346,50,9,1829.53,6.21
14333,1764,100,1,136.67,79.44
14334,2557,169,5,652.98,77.37
14335,1638,63,10,525.45,18.82
14336,1622,310,6,231.68,4.68
14337,791,199,8,2021.66,78.29
14338,2182,165,3,1708.63,54.31
14339,442,4,7,1468.21,35.73
14340,1106,27,10,2474.18,58.02
14341,3852,330,3,604.79,55.54
14342,93,302,4,1281.3,32.74
14343,2862,27,5,1687.54,37.03
14344,3234,27,8,246.14,97.21
14345,2464,299,7,908.62,69.54
14346,533,344,7,1872.83,57.36
14347,20,310,2,1483.39,74.06
14348,3824,584,9,846.21,4.03
14349,2246,353,7,347.05,96.58
14350,4437,235,2,1895.82,57.9
14351,1363,481,7,1374.17,94.21
14352,770,387,2,1471.15,83.7
14353,2424,384,1,2025.26,69.63
14354,977,566,1,2100.24,38.05
14355,2520,580,8,2075.88,90.37
14356,2083,127,6,22.64,39.34
14357,378,536,9,1505.16,88.01
14358,3163,385,9,1672.05,42.4
14359,336,406,4,975.17,59.06
14360,95,386,7,922.24,16.1
14361,1767,388,6,1935.32,31.58
14362,4477,1,10,965.16,38.97
14363,4918,206,10,946.68,9.12
14365,42,498,7,334.72,79.73
14366,4087,360,6,2393.31,66.99
14367,191,319,4,645.4,19.43
14368,2308,81,7,1677.35,95.74
14369,3201,137,5,270.6,4.86
14370,2497,152,10,1937.56,38.83
14371,2069,267,2,333.78,50.25
14372,590,249,8,223.03,45.39
14373,4842,7,6,2300.98,53.55
14375,2051,210,3,621.65,18.96
14376,2780,346,3,1138.63,91.33
14377,382,577,7,2195.75,29.44
14378,2516,541,1,1527.15,31.08
14379,3245,320,10,717.85,51.69
14380,1868,52,4,493.96,39.09
14381,650,101,10,1217.83,86.75
14382,844,417,5,335.2,27.63
14383,4323,159,9,710.33,89.09
14384,4453,229,1,1042.2,79.84
14385,2326,398,4,2180.16,57.11
14386,1795,319,4,1503.23,96.95
14387,4403,519,6,1151.83,68.36
14388,13,475,1,602.5,70.24
14389,26,594,9,2367.74,85.68
14390,981,463,2,2056.5,48.54
14391,4245,398,10,1432.18,43.01
14392,4798,310,1,1039.97,44.49
14393,3091,567,4,1110.2,91.15
14394,2121,596,7,290.29,84.26
14395,424,306,3,641.07,97.42
14396,2172,301,6,2275.91,1.63
14397,3787,364,3,2237.95,51.24
14398,2188,317,1,2413.61,65.22
14399,1435,254,7,1342.09,57.74
14400,2931,17,8,2051.99,82.25
14401,709,530,9,893.0,75.89
14402,5000,33,5,1525.15,23.38
14403,1213,162,6,1399.27,29.01
14404,1220,400,7,1610.12,21.28
14405,2625,192,8,1110.8,63.22
14406,2258,497,4,1570.11,14.37
14407,297,251,6,1942.49,12.69
14409,4020,113,6,1130.08,30.53
14410,1386,517,5,905.07,28.52
14411,3371,92,1,1320.47,6.05
14412,4306,401,8,317.61,38.45
14413,2119,261,4,392.72,31.89
14415,1304,109,8,2482.1,44.77
14416,1323,120,2,1484.59,5.09
14417,75,415,6,1951.58,35.15
14418,1156,352,10,1601.25,87.56
14419,3597,212,7,728.05,57.82
14420,404,20,1,701.06,44.25
14421,513,405,10,1662.08,59.2
14422,3948,423,7,1139.55,12.04
14423,2075,463,8,2299.02,76.83
14424,3878,443,8,1972.07,10.46
14425,3225,464,5,612.53,43.12
14426,2347,80,4,2499.04,56.27
14427,2420,302,1,2237.29,64.54
14428,4306,498,7,293.43,50.84
14429,186,129,5,1112.06,31.58
14430,4445,507,2,551.31,53.45
14431,4578,263,6,2336.43,83.88
14432,2954,172,7,1298.21,36.2
14433,993,584,6,788.96,6.54
14434,3800,137,6,10.09,79.02
14435,392,564,6,160.22,44.68
14436,1987,12,2,2077.88,28.09
14437,4957,437,10,2299.82,2.02
14439,4946,391,1,1462.59,99.36
14440,1168,5,8,1001.28,71.38
14441,682,146,4,1690.84,45.83
14442,3406,238,2,814.18,41.53
14443,2398,54,2,896.06,41.0
14444,1396,580,5,954.62,18.45
14445,2867,371,4,929.43,24.82
14446,4761,414,6,2025.28,59.14
14447,2042,170,8,1984.13,38.83
14448,636,525,2,1943.66,79.26
14449,3592,40,5,2367.34,2.66
14450,2085,442,6,1390.13,72.66
14451,4673,432,10,2127.55,4.91
14452,2642,195,9,1335.02,78.33
14453,1429,557,3,1308.82,74.66
14455,3922,397,5,253.0,75.21
14456,4126,506,8,1202.53,76.78
14457,1764,433,1,1922.21,27.6
14458,746,92,8,1321.88,22.97
14459,864,564,1,693.13,74.02
14460,1748,7,6,1663.13,58.46
14461,4341,412,2,1530.94,76.54
14462,981,262,8,925.28,33.57
14463,2747,57,1,696.29,27.91
14464,4545,530,7,409.85,66.08
14465,1432,399,10,1549.61,46.36
14466,3321,474,4,398.45,84.55
14467,3749,531,4,694.13,67.39
14468,1162,407,4,1251.51,81.02
14469,4187,578,6,2328.52,16.63
14470,3381,343,2,748.68,54.05
14471,2946,69,4,1704.9,57.75
14472,4310,599,7,825.86,71.45
14473,1739,374,8,1666.05,94.33
14474,1399,16,6,1211.0,20.25
14476,423,340,1,362.18,18.79
14477,3263,299,7,2067.69,86.75
14478,3300,502,4,288.35,87.68
14479,2845,81,10,746.47,54.62
14480,740,159,5,691.15,78.4
14481,2673,374,2,1640.56,36.75
14482,4777,247,8,2107.93,91.63
14483,428,409,8,1646.57,43.04
14484,3637,586,3,1658.92,43.84
14485,1606,224,10,1349.89,25.64
14486,2666,335,6,1793.79,59.6
14487,577,303,6,1415.98,70.42
14488,311,92,7,36.69,43.07
14489,3831,510,8,202.93,78.15
14490,4105,208,10,2393.33,66.61
14491,4279,545,4,734.69,55.19
14492,4293,576,7,1302.38,31.91
14493,4422,341,4,1836.05,54.87
14494,4335,273,8,2364.75,29.29
14495,3469,448,2,1032.84,30.47
14496,3781,272,3,178.09,63.11
14497,228,556,7,175.42,99.96
14498,2603,510,3,1282.42,36.24
14499,1060,294,3,2160.24,35.6
14500,1817,313,2,1554.58,47.78
14501,4441,389,4,1954.27,12.64
14502,1988,554,5,1251.47,82.95
14503,411,256,10,1624.84,88.52
14504,962,25,6,802.25,59.04
14505,1265,384,10,763.88,5.48
14506,4414,173,10,1546.42,51.79
14507,2006,174,3,103.19,95.13
14508,4988,101,5,63.81,78.27
14509,3955,378,5,325.26,30.89
14510,778,387,4,1536.21,43.41
14511,212,418,9,1488.71,50.26
14512,219,599,4,1440.87,95.37
14513,3398,140,9,1758.76,83.91
14514,1294,65,10,484.47,88.84
14515,3867,242,8,2221.36,27.44
14516,848,170,5,162.05,89.77
14517,2611,360,3,446.82,75.06
14518,4499,189,2,327.27,8.13
14519,191,324,1,1856.73,70.23
14520,4822,125,5,672.61,18.77
14521,1850,469,8,777.15,45.61
14522,1808,328,2,622.59,94.26
14523,4996,593,4,1067.6,43.56
14524,4452,499,1,929.97,38.87
14525,2878,443,3,2338.46,51.47
14526,4520,238,3,2402.18,6.12
14527,4879,159,6,1827.87,50.43
14528,4429,210,4,313.11,40.18
14529,2356,271,1,1328.76,27.47
14530,4012,600,2,1752.22,39.48
14531,1658,190,3,945.29,84.73
14532,3418,450,4,773.85,86.04
14533,4604,509,4,2134.47,98.84
14534,1401,430,3,173.14,13.24
14535,3731,429,9,2296.37,61.29
14537,2685,179,3,1757.87,71.09
14538,4451,408,5,470.55,63.53
14539,1567,284,8,1128.17,29.17
14540,2976,3,3,1044.67,42.87
14541,1954,574,7,423.91,5.32
14542,3571,366,4,2234.28,88.66
14543,3308,10,8,1185.39,99.17
14544,4356,453,7,2484.84,19.8
14545,1357,99,4,1798.11,92.41
14546,638,577,10,1453.77,15.32
14547,1289,437,9,1257.83,79.33
14548,327,99,6,1211.39,70.16
14549,2373,57,10,2457.95,36.13
14550,1297,303,4,1144.73,29.46
14551,1409,29,9,968.44,89.55
14552,3045,228,3,381.0,5.46
14553,692,334,5,2333.47,28.94
14554,1750,482,7,2120.4,95.39
14555,3603,546,8,1317.47,84.64
14556,3725,60,7,1929.84,0.36
14557,3512,439,10,398.47,70.47
14558,4053,426,5,1306.96,79.19
14559,685,120,5,2180.99,2.32
14560,4547,394,3,221.4,80.35
14561,2009,586,9,817.91,66.3
14562,1680,62,3,481.75,73.17
14563,3015,500,8,1406.09,86.77
14564,137,148,5,984.17,22.45
14566,4726,532,8,186.37,64.77
14567,457,117,1,743.87,27.48
14568,1822,271,4,131.92,56.74
14569,3935,269,2,816.36,86.97
14570,3835,287,2,1596.71,85.75
14571,736,258,3,1209.21,26.95
14572,1069,207,9,1290.58,27.53
14573,1371,52,3,2366.82,1.13
14574,2270,144,10,347.27,42.39
14575,1782,436,2,706.86,24.61
14576,3451,590,2,441.44,7.52
14577,1338,41,6,1754.43,50.54
14578,2427,528,3,215.25,6.03
14579,68,304,5,1195.41,29.3
14580,4850,519,6,663.79,13.62
14581,1157,481,9,2421.63,51.08
14582,885,491,5,1870.53,7.8
14583,1861,537,10,1298.84,39.8
14584,1939,437,7,2192.2,66.3
14585,4488,356,3,594.35,63.46
14586,655,567,1,1218.45,65.01
14587,2689,10,8,1871.66,24.94
14588,4532,169,2,226.86,28.61
14589,806,281,4,897.77,18.31
14590,333,552,2,236.56,54.47
14591,1209,590,4,2336.47,61.42
14592,3383,22,9,1506.04,39.33
14593,1861,201,1,1730.55,35.8
14594,492,94,8,997.88,89.73
14595,3370,597,10,605.96,72.56
14596,3241,560,3,1930.85,99.77
14597,2045,58,3,44.06,77.63
14598,1088,521,4,123.44,14.68
14599,3543,554,8,2002.38,24.73
14600,4773,479,1,173.41,49.77
14601,2552,335,5,1991.65,69.7
14603,3436,262,1,2443.51,82.68
14604,1351,517,7,1772.96,97.48
14605,3134,150,1,1054.76,69.32
14606,3167,55,4,249.12,24.76
14607,3555,308,10,2415.68,45.07
14608,1220,145,9,720.09,26.83
14609,1820,261,3,1277.9,42.24
14610,4511,86,10,2282.02,10.58
14611,4478,119,8,1579.33,47.18
14612,2901,97,10,2232.12,19.45
14613,2672,218,5,1549.74,74.84
14614,1776,168,6,234.14,61.59
14615,4912,554,2,1573.78,78.89
14616,2898,379,9,185.82,6.77
14617,336,458,7,1933.67,41.1
14618,1550,241,8,323.75,24.62
14619,2732,88,9,1038.26,86.96
14621,522,60,2,681.84,27.21
14622,1630,539,7,847.19,54.77
14623,4750,238,6,576.23,75.6
14624,595,22,5,916.22,59.01
14625,1009,469,9,178.18,65.99
14626,1228,502,7,837.74,16.02
14627,3307,255,4,369.56,26.08
14628,3149,377,1,255.93,64.1
14629,3745,39,4,183.81,71.65
14630,2423,33,3,1035.74,44.86
14631,519,571,10,2083.69,26.24
14632,760,75,9,2426.59,35.12
14633,1514,42,1,1867.14,7.11
14634,4792,431,2,937.15,19.26
14635,3078,244,7,51.93,29.43
14636,2030,551,7,790.99,23.5
14638,814,193,4,1185.67,85.42
14639,3317,54,4,142.83,27.85
14640,4418,401,3,220.7,59.27
14641,3607,362,10,415.71,94.72
14642,3256,85,10,1805.28,50.13
14643,495,186,6,1330.52,54.81
14644,1664,511,1,553.54,20.25
14645,2897,290,6,2288.62,62.1
14646,1643,102,7,2018.31,4.79
14647,315,247,5,961.19,85.4
14648,4635,178,9,587.71,19.72
14649,1982,588,6,2079.81,72.53
14650,1221,327,8,28.02,22.4
14651,2722,554,8,819.6,65.35
14652,3268,323,4,524.56,53.26
14653,3475,143,5,1679.46,33.89
14654,4568,343,5,573.17,30.8
14655,4005,79,9,310.95,66.21
14656,1568,177,1,202.52,34.7
14657,316,253,8,30.21,29.8
14658,1416,178,3,1399.54,50.86
14659,4346,46,10,1247.43,35.37
14660,1919,129,4,1002.43,18.33
14662,3126,21,3,1517.44,76.55
14663,93,232,9,724.28,99.0
14664,328,384,6,1158.56,90.68
14665,3863,87,5,887.11,13.83
14666,1239,166,8,655.6,4.7
14667,2925,574,10,308.2,76.01
14668,2921,535,9,893.38,18.44
14669,4623,274,6,1183.31,50.74
14670,4570,264,9,1140.07,88.91
14671,3118,572,10,1817.1,50.8
14672,3497,382,8,2416.23,6.19
14673,1769,600,8,2089.89,80.04
14674,1790,63,3,408.75,89.61
14675,4788,257,1,1312.09,87.22
14676,2455,367,6,1826.5,86.72
14677,833,412,5,1270.58,77.13
14678,1719,46,7,636.06,26.27
14679,2832,567,10,516.52,11.72
14680,3713,218,3,85.89,14.49
14681,4477,299,5,1539.07,4.12
14682,1319,66,10,1823.06,34.78
14683,2012,20,4,89.13,84.01
14684,687,108,9,1704.01,73.96
14685,2864,47,8,1103.09,70.73
14686,3521,166,8,2264.32,82.64
14687,4620,133,5,218.2,99.41
14688,355,212,6,1756.46,94.26
14689,4401,274,1,1990.49,6.88
14690,2357,328,9,2083.37,21.83
14691,1112,423,8,513.89,87.37
14692,1965,45,8,1948.07,19.63
14693,2100,208,6,1236.0,84.57
14694,2955,290,6,1664.22,49.23
14695,2975,316,7,884.44,59.17
14696,532,122,6,667.9,80.17
14697,4897,372,5,38.76,39.38
14698,1373,130,1,932.19,34.36
14699,3369,20,7,2183.4,14.84
14700,2622,426,8,1598.24,28.66
14701,3073,459,6,1787.09,82.51
14702,4419,276,3,1653.41,29.6
14703,3247,322,9,324.85,53.04
14704,2500,330,8,1846.81,9.62
14705,3340,143,1,1006.16,81.82
14706,2905,220,9,1731.32,59.95
14707,3902,147,5,1211.01,25.41
14708,2393,350,9,623.35,18.78
14709,3571,563,1,2074.74,39.41
14710,2864,253,2,330.89,18.42
14711,4093,470,8,813.4,40.48
14712,53,70,4,1303.0,82.49
14713,4809,422,9,265.51,89.78
14714,4914,395,6,706.27,85.59
14715,1847,374,1,938.46,54.82
14716,4589,592,1,763.03,74.31
14717,966,187,10,1082.27,8.64
14718,2241,551,1,1671.71,36.62
14719,1145,464,6,222.63,34.84
14720,4301,398,2,1760.77,59.05
14721,4017,113,6,2378.13,68.81
14722,3812,595,2,1982.98,31.58
14723,773,133,5,499.56,98.13
14724,892,378,3,2405.25,11.44
14725,958,248,8,930.11,13.6
14726,4446,107,5,2271.57,97.24
14727,1028,25,10,830.11,68.46
14728,3683,513,2,2356.33,17.71
14729,2050,516,10,1226.69,43.17
14730,3070,576,6,745.95,49.18
14731,906,228,4,1564.49,68.61
14732,2959,379,2,1196.02,98.15
14734,4637,515,7,1491.68,39.65
14735,3105,395,4,1458.4,22.16
14736,1062,539,7,83.22,97.94
14737,4593,118,3,2187.74,95.58
14738,4242,302,5,762.03,37.41
14739,3461,53,6,636.81,91.41
14740,2818,419,9,1218.47,24.63
14741,3707,274,6,1893.79,88.62
14742,524,69,7,493.0,78.72
14743,3646,202,4,1094.77,7.18
14744,3044,378,2,1168.84,73.84
14745,3716,228,3,1586.97,77.92
14746,3389,289,1,96.53,24.55
14747,1696,46,7,1573.42,49.44
14748,1225,316,4,1905.92,85.49
14749,2622,194,7,2147.9,85.03
14750,1599,18,7,1037.42,78.8
14751,4735,133,6,1577.59,2.49
14752,3775,256,2,1983.33,85.35
14753,3066,471,8,1956.18,80.64
14754,1171,330,9,1715.98,91.62
14755,1670,178,7,2091.44,56.21
14756,2839,453,6,380.24,17.18
14757,2048,151,9,1349.38,60.81
14758,1978,228,5,1115.52,79.26
14759,3787,115,3,432.23,71.47
14760,1195,203,8,390.64,72.74
14761,3128,495,3,1353.24,49.0
14762,4754,54,8,424.75,6.59
14763,2605,296,1,2437.9,29.04
14764,1011,453,10,1734.65,29.38
14765,1085,26,4,2294.26,66.23
14766,507,84,3,1017.51,50.42
14767,633,15,3,818.56,67.44
14768,4517,252,7,74.91,21.44
14769,3804,380,9,1313.99,62.83
14770,4366,132,1,887.05,55.28
14771,1040,334,3,1942.51,97.85
14772,992,336,9,291.61,55.99
14773,842,38,4,2487.59,26.06
14774,1966,571,5,888.46,22.03
14775,2123,37,2,1211.36,80.43
14776,1653,269,10,713.99,82.58
14777,559,182,8,2226.54,53.49
14778,4684,2,10,261.06,93.48
14779,1582,552,2,867.34,49.79
14780,3123,585,6,1338.99,74.45
14781,950,146,5,2129.71,30.74
14782,4529,19,2,2054.84,58.45
14783,4440,533,8,835.74,13.72
14784,1658,401,8,2099.56,63.69
14785,2301,144,9,1490.21,81.26
14786,1499,231,1,2086.37,17.97
14787,766,125,1,1846.55,19.41
14788,2956,373,10,357.92,77.2
14789,1402,362,7,2448.4,6.22
14790,4033,253,8,1499.08,72.53
14791,4157,463,2,2480.36,3.94
14792,1089,596,3,378.15,70.47
14793,2884,326,6,930.51,63.82
14794,4737,464,2,1299.89,23.81
14795,18,569,6,984.62,43.84
14796,3181,295,7,171.67,85.88
14797,4721,199,10,1295.03,68.35
14799,1634,154,10,1916.27,4.35
14800,2650,88,6,760.07,54.08
14801,4388,598,3,204.61,71.32
14802,1131,31,2,1209.58,57.46
14803,4159,213,1,678.54,47.88
14804,2212,421,7,352.23,67.04
14805,1954,192,8,327.57,81.11
14806,451,188,1,1630.7,27.79
14807,1205,422,7,1365.28,21.03
14808,4648,503,3,1735.28,54.25
14809,2281,353,9,638.05,50.74
14810,4615,449,4,1989.69,1.33
14811,3537,449,6,808.56,45.33
14812,1883,343,2,741.3,62.32
14813,692,354,3,335.38,90.95
14814,840,220,4,1042.4,84.7
14815,2619,276,2,1605.94,87.68
14816,1582,283,10,614.91,34.87
14817,4612,409,8,204.47,86.17
14818,2988,70,3,569.58,72.78
14819,2429,27,6,749.08,50.35
14820,627,382,3,910.17,0.9
14821,883,178,8,1873.14,92.54
14822,2043,499,5,555.8,11.0
14823,521,420,6,335.52,42.83
14824,1901,242,10,2114.6,67.68
14825,2125,229,1,271.58,70.94
14826,3098,328,4,1761.25,93.25
14827,3261,95,1,1183.4,17.11
14828,3830,103,8,1781.32,15.35
14829,978,207,4,90.44,24.35
14830,1040,162,2,1595.33,58.44
14831,3493,552,9,2316.72,44.1
14832,2671,236,6,1182.11,46.13
14833,670,401,9,1851.33,3.67
14834,2295,308,8,1701.26,87.14
14835,3947,6,3,2380.69,99.72
14836,3518,567,2,1572.68,39.87
14837,2998,365,4,109.83,35.47
14838,432,301,2,2409.76,38.57
14839,1461,519,6,523.69,37.18
14840,3487,173,1,489.73,54.76
14841,3363,479,10,384.66,81.17
14842,2766,471,9,1849.38,83.99
14843,3950,144,3,314.65,6.87
14844,4311,46,2,680.05,16.74
14845,4569,79,4,762.08,13.26
14846,2230,514,2,570.87,60.09
14847,590,134,7,1336.19,98.2
14848,601,582,10,2008.09,39.26
14849,18,60,9,10.99,19.35
14850,1189,41,9,1018.12,85.56
14851,1427,225,8,574.67,83.03
14852,4720,56,1,201.08,93.29
14853,921,289,9,2128.72,65.85
14854,2403,536,7,225.57,58.96
14855,1792,534,6,812.9,95.55
14856,4222,390,2,293.54,32.98
14857,1161,170,2,881.15,3.61
14858,2719,523,6,1226.27,23.87
14859,1314,538,6,2022.14,26.82
14860,3772,367,7,391.02,73.84
14861,4382,275,10,313.92,12.12
14862,448,444,8,1179.61,49.67
14863,4284,93,1,2283.61,97.43
14864,4404,381,8,2110.98,3.94
14865,618,311,1,1707.28,95.01
14866,3270,384,7,848.12,60.44
14867,1191,309,1,976.85,21.42
14868,1663,441,9,631.72,70.57
14869,1732,574,5,876.05,30.48
14870,2027,568,4,2392.07,26.44
14871,1235,216,5,910.39,83.78
14872,2517,217,7,692.91,3.28
14873,1038,313,1,1614.78,88.41
14874,739,185,1,863.02,82.5
14875,403,483,9,1846.5,40.6
14876,2678,192,8,701.1,78.77
14877,3989,582,1,1228.23,71.28
14878,836,161,10,202.7,20.08
14879,2727,79,3,1472.5,78.6
14880,2430,414,3,360.79,85.19
14881,3944,280,3,1392.29,24.62
14883,719,16,2,1377.68,94.07
14884,237,428,7,1151.69,21.52
14885,534,205,3,979.76,70.17
14886,30,225,1,1091.23,55.65
14887,4431,361,7,1703.51,40.21
14888,4110,165,3,92.97,78.2
14889,4569,355,10,880.48,45.43
14890,4136,586,5,1689.79,68.45
14891,3418,450,1,474.1,72.24
14892,2478,509,10,1259.7,59.11
14893,1493,301,6,1288.45,5.33
14894,2791,127,2,2014.95,55.88
14895,1698,410,1,981.07,10.7
14896,4011,414,5,2125.91,79.44
14897,960,153,2,750.36,66.52
14898,3735,382,10,537.89,54.54
14899,1269,597,8,1220.2,69.34
14900,1230,181,1,1852.7,28.82
14901,1876,172,6,303.79,18.5
14902,2652,311,9,886.65,70.24
14903,767,133,7,30.27,92.92
14904,1736,241,4,913.59,61.29
14905,2077,339,7,2267.74,51.03
14906,3378,600,2,303.78,65.79
14908,653,34,6,1610.77,50.4
14909,3951,27,3,683.68,68.4
14910,3750,30,5,2182.11,99.79
14911,2092,374,6,100.23,5.37
14912,115,52,6,165.09,69.45
14913,2642,190,1,2306.28,66.54
14914,2429,302,3,210.18,31.1
14915,2957,84,6,904.16,50.59
14916,749,223,7,1046.77,42.72
14917,3443,422,8,71.82,97.61
14918,2506,398,1,1310.12,60.64
14919,2471,398,4,1318.64,27.17
14920,2325,81,5,1544.08,7.91
14921,1168,38,8,1183.32,97.19
14922,1992,5,2,735.23,63.16
14923,3755,457,3,1418.2,28.2
14924,749,546,2,1161.64,48.9
14925,44,191,9,2478.63,4.13
14926,2513,530,9,1726.5,37.06
14927,4378,176,9,235.66,98.15
14928,4027,304,4,2227.86,20.54
14930,2797,554,7,297.85,38.02
14931,657,544,10,1247.98,15.34
14932,1031,437,2,1189.39,36.08
14933,1140,114,6,484.5,65.2
14934,1312,329,7,804.4,66.5
14935,2071,89,2,2060.1,31.33
14936,4459,541,5,1823.87,41.82
14937,1663,52,3,882.57,48.68
14938,1767,307,3,230.95,34.77
14939,2626,90,5,441.95,17.35
14940,4974,10,4,1387.63,65.48
14941,2912,38,10,1779.45,8.92
14942,4133,538,1,2347.17,42.91
14943,3749,411,5,1540.9,76.82
14944,2701,145,3,1180.29,17.29
14946,3261,557,7,675.91,55.29
14947,3952,179,3,1573.47,83.56
14948,2155,544,6,1838.91,31.62
14949,3854,72,2,1901.24,43.87
14950,4313,92,1,1148.7,94.9
14952,513,173,1,2099.68,80.12
14953,4328,495,3,702.51,6.13
14954,123,170,4,2490.24,62.32
14955,3207,136,9,1602.85,54.03
14956,3675,193,5,678.6,22.29
14957,4957,458,2,530.97,78.35
14958,1693,98,4,910.69,28.74
14959,3104,413,2,944.94,36.11
14960,2920,102,3,1940.5,64.54
14961,1275,7,10,2027.2,77.32
14962,1508,342,1,1959.19,52.88
14963,2770,26,9,578.14,73.17
14964,4610,425,5,2038.56,16.0
14965,1271,54,9,962.11,47.08
14966,2869,270,3,918.87,36.93
14967,3932,422,3,1294.3,14.78
14969,1246,141,2,1419.23,61.57
14970,2298,67,6,761.94,41.39
14971,4012,478,4,2465.32,35.01
14972,2209,194,4,1117.77,99.43
14973,4482,37,1,170.97,26.78
14974,2982,139,4,191.26,35.54
14975,443,565,9,1457.73,64.37
14976,3908,399,10,619.08,94.57
14977,3279,151,4,847.86,90.29
14978,22,440,7,640.61,67.51
14979,1298,135,3,52.58,17.59
14980,2096,181,8,63.56,43.75
14981,1382,592,10,61.9,57.8
14982,2369,215,2,2308.45,79.29
14983,3082,509,8,458.34,67.7
14984,4664,268,9,1732.48,85.67
14985,2371,263,1,1380.17,55.32
14986,1369,137,8,2417.14,53.73
14987,2324,332,1,763.65,25.3
14988,4395,429,4,420.59,6.91
14989,1997,6,1,553.38,46.21
14990,2612,408,1,1753.77,70.15
14991,1899,146,5,1322.98,93.02
14992,1324,71,3,1059.15,83.28
14993,127,316,3,167.24,84.88
14994,662,228,4,1635.02,41.78
14995,4401,480,9,2299.72,95.12
14996,4498,144,1,2176.96,59.53
14997,1433,458,1,1553.95,25.79
14998,1384,418,7,2346.72,43.75
14999,1973,447,4,814.68,15.5
15000,4275,172,10,1785.31,68.16
