order_id,customer_id,order_date,status,region_code
1,375.0,2026-01-22 09:05:00,PLACED,SOUTH
2,481.0,2026-04-17 04:55:13,DELIVERED,WEST
3,785.0,2026-07-08 00:59:08,SHIPPED,NORTH
4,194.0,2025-06-04 06:33:48,DELIVERED,SOUTH
5,662.0,2024-10-31 18:08:20,SHIPPED,WEST
6,530.0,2026-05-02 21:51:09,DELIVERED,EAST
7,761.0,2025-04-11 05:20:42,SHIPPED,NORTH
8,297.0,2026-04-14 11:52:15,DELIVERED,WEST
9,20.0,2026-04-25 19:44:16,PLACED,NORTH
10,129.0,2025-02-23 11:31:53,SHIPPED,SOUTH
12,475.0,2024-11-27 19:05:19,PLACED,SOUTH
13,795.0,2026-02-21 05:50:48,SHIPPED,EAST
14,849.0,2025-01-15 02:40:35,DELIVERED,WEST
15,454.0,2025-03-02 19:49:39,SHIPPED,NORTH
16,214.0,2025-09-27 20:40:53,DELIVERED,EAST
17,746.0,2024-10-22 10:23:42,DELIVERED,EAST
18,306.0,2025-11-10 13:08:16,DELIVERED,SOUTH
19,242.0,2024-08-28 16:43:28,SHIPPED,EAST
21,159.0,2025-04-14 23:48:53,SHIPPED,NORTH
22,347.0,2025-04-25 16:54:18,DELIVERED,NORTH
23,158.0,2025-08-05 22:05:09,SHIPPED,SOUTH
24,572.0,2024-12-17 10:37:13,DELIVERED,WEST
25,22.0,2026-04-30 17:36:36,SHIPPED,NORTH
26,449.0,2025-11-15 13:56:16,DELIVERED,SOUTH
27,332.0,2025-12-09 16:41:51,DELIVERED,SOUTH
28,159.0,2025-01-12 19:14:03,DELIVERED,WEST
30,373.0,2024-12-27 20:48:56,DELIVERED,WEST
31,700.0,2025-02-19 08:12:49,DELIVERED,EAST
32,330.0,2025-08-21 09:20:42,PLACED,SOUTH
33,33.0,2026-04-21 04:54:09,PLACED,WEST
34,539.0,2026-06-17 07:05:06,PLACED,SOUTH
35,73.0,2025-10-24 09:12:29,DELIVERED,NORTH
36,655.0,2024-09-12 07:12:59,CANCELLED,WEST
37,814.0,2026-05-03 05:26:35,SHIPPED,NORTH
38,855.0,2025-08-27 06:14:10,RETURNED,NORTH
39,237.0,2026-07-10 07:30:41,DELIVERED,SOUTH
40,971.0,2026-04-30 09:14:50,DELIVERED,NORTH
41,591.0,2025-12-23 07:24:21,DELIVERED,NORTH
42,185.0,2025-12-07 11:24:59,DELIVERED,WEST
43,925.0,2025-08-02 05:26:01,DELIVERED,EAST
44,649.0,2026-02-06 10:39:59,DELIVERED,SOUTH
45,564.0,2024-11-12 09:30:25,RETURNED,WEST
46,1.0,2025-11-01 22:08:57,DELIVERED,SOUTH
47,310.0,2024-10-29 12:03:34,SHIPPED,EAST
49,472.0,2024-08-27 00:30:52,DELIVERED,SOUTH
50,831.0,2025-01-22 03:51:37,DELIVERED,SOUTH
51,741.0,2025-02-24 20:26:48,DELIVERED,NORTH
52,308.0,2024-10-01 03:33:49,DELIVERED,NORTH
53,343.0,2025-05-13 11:31:44,DELIVERED,NORTH
54,233.0,2025-07-30 00:46:10,CANCELLED,WEST
55,537.0,2025-07-04 10:32:06,SHIPPED,SOUTH
56,690.0,2026-01-16 08:38:10,DELIVERED,NORTH
57,297.0,2025-01-22 04:43:03,DELIVERED,WEST
58,51.0,2024-11-27 06:10:47,DELIVERED,WEST
59,134.0,2026-03-08 14:35:23,SHIPPED,WEST
60,201.0,2025-06-29 14:32:00,DELIVERED,SOUTH
61,796.0,2025-04-23 02:04:25,DELIVERED,NORTH
62,434.0,2026-02-13 09:14:49,DELIVERED,NORTH
63,174.0,2026-05-17 08:26:00,RETURNED,WEST
64,452.0,2025-02-16 13:53:05,SHIPPED,EAST
65,746.0,2025-05-03 10:06:41,PLACED,SOUTH
66,840.0,2024-12-17 14:27:19,DELIVERED,EAST
67,24.0,2025-02-18 20:18:01,SHIPPED,EAST
68,638.0,2025-12-29 11:45:23,DELIVERED,NORTH
69,928.0,2024-12-29 23:58:11,SHIPPED,EAST
70,714.0,2026-04-28 00:27:35,DELIVERED,NORTH
71,677.0,2026-04-03 07:15:32,DELIVERED,NORTH
73,727.0,2024-08-24 09:34:12,DELIVERED,NORTH
74,513.0,2026-01-10 01:41:52,DELIVERED,NORTH
75,543.0,2026-03-05 12:06:51,DELIVERED,NORTH
76,361.0,2026-04-21 15:17:58,RETURNED,EAST
77,641.0,2025-02-25 17:50:45,RETURNED,NORTH
78,972.0,2026-02-18 21:52:44,DELIVERED,SOUTH
79,392.0,2024-11-04 12:25:12,DELIVERED,SOUTH
80,587.0,2024-07-21 07:34:07,CANCELLED,EAST
81,135.0,2025-03-11 08:24:10,DELIVERED,SOUTH
82,317.0,2024-11-07 23:05:01,CANCELLED,WEST
83,1000.0,2025-12-12 22:47:49,DELIVERED,SOUTH
84,571.0,2025-09-22 10:28:55,SHIPPED,SOUTH
85,784.0,2025-08-26 11:20:24,RETURNED,EAST
86,957.0,2024-11-09 20:37:01,DELIVERED,SOUTH
88,628.0,2025-05-10 05:02:22,DELIVERED,EAST
89,799.0,2026-04-26 13:50:52,DELIVERED,EAST
90,397.0,2024-07-27 16:37:13,SHIPPED,NORTH
91,993.0,2024-11-04 05:52:34,DELIVERED,SOUTH
92,68.0,2025-05-25 14:56:13,DELIVERED,WEST
93,888.0,2025-03-07 22:29:33,DELIVERED,NORTH
94,845.0,2024-10-26 01:54:45,DELIVERED,NORTH
95,463.0,2026-01-13 14:39:53,DELIVERED,SOUTH
96,406.0,2026-01-25 02:55:22,DELIVERED,NORTH
97,451.0,2025-04-02 08:11:24,DELIVERED,WEST
98,302.0,2026-05-24 22:57:43,DELIVERED,SOUTH
99,662.0,2026-06-21 00:54:49,SHIPPED,SOUTH
100,332.0,2025-03-07 07:06:14,DELIVERED,SOUTH
101,93.0,2024-07-18 08:42:09,CANCELLED,SOUTH
102,127.0,2025-04-04 08:37:42,DELIVERED,NORTH
103,394.0,2025-05-04 16:26:12,DELIVERED,SOUTH
104,390.0,2025-12-12 19:49:36,DELIVERED,SOUTH
105,149.0,2025-12-01 03:36:33,DELIVERED,EAST
106,985.0,2025-12-11 17:21:45,SHIPPED,SOUTH
107,4.0,2024-09-09 03:40:52,DELIVERED,WEST
108,6.0,2026-03-09 07:52:18,SHIPPED,WEST
109,453.0,2024-08-26 19:39:01,SHIPPED,EAST
110,571.0,2025-04-17 07:59:24,SHIPPED,NORTH
111,38.0,2025-03-08 11:57:16,DELIVERED,EAST
112,90.0,2026-03-24 11:41:03,SHIPPED,EAST
113,709.0,2026-02-22 15:10:11,DELIVERED,WEST
114,369.0,2024-09-05 04:32:03,SHIPPED,EAST
115,840.0,2024-07-16 00:43:11,DELIVERED,EAST
116,125.0,2024-09-02 22:41:20,DELIVERED,SOUTH
117,627.0,2024-12-22 12:57:31,RETURNED,NORTH
118,706.0,2024-10-31 09:36:26,DELIVERED,WEST
119,325.0,2026-06-07 06:32:39,DELIVERED,SOUTH
120,509.0,2025-09-20 13:45:46,DELIVERED,SOUTH
121,239.0,2025-12-13 03:53:36,PLACED,NORTH
122,816.0,2025-01-13 11:22:44,DELIVERED,WEST
123,342.0,2025-07-14 02:31:19,SHIPPED,SOUTH
124,261.0,2025-12-29 07:40:39,DELIVERED,EAST
125,117.0,2026-06-11 18:50:28,DELIVERED,NORTH
126,199.0,2025-01-06 18:52:57,DELIVERED,WEST
127,662.0,2026-04-19 06:16:12,DELIVERED,EAST
128,834.0,2026-03-16 00:55:53,DELIVERED,EAST
129,695.0,2026-05-30 23:04:26,SHIPPED,EAST
130,910.0,2026-01-06 20:32:23,SHIPPED,NORTH
131,385.0,2024-07-28 05:21:17,DELIVERED,WEST
132,120.0,2025-10-31 01:12:00,DELIVERED,EAST
133,279.0,2026-03-02 14:25:51,SHIPPED,WEST
134,310.0,2026-05-21 12:06:08,SHIPPED,NORTH
135,936.0,2026-01-14 04:41:15,DELIVERED,SOUTH
136,946.0,2025-06-09 19:24:32,DELIVERED,EAST
137,893.0,2024-12-01 00:11:03,DELIVERED,SOUTH
138,38.0,2025-09-12 01:45:33,DELIVERED,NORTH
139,46.0,2026-03-17 13:11:53,PLACED,WEST
140,106.0,2024-08-12 00:52:50,DELIVERED,EAST
141,215.0,2026-04-30 23:17:06,SHIPPED,EAST
142,688.0,2025-10-25 14:22:39,SHIPPED,NORTH
143,574.0,2024-11-03 06:02:10,DELIVERED,EAST
144,966.0,2025-02-27 05:44:28,SHIPPED,NORTH
145,914.0,2025-08-11 23:45:08,SHIPPED,WEST
146,52.0,2025-06-07 03:21:09,DELIVERED,SOUTH
147,913.0,2024-07-24 07:58:53,DELIVERED,EAST
148,838.0,2024-08-18 00:40:21,DELIVERED,NORTH
149,774.0,2025-04-17 13:05:52,PLACED,WEST
150,318.0,2025-10-15 00:40:14,DELIVERED,SOUTH
151,148.0,2026-03-18 12:31:15,CANCELLED,WEST
152,940.0,2025-02-06 07:53:42,DELIVERED,WEST
153,67.0,2025-03-06 03:32:17,DELIVERED,SOUTH
154,357.0,2026-04-02 07:44:57,SHIPPED,NORTH
155,666.0,2026-05-28 10:36:07,DELIVERED,WEST
156,250.0,2025-11-04 13:53:30,DELIVERED,EAST
157,711.0,2025-05-16 04:35:09,DELIVERED,EAST
158,242.0,2026-02-23 06:08:35,DELIVERED,WEST
159,611.0,2025-10-11 21:11:04,DELIVERED,SOUTH
160,416.0,2026-03-30 04:36:55,DELIVERED,WEST
161,661.0,2025-02-05 02:58:41,DELIVERED,NORTH
162,677.0,2024-12-19 05:17:38,DELIVERED,WEST
163,698.0,2025-12-01 12:21:02,DELIVERED,EAST
164,960.0,2026-05-02 12:49:32,DELIVERED,NORTH
165,627.0,2026-01-27 22:00:16,SHIPPED,EAST
166,923.0,2024-07-16 01:22:28,DELIVERED,EAST
167,289.0,2025-12-27 13:16:39,DELIVERED,WEST
168,729.0,2025-02-20 22:23:10,DELIVERED,SOUTH
169,193.0,2025-02-22 10:27:40,DELIVERED,WEST
170,894.0,2024-11-01 21:36:01,PLACED,NORTH
171,907.0,2026-06-07 18:05:41,RETURNED,NORTH
172,826.0,2025-08-10 23:46:12,DELIVERED,WEST
173,466.0,2024-07-19 05:29:12,DELIVERED,EAST
174,435.0,2024-09-26 05:39:59,DELIVERED,SOUTH
175,276.0,2025-05-04 17:09:03,DELIVERED,NORTH
176,722.0,2025-04-02 00:45:47,RETURNED,NORTH
177,749.0,2025-01-14 04:51:40,DELIVERED,EAST
178,81.0,2025-04-04 07:42:25,SHIPPED,NORTH
179,553.0,2025-11-29 06:48:41,PLACED,EAST
180,12.0,2025-05-17 14:25:40,DELIVERED,EAST
181,984.0,2025-02-03 23:51:16,SHIPPED,EAST
182,578.0,2025-12-05 05:09:46,DELIVERED,NORTH
183,299.0,2024-10-31 19:51:54,SHIPPED,NORTH
184,79.0,2025-12-07 17:12:29,SHIPPED,EAST
185,264.0,2025-05-26 12:11:38,SHIPPED,SOUTH
186,379.0,2025-06-11 00:04:18,DELIVERED,WEST
187,541.0,2025-01-09 01:30:42,PLACED,SOUTH
188,842.0,2026-06-27 23:11:58,RETURNED,WEST
189,451.0,2024-09-22 15:17:28,DELIVERED,EAST
190,271.0,2024-08-31 19:02:10,SHIPPED,WEST
191,488.0,2026-06-25 08:43:11,DELIVERED,WEST
192,400.0,2025-03-20 23:08:55,DELIVERED,NORTH
193,817.0,2025-05-16 15:44:29,RETURNED,NORTH
194,545.0,2025-09-10 02:13:15,DELIVERED,EAST
195,274.0,2026-03-28 05:25:45,DELIVERED,WEST
196,768.0,2026-03-15 19:24:13,DELIVERED,EAST
200,654.0,2026-02-23 22:00:26,PLACED,SOUTH
201,783.0,2025-06-12 03:25:39,RETURNED,NORTH
202,260.0,2025-01-26 12:45:11,PLACED,WEST
203,284.0,2025-02-26 06:34:18,DELIVERED,EAST
204,800.0,2025-06-05 08:53:44,DELIVERED,EAST
205,265.0,2025-09-05 14:44:44,DELIVERED,WEST
206,206.0,2024-12-26 02:23:31,DELIVERED,SOUTH
207,442.0,2026-07-03 00:21:04,CANCELLED,EAST
208,75.0,2026-04-14 11:39:20,DELIVERED,NORTH
210,717.0,2025-05-25 18:00:19,PLACED,WEST
211,414.0,2024-08-14 00:02:10,DELIVERED,SOUTH
213,311.0,2026-04-22 03:53:47,RETURNED,NORTH
214,874.0,2026-01-26 01:30:14,DELIVERED,EAST
215,181.0,2026-03-27 16:06:54,DELIVERED,EAST
216,918.0,2026-04-13 03:15:58,DELIVERED,WEST
218,65.0,2026-02-10 12:13:18,DELIVERED,WEST
219,17.0,2025-05-25 13:02:19,DELIVERED,NORTH
220,217.0,2026-04-18 22:01:09,DELIVERED,SOUTH
221,239.0,2024-09-08 03:48:37,SHIPPED,NORTH
222,941.0,2024-10-29 20:14:07,DELIVERED,NORTH
223,52.0,2025-06-18 07:41:38,PLACED,SOUTH
224,66.0,2026-01-07 01:34:14,DELIVERED,SOUTH
225,208.0,2026-04-17 01:05:33,RETURNED,WEST
226,1000.0,2025-06-02 09:53:50,DELIVERED,SOUTH
227,608.0,2024-08-22 07:33:38,SHIPPED,WEST
228,379.0,2025-01-26 01:33:12,CANCELLED,NORTH
229,811.0,2025-01-13 18:42:20,DELIVERED,NORTH
230,83.0,2025-09-05 10:13:02,PLACED,EAST
231,827.0,2025-05-09 08:40:26,SHIPPED,SOUTH
232,536.0,2024-08-06 08:51:35,SHIPPED,NORTH
233,735.0,2024-11-13 15:33:54,DELIVERED,EAST
234,5.0,2025-12-22 14:42:21,RETURNED,NORTH
235,884.0,2025-12-27 10:28:35,SHIPPED,SOUTH
236,199.0,2026-07-06 08:19:40,DELIVERED,WEST
237,164.0,2025-02-14 21:13:59,DELIVERED,EAST
238,258.0,2024-10-03 21:26:47,DELIVERED,NORTH
239,54.0,2025-06-26 14:26:25,DELIVERED,WEST
240,73.0,2025-10-05 16:48:56,DELIVERED,EAST
241,766.0,2026-07-01 14:39:39,DELIVERED,EAST
242,243.0,2025-02-09 19:48:08,DELIVERED,SOUTH
243,600.0,2026-06-13 08:08:51,SHIPPED,WEST
244,383.0,2024-10-15 06:36:30,DELIVERED,EAST
245,131.0,2025-12-09 21:08:25,SHIPPED,NORTH
246,470.0,2025-11-10 21:00:29,SHIPPED,EAST
247,809.0,2026-04-02 11:47:43,CANCELLED,SOUTH
248,878.0,2025-09-24 07:30:12,SHIPPED,WEST
249,286.0,2025-04-27 06:57:12,DELIVERED,SOUTH
250,594.0,2025-03-16 03:13:02,CANCELLED,NORTH
251,46.0,2024-11-08 07:56:20,DELIVERED,NORTH
252,404.0,2024-12-10 04:37:09,DELIVERED,WEST
254,303.0,2026-04-17 07:17:15,PLACED,EAST
255,471.0,2026-03-11 08:20:49,PLACED,WEST
256,142.0,2025-02-03 13:20:02,DELIVERED,EAST
257,721.0,2025-03-01 17:29:10,PLACED,EAST
258,304.0,2025-01-04 09:29:57,CANCELLED,SOUTH
259,83.0,2025-02-28 20:51:03,CANCELLED,EAST
260,114.0,2025-09-30 19:04:19,PLACED,EAST
261,573.0,2025-12-14 21:19:50,DELIVERED,SOUTH
262,245.0,2025-12-17 11:17:54,DELIVERED,SOUTH
263,780.0,2025-08-01 13:39:16,SHIPPED,WEST
264,65.0,2026-06-12 16:20:12,DELIVERED,NORTH
265,545.0,2025-11-22 02:48:06,SHIPPED,EAST
266,969.0,2024-09-19 22:39:33,DELIVERED,SOUTH
267,469.0,2025-07-12 22:24:13,SHIPPED,NORTH
268,283.0,2024-07-27 09:37:28,SHIPPED,SOUTH
269,643.0,2025-03-23 14:09:08,DELIVERED,SOUTH
270,431.0,2024-08-19 10:08:49,SHIPPED,NORTH
272,352.0,2025-01-05 07:38:23,DELIVERED,WEST
273,581.0,2025-11-24 13:24:17,SHIPPED,EAST
274,381.0,2026-05-21 02:08:31,PLACED,EAST
275,980.0,2024-10-09 11:54:30,DELIVERED,EAST
276,180.0,2025-02-22 04:39:29,DELIVERED,SOUTH
277,120.0,2024-11-02 02:18:09,SHIPPED,EAST
278,211.0,2025-02-19 23:11:38,DELIVERED,EAST
279,460.0,2025-11-23 07:12:13,DELIVERED,NORTH
280,512.0,2025-08-15 06:01:58,CANCELLED,SOUTH
282,297.0,2025-11-17 03:59:48,RETURNED,SOUTH
283,747.0,2025-09-17 03:35:57,DELIVERED,WEST
284,143.0,2025-03-09 10:38:02,PLACED,SOUTH
285,95.0,2025-10-22 02:23:54,SHIPPED,SOUTH
287,981.0,2025-02-17 16:28:35,SHIPPED,EAST
288,524.0,2024-12-15 02:05:57,DELIVERED,SOUTH
289,438.0,2026-01-11 03:10:56,SHIPPED,EAST
290,457.0,2025-10-27 19:27:02,DELIVERED,WEST
291,426.0,2025-03-26 20:12:56,DELIVERED,WEST
292,425.0,2026-04-06 11:12:53,PLACED,SOUTH
293,889.0,2026-03-11 02:02:21,CANCELLED,WEST
294,420.0,2025-06-07 07:12:40,SHIPPED,WEST
295,774.0,2025-10-03 10:57:05,DELIVERED,EAST
296,44.0,2025-09-17 10:55:12,DELIVERED,WEST
297,475.0,2025-05-02 22:26:26,SHIPPED,EAST
298,855.0,2024-08-26 05:25:39,DELIVERED,EAST
299,504.0,2026-01-17 18:27:09,PLACED,EAST
300,994.0,2024-10-21 02:38:07,DELIVERED,WEST
301,644.0,2025-03-20 02:31:20,DELIVERED,EAST
302,590.0,2026-06-28 13:27:47,DELIVERED,SOUTH
303,900.0,2024-10-26 05:29:43,PLACED,EAST
304,934.0,2024-08-23 23:47:06,SHIPPED,NORTH
305,785.0,2025-05-04 07:56:55,DELIVERED,SOUTH
306,894.0,2025-08-11 21:09:44,DELIVERED,EAST
307,705.0,2025-07-14 13:00:34,DELIVERED,SOUTH
309,167.0,2025-08-29 19:13:13,SHIPPED,SOUTH
310,573.0,2026-04-22 16:58:44,DELIVERED,NORTH
311,939.0,2024-11-10 22:19:18,CANCELLED,WEST
312,708.0,2025-10-28 02:25:41,DELIVERED,EAST
313,312.0,2025-11-17 05:03:39,SHIPPED,SOUTH
314,315.0,2025-07-28 16:50:07,PLACED,NORTH
315,794.0,2025-06-22 14:59:33,SHIPPED,NORTH
316,526.0,2025-08-02 06:22:30,CANCELLED,NORTH
317,684.0,2024-12-03 07:35:08,SHIPPED,SOUTH
318,205.0,2026-04-02 18:19:17,PLACED,EAST
319,357.0,2026-01-12 21:38:33,DELIVERED,SOUTH
320,70.0,2025-11-03 01:27:49,PLACED,SOUTH
321,988.0,2026-01-23 19:44:13,DELIVERED,NORTH
322,943.0,2024-08-08 23:45:00,DELIVERED,SOUTH
323,981.0,2024-07-28 03:01:33,RETURNED,WEST
324,234.0,2024-10-29 15:48:24,DELIVERED,WEST
325,140.0,2025-11-10 14:14:56,SHIPPED,NORTH
326,506.0,2026-02-10 01:07:12,DELIVERED,EAST
327,862.0,2024-12-02 20:41:07,SHIPPED,WEST
328,72.0,2025-03-30 09:40:14,CANCELLED,EAST
329,691.0,2026-03-23 10:40:58,DELIVERED,NORTH
330,405.0,2026-03-07 20:10:09,SHIPPED,SOUTH
331,999.0,2024-08-04 21:48:05,DELIVERED,WEST
332,859.0,2026-05-28 20:45:16,DELIVERED,EAST
333,821.0,2026-02-07 17:59:22,DELIVERED,WEST
334,524.0,2026-05-02 12:56:56,SHIPPED,EAST
335,237.0,2025-01-12 16:41:02,PLACED,NORTH
336,511.0,2026-06-11 02:25:27,DELIVERED,EAST
337,637.0,2025-01-13 15:12:16,DELIVERED,WEST
338,207.0,2025-05-09 18:52:49,DELIVERED,EAST
339,554.0,2025-08-21 18:30:29,PLACED,WEST
340,122.0,2025-10-11 19:48:46,DELIVERED,WEST
342,138.0,2025-01-26 00:47:50,DELIVERED,WEST
343,702.0,2025-06-22 13:29:54,DELIVERED,SOUTH
344,401.0,2025-10-24 04:32:13,DELIVERED,EAST
346,760.0,2025-02-02 22:40:49,DELIVERED,WEST
347,354.0,2025-04-04 20:32:02,PLACED,SOUTH
348,664.0,2025-05-22 11:25:41,DELIVERED,EAST
349,174.0,2025-09-14 19:37:14,DELIVERED,WEST
351,387.0,2024-07-15 05:45:55,PLACED,WEST
352,692.0,2025-09-29 04:46:32,DELIVERED,EAST
353,307.0,2024-09-03 15:52:22,DELIVERED,NORTH
354,549.0,2026-02-28 03:55:44,SHIPPED,WEST
355,640.0,2026-05-04 02:23:21,DELIVERED,NORTH
356,280.0,2026-05-10 13:05:51,DELIVERED,SOUTH
357,79.0,2026-02-02 07:20:08,DELIVERED,WEST
358,321.0,2026-05-30 19:31:28,DELIVERED,WEST
360,219.0,2026-06-26 17:24:18,CANCELLED,EAST
361,546.0,2025-06-08 09:42:46,CANCELLED,NORTH
362,374.0,2026-02-06 06:27:26,DELIVERED,EAST
363,421.0,2025-10-05 15:57:37,PLACED,SOUTH
364,274.0,2026-05-17 16:47:05,SHIPPED,SOUTH
366,574.0,2024-09-11 19:33:02,CANCELLED,SOUTH
367,140.0,2025-09-26 08:46:12,SHIPPED,SOUTH
368,44.0,2026-04-22 02:03:58,PLACED,NORTH
369,306.0,2026-06-19 06:38:25,DELIVERED,EAST
370,907.0,2026-01-07 19:56:27,DELIVERED,SOUTH
371,585.0,2026-03-10 11:53:45,DELIVERED,EAST
372,93.0,2026-06-17 11:36:05,DELIVERED,EAST
373,755.0,2024-11-19 00:19:13,SHIPPED,WEST
374,110.0,2024-12-21 09:27:07,DELIVERED,EAST
375,58.0,2026-01-18 14:30:36,CANCELLED,EAST
376,487.0,2024-10-31 19:08:12,DELIVERED,SOUTH
377,733.0,2025-07-11 14:40:13,DELIVERED,NORTH
378,679.0,2025-04-17 04:45:38,CANCELLED,SOUTH
379,394.0,2024-08-02 18:52:49,DELIVERED,NORTH
380,243.0,2024-11-02 23:23:27,CANCELLED,WEST
381,940.0,2025-08-25 11:55:11,DELIVERED,SOUTH
382,881.0,2025-01-22 06:23:05,DELIVERED,WEST
383,281.0,2025-07-22 06:16:33,CANCELLED,WEST
384,949.0,2024-10-31 07:20:26,DELIVERED,NORTH
385,716.0,2025-08-01 19:44:16,DELIVERED,EAST
386,29.0,2025-04-30 15:18:44,SHIPPED,WEST
387,140.0,2026-06-17 05:15:19,DELIVERED,NORTH
388,256.0,2026-04-28 01:20:56,DELIVERED,SOUTH
389,703.0,2026-06-22 17:07:04,DELIVERED,SOUTH
390,704.0,2026-06-29 15:28:40,SHIPPED,NORTH
391,187.0,2024-08-22 10:00:03,DELIVERED,SOUTH
393,998.0,2025-09-17 08:23:00,DELIVERED,NORTH
394,440.0,2025-08-09 20:44:46,RETURNED,SOUTH
395,121.0,2026-01-21 10:22:52,DELIVERED,WEST
396,507.0,2026-03-05 00:27:29,SHIPPED,EAST
397,507.0,2025-12-01 06:14:26,SHIPPED,SOUTH
398,290.0,2025-12-20 22:34:23,SHIPPED,SOUTH
400,701.0,2024-12-05 03:30:12,DELIVERED,EAST
401,408.0,2026-03-09 00:08:11,DELIVERED,EAST
402,571.0,2026-05-01 03:37:03,SHIPPED,EAST
403,962.0,2025-03-09 22:03:24,DELIVERED,NORTH
405,914.0,2025-05-24 14:42:20,SHIPPED,WEST
406,899.0,2026-02-14 13:11:53,DELIVERED,WEST
407,120.0,2025-07-21 09:13:14,DELIVERED,EAST
408,949.0,2025-04-11 14:31:54,SHIPPED,EAST
409,447.0,2025-06-25 05:24:48,RETURNED,SOUTH
410,946.0,2025-01-04 17:31:20,PLACED,SOUTH
411,188.0,2025-02-18 13:03:55,DELIVERED,WEST
412,917.0,2026-07-05 13:39:56,DELIVERED,WEST
413,116.0,2026-04-03 10:18:11,SHIPPED,NORTH
414,291.0,2026-03-28 19:00:09,DELIVERED,EAST
415,680.0,2025-01-08 05:32:36,RETURNED,SOUTH
416,79.0,2025-01-18 04:58:28,PLACED,EAST
418,158.0,2024-08-18 21:54:20,DELIVERED,WEST
419,979.0,2026-02-07 09:24:14,DELIVERED,NORTH
420,974.0,2026-04-09 04:54:14,RETURNED,SOUTH
421,50.0,2026-03-01 22:30:49,DELIVERED,NORTH
422,617.0,2025-09-07 08:18:17,SHIPPED,WEST
423,873.0,2025-06-26 21:43:50,DELIVERED,SOUTH
424,503.0,2025-08-21 00:32:22,CANCELLED,SOUTH
425,99.0,2025-05-30 15:06:11,DELIVERED,WEST
426,577.0,2025-08-27 00:24:23,DELIVERED,EAST
427,445.0,2026-03-10 21:35:36,DELIVERED,WEST
428,664.0,2024-09-23 16:58:32,DELIVERED,NORTH
429,448.0,2026-05-14 09:32:48,DELIVERED,SOUTH
430,308.0,2025-06-29 10:10:54,SHIPPED,NORTH
431,940.0,2025-06-10 13:31:42,DELIVERED,NORTH
432,738.0,2024-07-13 01:33:32,SHIPPED,NORTH
433,17.0,2025-11-16 00:18:59,SHIPPED,SOUTH
434,47.0,2024-07-25 17:03:10,SHIPPED,WEST
435,461.0,2025-11-04 13:15:43,RETURNED,SOUTH
436,81.0,2026-04-21 02:16:40,DELIVERED,NORTH
437,19.0,2025-06-19 04:58:49,SHIPPED,WEST
438,415.0,2025-03-07 21:02:54,DELIVERED,WEST
439,833.0,2024-09-20 03:22:43,DELIVERED,WEST
441,193.0,2026-07-09 23:50:29,DELIVERED,SOUTH
442,642.0,2024-10-01 16:49:38,PLACED,WEST
443,433.0,2026-06-17 16:32:53,SHIPPED,WEST
444,483.0,2025-12-30 23:10:07,SHIPPED,EAST
445,854.0,2025-06-26 01:14:06,SHIPPED,WEST
446,869.0,2026-04-20 14:17:50,DELIVERED,EAST
448,63.0,2024-10-22 18:03:44,DELIVERED,NORTH
449,664.0,2024-11-04 08:19:03,DELIVERED,EAST
450,447.0,2024-09-05 08:12:52,SHIPPED,EAST
451,520.0,2025-02-07 01:55:54,DELIVERED,WEST
452,301.0,2026-03-23 13:41:38,DELIVERED,EAST
453,819.0,2025-06-05 23:33:52,SHIPPED,NORTH
454,133.0,2024-12-10 03:18:42,DELIVERED,WEST
455,506.0,2025-05-28 10:54:01,PLACED,NORTH
456,268.0,2026-02-23 12:46:20,DELIVERED,NORTH
457,346.0,2025-10-26 15:48:15,SHIPPED,SOUTH
458,349.0,2024-11-14 10:34:57,DELIVERED,EAST
459,874.0,2025-10-05 21:06:01,DELIVERED,NORTH
460,449.0,2025-08-18 22:47:00,DELIVERED,NORTH
461,625.0,2026-02-13 15:15:11,DELIVERED,NORTH
462,172.0,2025-10-09 07:12:56,CANCELLED,SOUTH
463,726.0,2026-05-24 17:57:09,DELIVERED,NORTH
464,373.0,2025-02-15 21:08:52,DELIVERED,WEST
465,788.0,2025-03-14 10:05:48,DELIVERED,EAST
466,176.0,2026-05-18 03:44:18,DELIVERED,EAST
467,252.0,2025-08-20 07:36:44,DELIVERED,SOUTH
468,440.0,2024-08-05 16:53:52,DELIVERED,EAST
470,323.0,2025-02-10 20:10:13,DELIVERED,WEST
471,677.0,2024-12-04 04:46:51,DELIVERED,EAST
472,908.0,2024-11-24 01:39:30,DELIVERED,EAST
473,9.0,2026-05-25 04:45:49,DELIVERED,SOUTH
474,457.0,2025-08-11 04:51:19,DELIVERED,WEST
475,909.0,2024-12-09 18:48:03,DELIVERED,EAST
476,551.0,2025-11-14 04:37:52,DELIVERED,SOUTH
477,554.0,2025-08-14 16:13:54,DELIVERED,EAST
478,164.0,2024-07-12 16:40:21,DELIVERED,EAST
479,793.0,2026-06-11 18:50:38,DELIVERED,NORTH
480,266.0,2024-08-09 23:51:08,PLACED,NORTH
481,587.0,2025-11-10 06:23:15,RETURNED,SOUTH
482,292.0,2025-02-24 02:21:19,DELIVERED,SOUTH
483,533.0,2024-12-12 15:47:25,DELIVERED,SOUTH
484,370.0,2025-04-24 02:57:22,DELIVERED,WEST
485,64.0,2026-02-01 22:26:29,SHIPPED,NORTH
486,539.0,2024-10-24 21:29:03,DELIVERED,EAST
487,652.0,2024-09-23 19:47:35,CANCELLED,WEST
488,427.0,2026-03-29 11:04:25,SHIPPED,WEST
489,722.0,2025-08-30 11:00:18,DELIVERED,WEST
490,765.0,2025-09-13 00:20:23,CANCELLED,NORTH
491,419.0,2025-10-10 15:23:31,SHIPPED,SOUTH
492,313.0,2026-06-23 04:18:22,DELIVERED,SOUTH
493,604.0,2024-09-24 10:15:45,DELIVERED,EAST
495,428.0,2026-03-12 00:49:09,DELIVERED,EAST
496,487.0,2025-03-31 21:23:24,SHIPPED,SOUTH
497,472.0,2025-02-26 22:13:49,SHIPPED,EAST
498,640.0,2024-08-20 14:57:17,SHIPPED,WEST
499,47.0,2026-06-04 14:36:25,DELIVERED,NORTH
500,725.0,2024-09-01 05:26:16,DELIVERED,EAST
501,127.0,2025-02-06 23:40:18,RETURNED,NORTH
502,535.0,2026-07-03 23:43:14,DELIVERED,NORTH
504,860.0,2026-05-10 06:21:28,DELIVERED,EAST
505,47.0,2025-08-14 03:05:56,DELIVERED,SOUTH
506,881.0,2025-08-28 22:51:20,PLACED,NORTH
507,293.0,2025-11-26 09:17:24,PLACED,EAST
508,695.0,2026-03-22 16:34:40,DELIVERED,NORTH
509,306.0,2026-01-04 14:35:16,DELIVERED,EAST
510,965.0,2025-11-23 08:16:20,SHIPPED,SOUTH
511,771.0,2026-03-16 05:07:50,SHIPPED,EAST
513,987.0,2025-08-22 13:54:33,DELIVERED,SOUTH
514,417.0,2025-08-09 06:55:47,DELIVERED,SOUTH
515,173.0,2025-11-16 11:45:24,DELIVERED,WEST
518,863.0,2024-09-16 18:53:44,DELIVERED,NORTH
519,547.0,2026-02-04 17:15:42,DELIVERED,NORTH
520,743.0,2024-10-05 23:27:40,DELIVERED,EAST
521,969.0,2025-07-11 09:48:38,DELIVERED,WEST
522,679.0,2025-06-02 21:05:29,DELIVERED,EAST
525,552.0,2025-11-07 09:19:02,DELIVERED,NORTH
526,836.0,2026-06-12 07:49:52,DELIVERED,WEST
527,367.0,2025-04-18 04:35:57,DELIVERED,NORTH
528,380.0,2024-12-24 23:55:45,SHIPPED,NORTH
529,697.0,2025-07-19 20:51:37,PLACED,EAST
530,227.0,2025-09-04 04:41:57,DELIVERED,EAST
531,721.0,2026-05-08 20:43:59,SHIPPED,WEST
532,285.0,2025-08-18 11:46:34,DELIVERED,SOUTH
533,132.0,2024-12-09 20:32:21,CANCELLED,SOUTH
534,747.0,2026-07-02 02:45:26,DELIVERED,EAST
535,905.0,2024-12-22 14:10:02,DELIVERED,NORTH
536,331.0,2026-02-05 11:22:11,SHIPPED,WEST
537,530.0,2025-02-05 14:17:59,SHIPPED,EAST
539,828.0,2024-08-30 17:24:21,RETURNED,WEST
540,940.0,2025-05-27 13:20:52,DELIVERED,NORTH
542,254.0,2024-09-12 06:37:01,DELIVERED,NORTH
543,533.0,2025-03-17 08:35:33,DELIVERED,WEST
544,641.0,2024-08-05 23:23:21,RETURNED,NORTH
545,912.0,2025-03-05 15:47:04,SHIPPED,WEST
546,626.0,2026-04-09 18:47:40,DELIVERED,NORTH
547,391.0,2025-10-22 09:48:50,DELIVERED,NORTH
548,476.0,2025-07-11 12:11:22,DELIVERED,EAST
549,692.0,2026-06-22 13:33:27,DELIVERED,SOUTH
550,13.0,2025-07-20 07:18:38,DELIVERED,SOUTH
551,130.0,2025-06-15 05:26:22,DELIVERED,WEST
552,141.0,2026-03-20 18:08:22,DELIVERED,WEST
553,668.0,2025-09-12 02:39:08,DELIVERED,SOUTH
554,317.0,2025-01-01 17:51:27,RETURNED,SOUTH
555,520.0,2025-11-24 05:08:49,PLACED,EAST
556,206.0,2025-07-01 06:48:44,PLACED,SOUTH
557,712.0,2025-07-30 07:14:45,DELIVERED,EAST
558,429.0,2024-11-25 13:09:28,DELIVERED,NORTH
559,943.0,2025-11-13 10:57:19,SHIPPED,SOUTH
560,753.0,2025-07-12 20:39:31,DELIVERED,WEST
564,348.0,2026-04-02 04:56:14,SHIPPED,SOUTH
565,933.0,2024-09-28 19:57:01,SHIPPED,NORTH
566,216.0,2025-03-18 00:51:39,DELIVERED,SOUTH
567,819.0,2026-04-25 19:20:54,DELIVERED,NORTH
568,904.0,2024-07-28 08:13:23,SHIPPED,WEST
569,326.0,2025-08-15 19:47:43,SHIPPED,NORTH
570,602.0,2026-04-29 01:16:49,DELIVERED,EAST
571,645.0,2024-08-29 16:55:09,DELIVERED,WEST
572,84.0,2025-08-30 12:11:20,DELIVERED,SOUTH
573,770.0,2024-08-29 13:01:15,DELIVERED,WEST
574,730.0,2025-01-28 09:43:07,DELIVERED,WEST
575,596.0,2025-05-27 10:49:44,DELIVERED,NORTH
576,917.0,2025-05-10 17:40:52,DELIVERED,EAST
577,387.0,2026-04-01 17:29:57,DELIVERED,NORTH
578,87.0,2025-08-20 16:14:19,SHIPPED,NORTH
579,637.0,2024-07-13 07:31:54,DELIVERED,EAST
581,368.0,2024-12-30 09:24:24,DELIVERED,NORTH
582,949.0,2025-04-16 11:27:15,DELIVERED,SOUTH
583,692.0,2025-01-02 03:20:18,DELIVERED,EAST
584,619.0,2025-10-01 13:06:25,DELIVERED,EAST
586,842.0,2025-09-15 02:58:18,DELIVERED,SOUTH
587,234.0,2026-04-29 01:01:48,DELIVERED,WEST
588,473.0,2024-08-19 01:06:44,DELIVERED,WEST
589,715.0,2024-08-07 23:17:56,DELIVERED,NORTH
590,592.0,2026-03-29 06:37:45,DELIVERED,WEST
591,855.0,2025-04-24 20:21:56,DELIVERED,WEST
592,708.0,2024-11-02 20:50:13,PLACED,NORTH
593,158.0,2025-12-12 12:45:36,DELIVERED,WEST
594,210.0,2025-11-05 23:35:47,DELIVERED,WEST
595,584.0,2026-05-25 20:42:48,DELIVERED,SOUTH
596,567.0,2025-02-14 01:48:57,DELIVERED,NORTH
597,72.0,2026-05-28 00:04:45,SHIPPED,EAST
598,72.0,2025-03-16 23:14:01,PLACED,EAST
599,421.0,2024-07-18 13:33:45,SHIPPED,WEST
600,71.0,2026-02-17 03:47:02,SHIPPED,SOUTH
601,838.0,2024-11-18 18:47:23,DELIVERED,EAST
602,515.0,2024-12-28 16:34:01,SHIPPED,SOUTH
603,845.0,2024-09-24 06:16:08,DELIVERED,WEST
604,590.0,2025-09-25 21:59:28,DELIVERED,WEST
605,863.0,2025-03-25 04:22:06,DELIVERED,SOUTH
606,184.0,2026-03-17 01:01:13,DELIVERED,SOUTH
607,98.0,2026-05-13 09:40:51,SHIPPED,SOUTH
608,644.0,2024-08-17 17:50:13,PLACED,SOUTH
609,422.0,2025-04-18 21:20:32,RETURNED,NORTH
610,517.0,2025-07-28 03:09:34,DELIVERED,EAST
611,46.0,2025-08-27 17:43:57,DELIVERED,WEST
612,764.0,2025-09-20 01:26:20,PLACED,EAST
613,940.0,2026-03-12 19:46:23,DELIVERED,WEST
614,562.0,2025-07-08 15:33:43,DELIVERED,WEST
615,862.0,2026-01-31 16:54:35,DELIVERED,SOUTH
616,548.0,2024-10-12 10:21:40,DELIVERED,NORTH
617,158.0,2025-12-09 04:09:40,DELIVERED,SOUTH
618,49.0,2024-11-03 22:11:10,DELIVERED,NORTH
619,316.0,2025-08-27 10:39:14,PLACED,WEST
620,952.0,2025-11-10 21:05:53,SHIPPED,NORTH
621,15.0,2024-07-30 00:45:55,DELIVERED,SOUTH
622,99.0,2025-01-24 22:32:41,SHIPPED,SOUTH
624,957.0,2025-12-29 04:14:44,SHIPPED,SOUTH
625,332.0,2025-11-20 11:43:31,DELIVERED,WEST
626,226.0,2024-09-19 09:38:18,DELIVERED,EAST
628,105.0,2025-01-13 14:31:46,CANCELLED,SOUTH
629,98.0,2025-07-25 05:12:46,DELIVERED,SOUTH
630,651.0,2024-12-17 23:04:43,RETURNED,WEST
631,19.0,2024-08-09 05:52:52,DELIVERED,SOUTH
632,722.0,2024-11-08 18:33:42,DELIVERED,NORTH
633,756.0,2025-01-11 21:43:34,PLACED,SOUTH
634,304.0,2025-01-24 14:41:13,DELIVERED,SOUTH
635,613.0,2024-09-03 13:24:42,DELIVERED,SOUTH
636,660.0,2025-01-19 21:34:27,DELIVERED,WEST
637,296.0,2025-11-23 05:12:27,DELIVERED,EAST
638,553.0,2025-07-14 12:41:26,RETURNED,SOUTH
639,391.0,2025-01-29 11:30:51,DELIVERED,NORTH
640,72.0,2026-04-22 16:29:12,RETURNED,SOUTH
641,178.0,2024-07-16 21:34:21,CANCELLED,SOUTH
642,437.0,2025-10-25 19:59:12,DELIVERED,SOUTH
643,621.0,2025-07-25 13:11:18,DELIVERED,SOUTH
644,801.0,2024-12-24 00:01:58,DELIVERED,WEST
645,452.0,2025-01-07 09:11:57,DELIVERED,SOUTH
646,813.0,2024-12-11 19:57:39,DELIVERED,NORTH
647,944.0,2025-05-20 03:34:50,DELIVERED,SOUTH
648,475.0,2024-07-16 22:03:09,DELIVERED,WEST
649,140.0,2024-12-13 22:26:51,CANCELLED,NORTH
651,994.0,2025-05-27 01:49:30,DELIVERED,NORTH
652,40.0,2024-07-14 21:42:15,CANCELLED,SOUTH
653,447.0,2025-03-16 14:21:37,DELIVERED,EAST
654,501.0,2025-10-04 01:56:57,PLACED,WEST
655,754.0,2024-12-15 13:09:22,CANCELLED,EAST
656,693.0,2024-08-09 05:37:26,SHIPPED,WEST
657,151.0,2025-05-26 01:49:50,RETURNED,SOUTH
659,998.0,2025-06-06 15:26:54,SHIPPED,WEST
660,438.0,2025-10-28 10:30:49,RETURNED,WEST
661,752.0,2025-05-20 02:20:03,DELIVERED,NORTH
662,587.0,2025-11-28 04:29:16,SHIPPED,SOUTH
665,175.0,2025-12-29 21:10:06,SHIPPED,WEST
666,972.0,2025-10-29 19:40:44,SHIPPED,SOUTH
667,188.0,2025-04-13 12:42:51,RETURNED,WEST
668,935.0,2025-05-11 01:54:22,SHIPPED,EAST
669,128.0,2026-05-28 20:55:18,DELIVERED,WEST
670,779.0,2026-02-09 08:13:37,DELIVERED,NORTH
671,809.0,2026-01-21 08:52:13,DELIVERED,NORTH
672,533.0,2025-12-02 16:47:58,CANCELLED,WEST
673,619.0,2025-06-04 22:03:59,DELIVERED,EAST
674,964.0,2024-12-24 16:28:40,DELIVERED,EAST
675,826.0,2026-01-17 17:14:19,DELIVERED,SOUTH
677,634.0,2025-10-10 06:01:03,DELIVERED,SOUTH
679,993.0,2025-07-06 23:27:54,DELIVERED,WEST
680,628.0,2025-01-19 02:02:26,CANCELLED,WEST
681,878.0,2024-09-08 05:25:43,DELIVERED,SOUTH
682,891.0,2025-06-13 20:52:23,DELIVERED,NORTH
683,816.0,2025-08-05 11:11:36,RETURNED,WEST
684,457.0,2026-05-17 00:01:24,DELIVERED,SOUTH
685,772.0,2026-02-24 06:45:16,SHIPPED,NORTH
686,952.0,2025-10-23 17:53:46,SHIPPED,EAST
687,975.0,2024-10-25 20:31:53,SHIPPED,WEST
688,709.0,2024-12-30 05:38:15,DELIVERED,NORTH
689,387.0,2025-11-18 17:23:56,DELIVERED,WEST
690,229.0,2024-08-04 16:32:54,SHIPPED,EAST
691,960.0,2025-11-25 11:21:50,DELIVERED,SOUTH
692,977.0,2025-09-06 01:22:49,DELIVERED,SOUTH
693,434.0,2026-06-16 09:11:17,DELIVERED,SOUTH
694,617.0,2025-06-23 04:53:13,PLACED,WEST
695,836.0,2025-03-12 18:05:42,DELIVERED,WEST
696,291.0,2026-06-26 01:14:57,DELIVERED,NORTH
697,317.0,2025-09-08 14:19:31,SHIPPED,WEST
698,221.0,2025-09-08 16:16:21,DELIVERED,EAST
699,734.0,2025-10-02 13:42:08,DELIVERED,NORTH
700,795.0,2026-06-10 19:32:15,DELIVERED,SOUTH
701,562.0,2025-11-25 12:50:51,DELIVERED,EAST
702,401.0,2026-03-18 23:04:38,SHIPPED,SOUTH
703,562.0,2025-01-26 00:43:12,DELIVERED,NORTH
704,727.0,2026-02-27 15:55:05,DELIVERED,WEST
705,299.0,2024-11-26 05:13:05,DELIVERED,SOUTH
706,10.0,2024-09-04 19:11:11,SHIPPED,SOUTH
707,438.0,2026-03-06 20:01:22,PLACED,EAST
708,184.0,2025-03-22 01:30:45,DELIVERED,EAST
709,994.0,2025-02-04 15:46:06,SHIPPED,NORTH
710,501.0,2025-02-08 22:56:26,SHIPPED,WEST
711,815.0,2024-10-20 19:41:52,DELIVERED,WEST
713,685.0,2025-05-08 01:52:06,DELIVERED,WEST
714,764.0,2025-04-16 04:37:52,DELIVERED,WEST
715,129.0,2025-06-05 15:10:58,CANCELLED,SOUTH
716,718.0,2024-11-28 12:12:37,DELIVERED,WEST
717,858.0,2024-08-31 11:25:28,DELIVERED,NORTH
718,213.0,2025-04-03 20:28:21,SHIPPED,SOUTH
720,90.0,2024-12-22 03:11:56,PLACED,NORTH
721,373.0,2025-10-26 09:44:04,RETURNED,NORTH
722,48.0,2026-06-03 04:36:19,DELIVERED,WEST
723,503.0,2025-04-22 18:37:57,RETURNED,EAST
724,523.0,2025-10-23 02:40:35,DELIVERED,SOUTH
726,222.0,2024-12-22 10:55:18,DELIVERED,WEST
727,262.0,2025-06-17 15:28:21,SHIPPED,WEST
728,261.0,2024-10-18 06:47:12,SHIPPED,SOUTH
729,751.0,2026-04-05 04:04:12,DELIVERED,EAST
730,664.0,2026-02-10 18:07:17,DELIVERED,SOUTH
732,545.0,2025-10-09 11:47:17,PLACED,NORTH
733,342.0,2025-03-31 16:40:52,DELIVERED,EAST
735,127.0,2025-12-12 07:07:22,DELIVERED,WEST
736,358.0,2024-08-08 08:50:36,DELIVERED,NORTH
737,175.0,2026-01-02 16:31:59,SHIPPED,WEST
738,131.0,2026-07-10 16:43:18,DELIVERED,SOUTH
739,582.0,2025-08-03 15:27:26,DELIVERED,EAST
740,256.0,2024-11-06 12:20:56,DELIVERED,WEST
741,818.0,2025-11-23 10:23:29,RETURNED,SOUTH
742,879.0,2026-05-06 00:04:41,DELIVERED,NORTH
743,79.0,2024-07-20 00:34:41,SHIPPED,NORTH
744,293.0,2024-09-10 03:23:03,DELIVERED,WEST
745,955.0,2024-11-12 21:12:50,DELIVERED,NORTH
746,632.0,2025-01-11 08:45:10,PLACED,WEST
747,768.0,2025-01-19 05:32:52,DELIVERED,NORTH
748,988.0,2025-10-19 07:09:23,DELIVERED,SOUTH
749,376.0,2025-07-15 03:12:22,RETURNED,WEST
750,175.0,2026-03-07 04:25:32,CANCELLED,SOUTH
751,872.0,2025-04-19 14:52:28,SHIPPED,EAST
752,3.0,2026-01-20 04:51:58,SHIPPED,EAST
753,983.0,2024-11-25 18:35:30,PLACED,WEST
754,869.0,2025-04-16 18:42:15,DELIVERED,EAST
755,110.0,2024-09-17 22:20:44,SHIPPED,EAST
757,936.0,2024-10-11 19:42:32,DELIVERED,SOUTH
758,384.0,2026-01-14 05:15:30,SHIPPED,EAST
759,450.0,2025-03-16 01:28:32,SHIPPED,WEST
762,972.0,2025-09-28 06:15:19,SHIPPED,WEST
763,508.0,2026-02-23 01:43:23,DELIVERED,WEST
764,946.0,2024-08-10 18:48:41,SHIPPED,NORTH
765,130.0,2025-04-16 01:54:17,DELIVERED,SOUTH
766,850.0,2026-02-21 10:09:21,DELIVERED,WEST
767,289.0,2025-11-28 07:37:44,SHIPPED,SOUTH
768,192.0,2024-12-12 15:46:02,DELIVERED,SOUTH
769,440.0,2025-05-07 18:33:07,DELIVERED,SOUTH
770,876.0,2024-11-06 16:07:40,SHIPPED,SOUTH
771,281.0,2026-05-02 23:18:56,DELIVERED,SOUTH
772,53.0,2025-05-06 08:54:48,DELIVERED,SOUTH
773,437.0,2025-05-20 03:40:48,DELIVERED,EAST
774,373.0,2025-05-30 04:41:23,DELIVERED,EAST
775,187.0,2025-04-30 09:13:05,DELIVERED,SOUTH
776,287.0,2025-11-03 08:12:21,SHIPPED,WEST
777,312.0,2025-08-02 17:45:21,DELIVERED,SOUTH
778,760.0,2025-09-27 06:19:06,DELIVERED,EAST
779,283.0,2024-12-10 06:51:08,DELIVERED,SOUTH
780,617.0,2025-06-28 14:03:46,CANCELLED,SOUTH
781,457.0,2025-07-08 07:01:32,DELIVERED,EAST
782,486.0,2025-10-05 18:20:24,DELIVERED,NORTH
783,429.0,2025-11-24 06:15:34,DELIVERED,EAST
784,460.0,2025-10-02 06:57:05,DELIVERED,WEST
785,954.0,2026-02-13 15:41:21,SHIPPED,EAST
786,133.0,2026-01-21 04:47:08,PLACED,SOUTH
787,408.0,2025-04-02 21:31:08,DELIVERED,NORTH
788,769.0,2026-03-18 02:39:34,DELIVERED,EAST
789,4.0,2026-05-28 04:20:54,DELIVERED,WEST
790,738.0,2025-11-10 00:07:50,SHIPPED,EAST
791,176.0,2025-12-29 19:03:03,SHIPPED,SOUTH
792,285.0,2024-08-23 18:46:48,DELIVERED,SOUTH
794,970.0,2024-07-28 07:39:14,DELIVERED,WEST
795,302.0,2025-07-27 22:30:22,DELIVERED,EAST
796,989.0,2024-11-24 03:46:01,PLACED,NORTH
797,705.0,2025-04-13 05:27:41,DELIVERED,SOUTH
798,226.0,2026-02-14 07:29:51,DELIVERED,WEST
799,238.0,2025-02-28 01:15:51,SHIPPED,WEST
800,186.0,2025-07-18 00:01:49,SHIPPED,WEST
802,704.0,2025-08-16 20:25:19,PLACED,SOUTH
803,661.0,2026-04-21 05:21:17,DELIVERED,NORTH
804,387.0,2024-08-05 21:06:44,PLACED,NORTH
805,789.0,2025-04-24 14:18:47,DELIVERED,NORTH
806,10.0,2024-08-27 17:28:05,DELIVERED,EAST
807,88.0,2025-02-25 22:12:51,DELIVERED,WEST
808,315.0,2026-03-17 17:09:22,PLACED,EAST
809,127.0,2024-07-24 19:39:27,DELIVERED,NORTH
811,151.0,2026-03-24 02:52:54,CANCELLED,WEST
812,733.0,2026-02-04 21:40:21,SHIPPED,NORTH
813,980.0,2025-12-23 04:06:04,DELIVERED,NORTH
814,947.0,2026-06-07 05:36:44,DELIVERED,SOUTH
815,343.0,2025-11-14 14:11:08,SHIPPED,EAST
816,294.0,2026-02-06 07:54:02,CANCELLED,EAST
817,831.0,2024-08-11 15:01:39,DELIVERED,SOUTH
818,151.0,2025-01-21 15:15:36,DELIVERED,WEST
819,116.0,2024-12-27 05:41:20,SHIPPED,NORTH
820,131.0,2025-03-02 11:39:02,DELIVERED,WEST
821,997.0,2025-03-23 05:45:32,DELIVERED,SOUTH
822,563.0,2025-01-28 04:26:44,DELIVERED,SOUTH
823,595.0,2025-03-25 14:50:20,DELIVERED,SOUTH
824,241.0,2025-04-16 07:11:35,DELIVERED,EAST
825,981.0,2025-12-29 21:16:58,CANCELLED,EAST
826,888.0,2025-10-28 10:24:39,DELIVERED,WEST
827,848.0,2025-10-23 12:02:13,SHIPPED,SOUTH
828,27.0,2026-02-22 08:42:34,PLACED,NORTH
829,76.0,2025-02-24 06:21:35,SHIPPED,SOUTH
831,187.0,2026-04-20 07:30:00,DELIVERED,EAST
832,740.0,2024-08-14 13:36:16,DELIVERED,EAST
833,62.0,2025-09-24 21:41:40,DELIVERED,SOUTH
835,514.0,2024-11-03 14:37:19,CANCELLED,EAST
836,535.0,2025-10-07 21:36:29,DELIVERED,WEST
837,225.0,2024-08-18 19:26:02,RETURNED,NORTH
838,480.0,2025-12-09 21:34:14,DELIVERED,WEST
839,823.0,2026-06-13 10:49:10,SHIPPED,NORTH
840,618.0,2026-02-22 22:25:40,SHIPPED,SOUTH
842,654.0,2025-11-04 22:04:43,PLACED,NORTH
843,810.0,2025-06-06 08:06:22,PLACED,EAST
845,401.0,2026-01-31 03:23:02,DELIVERED,NORTH
846,919.0,2025-01-09 02:38:52,DELIVERED,SOUTH
848,156.0,2025-09-10 12:19:12,DELIVERED,SOUTH
849,827.0,2025-12-05 16:36:41,DELIVERED,EAST
850,135.0,2024-10-30 02:35:04,DELIVERED,WEST
852,581.0,2025-06-05 17:28:48,DELIVERED,SOUTH
853,317.0,2024-09-28 17:20:59,DELIVERED,NORTH
854,466.0,2024-08-08 03:50:35,SHIPPED,EAST
855,362.0,2025-11-02 22:28:09,DELIVERED,EAST
856,263.0,2024-11-17 20:45:21,CANCELLED,NORTH
857,500.0,2025-09-04 01:03:56,DELIVERED,SOUTH
858,525.0,2025-07-19 08:28:54,DELIVERED,WEST
859,270.0,2026-05-30 07:17:41,PLACED,NORTH
860,251.0,2025-04-22 19:18:08,SHIPPED,NORTH
861,163.0,2025-07-27 22:10:32,SHIPPED,WEST
862,358.0,2025-10-06 06:43:57,CANCELLED,WEST
863,185.0,2025-02-21 06:08:38,CANCELLED,WEST
864,337.0,2025-12-17 00:37:16,DELIVERED,SOUTH
865,488.0,2024-12-26 17:01:04,DELIVERED,WEST
866,219.0,2026-06-19 12:51:42,DELIVERED,WEST
867,828.0,2025-02-14 18:06:23,DELIVERED,NORTH
868,24.0,2025-02-19 00:07:55,SHIPPED,SOUTH
869,71.0,2024-12-20 20:36:50,DELIVERED,WEST
870,538.0,2025-07-02 06:41:23,SHIPPED,NORTH
871,924.0,2025-09-02 07:07:23,SHIPPED,SOUTH
872,430.0,2024-08-12 23:54:20,DELIVERED,WEST
873,710.0,2024-09-01 03:38:53,DELIVERED,SOUTH
874,684.0,2025-03-01 15:12:44,DELIVERED,EAST
876,994.0,2025-07-05 00:12:40,DELIVERED,WEST
877,878.0,2025-08-01 19:52:38,RETURNED,NORTH
879,222.0,2024-08-25 17:43:26,RETURNED,NORTH
880,373.0,2025-05-02 23:45:19,DELIVERED,NORTH
881,665.0,2025-04-07 20:15:45,DELIVERED,WEST
882,784.0,2025-12-05 22:22:51,DELIVERED,EAST
883,610.0,2026-01-13 21:07:47,SHIPPED,WEST
884,719.0,2025-05-06 21:53:40,DELIVERED,NORTH
886,770.0,2025-04-08 12:52:09,DELIVERED,NORTH
887,873.0,2024-08-26 16:07:59,DELIVERED,WEST
888,877.0,2026-02-11 16:51:40,RETURNED,WEST
889,841.0,2025-08-30 17:30:46,DELIVERED,EAST
890,520.0,2026-06-10 13:46:47,SHIPPED,WEST
891,5.0,2024-07-24 02:35:56,PLACED,SOUTH
892,861.0,2025-04-24 00:17:21,DELIVERED,EAST
893,586.0,2024-07-18 19:38:00,RETURNED,SOUTH
894,403.0,2024-09-14 21:59:11,DELIVERED,SOUTH
895,400.0,2026-04-16 07:58:16,CANCELLED,SOUTH
896,102.0,2025-04-14 13:22:50,SHIPPED,WEST
897,643.0,2025-09-21 04:18:46,SHIPPED,EAST
901,669.0,2025-04-16 14:23:32,DELIVERED,SOUTH
902,827.0,2024-07-20 19:53:53,DELIVERED,EAST
903,148.0,2025-07-09 16:25:03,DELIVERED,NORTH
904,950.0,2024-08-25 23:58:12,SHIPPED,SOUTH
905,507.0,2025-11-04 20:30:54,SHIPPED,NORTH
906,23.0,2024-11-30 09:43:13,DELIVERED,SOUTH
907,385.0,2026-01-18 22:42:18,DELIVERED,SOUTH
908,11.0,2025-07-31 07:09:08,DELIVERED,NORTH
909,352.0,2025-06-16 01:05:54,DELIVERED,NORTH
910,760.0,2025-08-25 03:11:55,DELIVERED,NORTH
911,780.0,2026-03-20 17:12:43,SHIPPED,SOUTH
913,494.0,2024-12-21 17:49:22,DELIVERED,EAST
914,829.0,2025-02-23 18:22:31,DELIVERED,SOUTH
915,203.0,2025-03-20 12:53:28,SHIPPED,WEST
916,813.0,2024-09-08 16:01:26,DELIVERED,WEST
917,457.0,2025-10-04 08:29:02,DELIVERED,NORTH
918,440.0,2025-01-03 18:40:49,DELIVERED,NORTH
919,911.0,2026-03-09 21:55:19,DELIVERED,EAST
920,899.0,2026-01-05 01:54:18,DELIVERED,NORTH
921,829.0,2026-07-01 15:40:10,DELIVERED,NORTH
922,381.0,2026-02-07 23:35:42,SHIPPED,EAST
923,735.0,2025-01-02 23:33:59,DELIVERED,SOUTH
924,395.0,2024-12-30 21:35:34,SHIPPED,EAST
925,969.0,2024-08-10 07:47:48,PLACED,WEST
926,446.0,2025-08-02 06:55:19,SHIPPED,WEST
927,282.0,2026-07-09 11:34:26,SHIPPED,EAST
928,243.0,2024-11-15 09:05:27,DELIVERED,NORTH
929,292.0,2025-09-24 06:54:28,PLACED,NORTH
930,17.0,2025-05-03 07:23:12,DELIVERED,EAST
931,772.0,2025-03-27 22:42:20,DELIVERED,WEST
932,403.0,2025-04-23 22:25:43,DELIVERED,NORTH
934,331.0,2025-02-28 00:44:44,SHIPPED,NORTH
935,924.0,2025-12-31 03:45:19,DELIVERED,NORTH
936,889.0,2026-01-11 03:50:12,PLACED,NORTH
937,77.0,2025-07-06 22:40:11,DELIVERED,WEST
938,175.0,2026-05-01 00:35:12,SHIPPED,EAST
939,772.0,2025-01-15 01:03:07,DELIVERED,WEST
940,535.0,2024-10-12 14:11:57,DELIVERED,EAST
941,749.0,2026-03-06 01:49:28,DELIVERED,NORTH
942,856.0,2026-04-06 01:46:59,DELIVERED,SOUTH
943,77.0,2026-01-16 17:43:48,PLACED,SOUTH
944,395.0,2025-04-04 17:17:12,SHIPPED,EAST
945,320.0,2025-10-26 03:53:02,DELIVERED,NORTH
946,225.0,2025-11-13 01:50:09,DELIVERED,SOUTH
947,193.0,2024-09-22 10:24:34,DELIVERED,NORTH
948,898.0,2026-01-12 16:26:05,PLACED,WEST
949,30.0,2025-08-22 02:31:06,DELIVERED,NORTH
950,87.0,2024-07-18 00:42:00,DELIVERED,WEST
951,55.0,2024-10-19 08:52:10,PLACED,WEST
952,433.0,2024-12-29 18:46:15,SHIPPED,EAST
953,506.0,2026-01-03 01:55:34,PLACED,SOUTH
954,225.0,2026-03-22 23:29:15,DELIVERED,SOUTH
955,104.0,2025-10-16 22:41:34,DELIVERED,WEST
956,104.0,2025-06-22 04:19:58,DELIVERED,WEST
957,805.0,2025-01-02 09:17:00,DELIVERED,EAST
958,97.0,2026-03-20 23:09:47,DELIVERED,EAST
959,705.0,2026-07-03 17:05:27,PLACED,SOUTH
963,839.0,2025-04-17 09:46:56,SHIPPED,SOUTH
964,172.0,2025-12-21 06:47:17,PLACED,EAST
965,753.0,2025-12-04 22:05:58,DELIVERED,EAST
966,14.0,2025-08-08 09:42:04,DELIVERED,WEST
967,703.0,2026-01-10 11:42:37,SHIPPED,WEST
968,676.0,2025-10-29 01:32:05,PLACED,WEST
969,763.0,2026-04-29 12:00:26,DELIVERED,NORTH
970,899.0,2025-06-24 03:02:14,CANCELLED,SOUTH
971,696.0,2025-12-29 13:36:40,DELIVERED,EAST
972,43.0,2025-05-14 12:25:10,DELIVERED,NORTH
973,466.0,2025-11-19 10:44:04,DELIVERED,NORTH
974,511.0,2026-02-26 22:44:40,DELIVERED,EAST
975,681.0,2026-04-18 20:16:25,PLACED,EAST
977,6.0,2025-03-28 12:13:09,PLACED,EAST
978,900.0,2025-11-21 08:07:31,DELIVERED,SOUTH
979,731.0,2025-09-26 11:53:32,SHIPPED,NORTH
980,33.0,2025-01-02 05:53:08,DELIVERED,WEST
981,991.0,2025-02-22 13:40:14,CANCELLED,EAST
982,447.0,2026-03-28 12:37:33,DELIVERED,SOUTH
983,427.0,2025-07-04 22:42:35,PLACED,WEST
984,385.0,2026-03-31 21:07:58,PLACED,WEST
985,516.0,2024-09-06 21:48:00,DELIVERED,WEST
987,144.0,2026-05-16 21:03:20,SHIPPED,EAST
988,557.0,2025-02-02 11:45:44,PLACED,WEST
989,687.0,2026-05-13 16:50:22,DELIVERED,WEST
990,87.0,2025-01-17 22:03:41,DELIVERED,EAST
991,842.0,2024-08-20 22:00:37,DELIVERED,NORTH
992,599.0,2025-01-31 05:32:05,PLACED,SOUTH
993,576.0,2025-03-27 04:39:05,SHIPPED,SOUTH
994,319.0,2025-06-05 03:14:46,DELIVERED,SOUTH
995,1.0,2024-09-10 01:28:35,DELIVERED,SOUTH
996,486.0,2025-04-13 02:32:35,DELIVERED,NORTH
997,496.0,2025-07-09 21:54:53,DELIVERED,EAST
998,698.0,2025-10-20 14:11:58,SHIPPED,SOUTH
999,190.0,2025-04-29 14:57:05,SHIPPED,SOUTH
1000,297.0,2025-10-03 05:50:30,DELIVERED,EAST
1001,401.0,2024-12-15 14:08:56,DELIVERED,WEST
1002,291.0,2026-04-23 10:29:17,PLACED,EAST
1004,480.0,2025-09-22 06:12:50,PLACED,SOUTH
1005,877.0,2025-10-11 04:26:47,CANCELLED,WEST
1006,179.0,2024-09-02 10:26:40,DELIVERED,EAST
1007,880.0,2025-10-07 08:26:04,DELIVERED,EAST
1008,70.0,2026-01-22 02:07:16,DELIVERED,WEST
1009,185.0,2024-08-23 05:06:26,DELIVERED,EAST
1010,332.0,2024-08-07 02:27:07,DELIVERED,WEST
1011,31.0,2026-02-05 18:30:40,PLACED,NORTH
1012,696.0,2026-04-12 06:57:04,RETURNED,SOUTH
1013,902.0,2025-08-25 11:57:27,DELIVERED,WEST
1014,64.0,2026-02-01 04:57:37,DELIVERED,NORTH
1015,384.0,2025-08-20 19:38:52,CANCELLED,EAST
1016,461.0,2025-12-26 10:06:54,DELIVERED,SOUTH
1017,503.0,2026-06-05 02:18:11,SHIPPED,SOUTH
1018,542.0,2026-01-11 02:53:01,DELIVERED,NORTH
1020,699.0,2025-02-02 23:18:52,DELIVERED,WEST
1021,213.0,2025-03-27 02:57:32,DELIVERED,SOUTH
1022,450.0,2024-10-25 12:13:32,PLACED,NORTH
1023,530.0,2025-09-27 04:08:52,SHIPPED,EAST
1025,70.0,2025-01-18 00:08:13,SHIPPED,SOUTH
1026,955.0,2025-09-18 22:04:22,DELIVERED,NORTH
1027,960.0,2024-10-15 09:23:48,PLACED,EAST
1028,206.0,2026-02-25 03:31:17,SHIPPED,EAST
1029,680.0,2025-12-28 15:27:08,DELIVERED,NORTH
1030,73.0,2025-08-10 21:58:01,DELIVERED,NORTH
1031,491.0,2025-11-21 08:33:28,PLACED,NORTH
1032,231.0,2026-02-12 20:01:30,DELIVERED,SOUTH
1034,756.0,2026-03-25 12:43:31,DELIVERED,WEST
1035,441.0,2024-08-11 03:46:38,SHIPPED,NORTH
1036,926.0,2026-03-04 17:52:55,DELIVERED,NORTH
1037,95.0,2024-08-12 03:52:12,DELIVERED,NORTH
1038,16.0,2025-03-19 13:36:35,PLACED,NORTH
1039,185.0,2024-10-19 15:52:02,DELIVERED,SOUTH
1040,133.0,2025-05-25 00:41:39,SHIPPED,NORTH
1041,961.0,2024-09-09 07:01:46,DELIVERED,EAST
1042,880.0,2025-10-09 05:42:22,CANCELLED,EAST
1043,251.0,2024-08-13 10:28:53,DELIVERED,NORTH
1044,923.0,2026-01-09 01:24:06,DELIVERED,NORTH
1045,141.0,2026-03-08 21:07:10,DELIVERED,SOUTH
1046,743.0,2025-06-29 19:54:50,RETURNED,WEST
1048,394.0,2026-04-30 07:56:38,PLACED,WEST
1049,884.0,2026-05-29 16:43:35,SHIPPED,WEST
1050,442.0,2025-10-29 07:24:43,PLACED,EAST
1051,932.0,2024-09-30 18:58:49,CANCELLED,EAST
1053,802.0,2026-04-24 16:25:43,PLACED,NORTH
1054,976.0,2026-06-12 11:43:33,DELIVERED,WEST
1055,737.0,2025-03-19 12:35:27,SHIPPED,WEST
1056,947.0,2025-01-05 04:10:45,SHIPPED,EAST
1057,256.0,2025-12-05 04:49:04,DELIVERED,NORTH
1058,371.0,2024-07-29 23:56:36,DELIVERED,NORTH
1059,583.0,2026-04-02 07:56:12,DELIVERED,WEST
1060,451.0,2024-07-20 18:37:34,DELIVERED,SOUTH
1061,594.0,2024-08-10 17:52:40,DELIVERED,EAST
1062,452.0,2025-08-01 22:04:27,SHIPPED,WEST
1063,646.0,2026-05-19 17:44:08,DELIVERED,SOUTH
1064,40.0,2024-11-06 11:39:38,DELIVERED,EAST
1066,17.0,2025-10-21 20:11:51,DELIVERED,NORTH
1067,359.0,2026-03-16 13:57:18,SHIPPED,NORTH
1068,334.0,2024-07-20 13:50:49,DELIVERED,NORTH
1070,418.0,2026-04-17 11:36:11,CANCELLED,EAST
1071,165.0,2026-04-25 07:37:54,SHIPPED,NORTH
1072,217.0,2024-11-29 16:08:42,DELIVERED,EAST
1073,388.0,2025-05-03 18:00:32,DELIVERED,WEST
1074,665.0,2024-12-08 12:20:49,CANCELLED,SOUTH
1075,589.0,2025-07-17 21:52:12,DELIVERED,NORTH
1076,541.0,2025-05-22 17:11:49,DELIVERED,WEST
1077,200.0,2025-10-14 07:55:25,SHIPPED,SOUTH
1078,371.0,2026-01-23 05:41:19,RETURNED,SOUTH
1079,981.0,2024-08-15 13:22:33,DELIVERED,NORTH
1080,670.0,2024-10-16 12:00:18,DELIVERED,SOUTH
1081,847.0,2024-07-27 17:25:51,SHIPPED,WEST
1082,682.0,2025-12-09 13:43:21,SHIPPED,EAST
1083,419.0,2024-12-11 22:42:50,DELIVERED,SOUTH
1084,898.0,2025-04-27 13:18:08,DELIVERED,WEST
1085,130.0,2024-12-18 10:44:58,PLACED,SOUTH
1086,136.0,2026-03-15 06:24:30,DELIVERED,WEST
1087,412.0,2025-12-30 02:19:47,SHIPPED,EAST
1088,920.0,2025-10-23 07:11:40,SHIPPED,NORTH
1089,943.0,2025-12-07 04:42:05,DELIVERED,WEST
1090,447.0,2025-01-10 03:30:34,SHIPPED,SOUTH
1091,604.0,2026-03-25 15:31:11,PLACED,NORTH
1092,379.0,2025-09-25 23:28:09,DELIVERED,SOUTH
1093,603.0,2026-06-08 01:36:39,SHIPPED,WEST
1094,578.0,2024-12-17 21:20:54,DELIVERED,WEST
1095,394.0,2025-05-02 17:20:34,SHIPPED,SOUTH
1096,285.0,2025-07-14 17:57:40,PLACED,EAST
1097,295.0,2025-08-13 10:02:46,DELIVERED,EAST
1098,266.0,2025-07-24 05:39:34,CANCELLED,EAST
1099,212.0,2026-01-22 18:46:57,SHIPPED,NORTH
1100,553.0,2024-11-10 23:53:26,DELIVERED,NORTH
1101,289.0,2026-05-12 06:11:40,DELIVERED,SOUTH
1102,303.0,2026-02-18 11:30:45,CANCELLED,NORTH
1103,443.0,2026-04-26 11:43:03,SHIPPED,EAST
1104,120.0,2024-10-04 10:34:02,DELIVERED,SOUTH
1105,335.0,2026-06-03 06:55:38,DELIVERED,NORTH
1106,323.0,2026-04-06 03:57:03,SHIPPED,EAST
1107,572.0,2025-04-27 20:31:32,PLACED,NORTH
1108,601.0,2026-05-29 16:51:55,DELIVERED,EAST
1109,497.0,2026-07-11 17:47:52,SHIPPED,SOUTH
1110,91.0,2026-04-12 09:55:09,DELIVERED,NORTH
1111,503.0,2024-08-12 02:31:37,SHIPPED,WEST
1112,629.0,2024-12-19 16:15:19,DELIVERED,WEST
1113,978.0,2024-12-01 07:20:40,SHIPPED,EAST
1114,502.0,2026-05-02 14:03:23,DELIVERED,WEST
1115,225.0,2025-03-25 19:26:59,DELIVERED,EAST
1116,458.0,2026-03-05 23:16:00,SHIPPED,WEST
1117,677.0,2025-10-18 18:14:55,DELIVERED,WEST
1118,885.0,2024-10-31 14:42:35,SHIPPED,EAST
1119,221.0,2024-08-01 15:42:41,PLACED,EAST
1120,326.0,2025-07-01 01:09:32,DELIVERED,EAST
1121,275.0,2026-03-20 11:13:34,DELIVERED,NORTH
1122,420.0,2026-04-30 17:37:37,DELIVERED,NORTH
1123,629.0,2026-02-10 11:59:36,DELIVERED,NORTH
1124,93.0,2026-07-09 07:41:12,DELIVERED,NORTH
1125,532.0,2024-10-13 04:33:45,RETURNED,WEST
1126,235.0,2024-09-20 05:34:36,DELIVERED,WEST
1128,811.0,2024-11-15 19:32:18,DELIVERED,SOUTH
1129,705.0,2024-12-20 12:59:49,SHIPPED,WEST
1130,135.0,2026-06-03 12:45:45,DELIVERED,NORTH
1131,740.0,2026-05-24 05:21:04,PLACED,SOUTH
1132,603.0,2025-04-24 01:01:18,DELIVERED,EAST
1134,993.0,2026-04-06 12:35:55,SHIPPED,NORTH
1135,417.0,2025-05-20 11:12:53,CANCELLED,SOUTH
1136,509.0,2025-04-12 20:47:48,DELIVERED,NORTH
1137,592.0,2025-02-26 22:35:12,SHIPPED,EAST
1138,112.0,2025-02-21 02:14:40,DELIVERED,NORTH
1139,174.0,2026-02-18 22:25:04,DELIVERED,NORTH
1140,632.0,2024-10-24 03:39:43,DELIVERED,SOUTH
1141,506.0,2025-09-06 06:39:32,DELIVERED,SOUTH
1143,774.0,2025-10-06 12:36:09,DELIVERED,SOUTH
1144,726.0,2024-07-25 23:21:30,DELIVERED,NORTH
1145,436.0,2026-06-13 05:33:26,DELIVERED,SOUTH
1146,125.0,2026-05-17 13:36:11,RETURNED,NORTH
1147,508.0,2026-03-31 04:19:35,DELIVERED,WEST
1148,304.0,2025-10-09 20:25:48,DELIVERED,EAST
1149,630.0,2025-08-26 10:10:22,SHIPPED,EAST
1150,210.0,2024-07-23 04:11:13,DELIVERED,EAST
1151,216.0,2026-06-24 04:23:08,DELIVERED,SOUTH
1153,6.0,2025-10-03 14:20:11,DELIVERED,WEST
1154,63.0,2025-11-01 01:02:51,PLACED,SOUTH
1155,15.0,2025-06-06 13:18:38,DELIVERED,WEST
1156,314.0,2025-06-26 22:36:02,CANCELLED,SOUTH
1157,157.0,2025-05-31 07:30:30,SHIPPED,NORTH
1158,535.0,2025-02-28 11:51:04,DELIVERED,EAST
1159,755.0,2025-01-16 10:22:14,DELIVERED,SOUTH
1161,487.0,2024-11-16 07:06:31,DELIVERED,NORTH
1162,827.0,2026-01-16 16:28:14,DELIVERED,NORTH
1163,403.0,2026-06-04 05:04:59,DELIVERED,EAST
1164,325.0,2026-02-14 05:00:15,DELIVERED,SOUTH
1165,854.0,2025-09-26 02:30:23,DELIVERED,WEST
1166,808.0,2025-12-01 01:14:57,DELIVERED,EAST
1167,887.0,2026-01-31 16:35:27,DELIVERED,WEST
1168,574.0,2025-10-26 14:46:31,SHIPPED,EAST
1169,766.0,2025-03-05 16:21:38,DELIVERED,SOUTH
1171,14.0,2026-02-04 00:15:29,SHIPPED,WEST
1172,713.0,2025-03-22 04:21:11,PLACED,NORTH
1173,950.0,2025-12-01 09:16:48,DELIVERED,SOUTH
1174,896.0,2025-05-01 15:01:45,SHIPPED,EAST
1176,855.0,2024-07-23 08:01:00,DELIVERED,NORTH
1177,879.0,2026-05-10 00:41:53,SHIPPED,NORTH
1178,689.0,2024-10-27 18:21:22,DELIVERED,EAST
1179,964.0,2025-12-18 08:25:55,DELIVERED,NORTH
1180,845.0,2025-01-03 02:12:26,SHIPPED,SOUTH
1181,283.0,2026-02-26 00:20:21,DELIVERED,NORTH
1182,575.0,2025-12-18 20:40:07,DELIVERED,NORTH
1183,475.0,2025-06-09 17:49:16,SHIPPED,NORTH
1185,384.0,2026-06-03 16:47:25,CANCELLED,EAST
1186,658.0,2026-04-18 21:25:12,DELIVERED,SOUTH
1187,389.0,2025-02-03 01:05:41,SHIPPED,EAST
1188,856.0,2025-11-22 03:47:39,SHIPPED,EAST
1189,451.0,2026-03-17 13:27:07,DELIVERED,EAST
1190,536.0,2024-10-24 11:04:28,DELIVERED,NORTH
1191,600.0,2025-08-24 07:33:59,SHIPPED,WEST
1192,831.0,2024-08-30 16:43:20,DELIVERED,EAST
1193,792.0,2026-04-12 13:41:38,SHIPPED,NORTH
1194,647.0,2024-08-05 13:56:59,DELIVERED,EAST
1195,675.0,2025-03-25 17:04:19,DELIVERED,EAST
1196,9.0,2025-12-26 13:14:18,DELIVERED,NORTH
1197,367.0,2024-09-15 19:48:54,SHIPPED,NORTH
1198,632.0,2025-12-27 14:54:50,DELIVERED,WEST
1199,250.0,2024-11-03 20:28:14,DELIVERED,WEST
1200,995.0,2025-01-22 23:37:16,CANCELLED,NORTH
1201,793.0,2025-04-03 04:15:45,DELIVERED,SOUTH
1202,945.0,2024-08-12 20:04:49,DELIVERED,SOUTH
1203,582.0,2024-12-25 18:58:52,DELIVERED,NORTH
1204,317.0,2024-11-09 06:15:29,DELIVERED,WEST
1205,1.0,2026-03-09 03:12:08,SHIPPED,EAST
1206,242.0,2026-05-09 12:41:50,DELIVERED,SOUTH
1208,704.0,2024-08-09 08:09:33,DELIVERED,WEST
1209,724.0,2024-09-28 09:33:56,DELIVERED,EAST
1210,137.0,2025-06-01 17:46:14,SHIPPED,WEST
1211,547.0,2024-09-02 09:38:38,DELIVERED,NORTH
1212,624.0,2025-04-15 06:06:17,DELIVERED,NORTH
1213,770.0,2024-10-17 05:15:24,SHIPPED,WEST
1214,217.0,2026-02-13 02:31:31,DELIVERED,SOUTH
1215,292.0,2026-01-18 17:22:31,DELIVERED,EAST
1216,432.0,2026-02-16 16:14:16,DELIVERED,NORTH
1217,85.0,2025-03-20 06:51:38,DELIVERED,WEST
1218,13.0,2026-04-29 06:03:28,DELIVERED,WEST
1220,265.0,2025-12-23 20:54:00,DELIVERED,WEST
1221,800.0,2025-11-21 10:16:07,DELIVERED,EAST
1222,184.0,2025-06-08 11:44:32,DELIVERED,NORTH
1223,346.0,2025-04-10 03:10:51,SHIPPED,WEST
1224,476.0,2025-02-03 23:13:09,DELIVERED,EAST
1225,614.0,2026-04-12 11:37:35,DELIVERED,EAST
1226,25.0,2026-04-02 14:54:47,DELIVERED,NORTH
1227,305.0,2025-01-31 08:09:25,DELIVERED,NORTH
1228,406.0,2024-11-26 17:05:11,PLACED,SOUTH
1229,442.0,2026-07-06 02:27:34,DELIVERED,SOUTH
1230,926.0,2025-12-04 23:35:18,DELIVERED,WEST
1232,743.0,2025-10-19 02:00:28,DELIVERED,WEST
1233,189.0,2024-09-29 00:21:08,DELIVERED,NORTH
1234,444.0,2024-10-18 13:53:30,DELIVERED,EAST
1235,553.0,2024-08-02 23:31:57,DELIVERED,EAST
1236,221.0,2026-04-18 23:26:15,DELIVERED,SOUTH
1237,688.0,2025-09-04 20:34:24,SHIPPED,EAST
1238,417.0,2025-06-06 20:59:00,DELIVERED,EAST
1239,614.0,2024-07-26 06:00:52,PLACED,SOUTH
1241,651.0,2024-12-09 16:01:11,DELIVERED,NORTH
1242,328.0,2025-06-14 12:48:03,DELIVERED,WEST
1243,715.0,2025-11-18 09:03:46,DELIVERED,NORTH
1244,575.0,2025-12-13 06:27:15,DELIVERED,EAST
1245,769.0,2024-10-19 17:09:17,PLACED,SOUTH
1246,579.0,2025-09-24 05:03:32,PLACED,EAST
1247,503.0,2026-05-24 21:39:25,DELIVERED,WEST
1248,871.0,2026-01-13 21:02:47,SHIPPED,NORTH
1249,183.0,2025-01-25 21:11:05,RETURNED,WEST
1250,361.0,2026-04-10 16:20:53,DELIVERED,EAST
1251,646.0,2025-04-24 06:33:47,RETURNED,EAST
1252,546.0,2026-02-24 21:18:40,DELIVERED,WEST
1253,947.0,2026-04-24 18:35:04,SHIPPED,EAST
1255,669.0,2024-08-22 14:23:32,SHIPPED,NORTH
1256,142.0,2026-06-05 22:17:41,PLACED,WEST
1257,333.0,2026-06-16 15:37:44,DELIVERED,NORTH
1258,24.0,2026-03-07 11:42:04,DELIVERED,SOUTH
1259,166.0,2026-07-10 11:13:11,SHIPPED,WEST
1260,944.0,2025-04-04 13:07:47,PLACED,NORTH
1261,473.0,2025-09-11 20:54:47,DELIVERED,SOUTH
1262,997.0,2024-09-02 17:57:37,DELIVERED,EAST
1263,931.0,2026-02-11 04:29:56,RETURNED,NORTH
1264,699.0,2025-09-04 02:44:34,RETURNED,WEST
1265,428.0,2024-12-04 02:32:45,DELIVERED,NORTH
1266,848.0,2024-08-21 15:11:33,DELIVERED,NORTH
1267,734.0,2025-08-03 09:58:28,DELIVERED,NORTH
1268,868.0,2025-11-14 10:30:23,DELIVERED,NORTH
1269,376.0,2026-06-12 15:43:28,CANCELLED,WEST
1270,100.0,2024-08-14 07:23:53,DELIVERED,WEST
1271,776.0,2026-03-17 05:39:02,DELIVERED,WEST
1272,582.0,2024-12-16 18:02:54,SHIPPED,EAST
1274,163.0,2025-04-24 00:56:19,DELIVERED,EAST
1275,825.0,2025-12-08 17:44:24,SHIPPED,WEST
1276,234.0,2025-07-24 18:52:46,DELIVERED,NORTH
1277,739.0,2025-07-05 14:21:13,DELIVERED,WEST
1278,175.0,2026-01-13 12:47:17,DELIVERED,EAST
1279,388.0,2025-07-05 04:47:04,SHIPPED,WEST
1280,919.0,2024-09-15 11:49:11,PLACED,SOUTH
1281,230.0,2025-04-19 20:01:47,DELIVERED,NORTH
1282,366.0,2025-04-23 01:43:56,DELIVERED,NORTH
1283,867.0,2025-07-16 06:57:27,DELIVERED,SOUTH
1284,34.0,2026-06-23 14:06:09,DELIVERED,NORTH
1285,985.0,2025-07-09 20:37:38,DELIVERED,NORTH
1286,536.0,2024-07-21 04:32:16,DELIVERED,SOUTH
1287,735.0,2026-06-06 23:53:13,DELIVERED,EAST
1288,195.0,2026-04-17 09:09:39,CANCELLED,SOUTH
1289,63.0,2025-09-22 06:21:23,DELIVERED,WEST
1290,550.0,2025-01-13 16:24:22,DELIVERED,NORTH
1291,120.0,2025-12-10 16:01:15,PLACED,SOUTH
1292,308.0,2025-05-18 11:16:31,DELIVERED,NORTH
1293,454.0,2024-10-30 04:15:28,DELIVERED,WEST
1294,258.0,2025-11-11 21:35:17,DELIVERED,SOUTH
1295,495.0,2024-11-12 09:01:10,SHIPPED,SOUTH
1296,695.0,2026-07-07 06:39:55,DELIVERED,SOUTH
1297,327.0,2025-07-23 19:09:19,DELIVERED,SOUTH
1298,443.0,2025-03-13 16:07:44,DELIVERED,EAST
1299,552.0,2024-10-06 12:06:27,SHIPPED,SOUTH
1300,514.0,2025-04-02 04:05:48,DELIVERED,EAST
1301,216.0,2025-12-08 12:29:19,SHIPPED,WEST
1302,873.0,2026-04-18 03:17:24,DELIVERED,WEST
1303,808.0,2026-01-28 01:44:34,SHIPPED,EAST
1304,877.0,2026-01-28 15:42:28,DELIVERED,EAST
1305,323.0,2026-04-21 01:47:08,DELIVERED,WEST
1307,786.0,2024-07-22 18:09:41,SHIPPED,EAST
1308,383.0,2025-01-12 10:37:55,DELIVERED,SOUTH
1309,633.0,2024-11-29 03:53:51,SHIPPED,SOUTH
1310,741.0,2025-03-04 21:52:44,DELIVERED,NORTH
1311,400.0,2026-01-04 01:10:57,DELIVERED,EAST
1312,601.0,2025-04-19 12:50:59,DELIVERED,EAST
1313,449.0,2025-10-19 05:09:25,SHIPPED,NORTH
1314,794.0,2025-03-23 14:02:57,DELIVERED,EAST
1315,576.0,2026-04-10 07:07:41,DELIVERED,EAST
1317,717.0,2025-01-04 06:47:14,DELIVERED,WEST
1318,220.0,2025-12-30 04:12:31,DELIVERED,EAST
1319,995.0,2024-10-05 07:52:06,DELIVERED,NORTH
1320,658.0,2024-07-16 20:56:01,DELIVERED,NORTH
1321,62.0,2025-09-22 06:25:14,PLACED,WEST
1322,983.0,2025-11-26 10:35:02,DELIVERED,WEST
1323,342.0,2026-03-24 22:51:18,DELIVERED,NORTH
1324,818.0,2024-07-18 00:16:07,DELIVERED,WEST
1325,196.0,2025-01-19 02:21:12,DELIVERED,EAST
1326,911.0,2025-03-22 22:54:20,DELIVERED,NORTH
1327,590.0,2026-04-26 14:28:52,DELIVERED,WEST
1330,670.0,2025-08-30 10:22:26,DELIVERED,EAST
1331,733.0,2025-05-16 01:54:05,DELIVERED,SOUTH
1332,104.0,2025-05-17 10:55:03,DELIVERED,SOUTH
1333,978.0,2026-05-02 16:25:03,CANCELLED,SOUTH
1334,168.0,2025-11-17 11:40:13,CANCELLED,SOUTH
1335,28.0,2024-11-26 09:47:16,DELIVERED,WEST
1337,409.0,2026-01-15 03:33:32,DELIVERED,NORTH
1338,180.0,2026-04-17 11:27:10,DELIVERED,SOUTH
1339,124.0,2026-02-18 00:46:21,DELIVERED,EAST
1340,216.0,2025-07-15 01:17:34,DELIVERED,EAST
1342,103.0,2025-05-06 16:27:07,DELIVERED,WEST
1343,668.0,2026-05-21 21:54:02,PLACED,WEST
1344,17.0,2024-08-30 03:19:16,DELIVERED,EAST
1346,482.0,2025-03-28 16:03:50,DELIVERED,EAST
1347,425.0,2024-12-22 01:31:51,SHIPPED,SOUTH
1348,830.0,2026-04-04 23:20:22,CANCELLED,SOUTH
1350,30.0,2024-10-08 07:17:58,DELIVERED,NORTH
1351,148.0,2024-08-12 04:17:55,DELIVERED,SOUTH
1352,16.0,2026-04-25 09:02:19,DELIVERED,NORTH
1353,488.0,2026-02-04 12:56:17,DELIVERED,WEST
1355,673.0,2025-09-22 20:40:30,DELIVERED,NORTH
1356,767.0,2025-05-09 01:24:58,SHIPPED,SOUTH
1357,147.0,2026-06-05 18:16:51,PLACED,WEST
1358,630.0,2025-01-27 01:23:53,SHIPPED,EAST
1359,998.0,2026-03-14 17:22:58,DELIVERED,EAST
1360,135.0,2026-02-21 15:01:54,SHIPPED,NORTH
1361,819.0,2025-05-16 18:48:31,SHIPPED,SOUTH
1363,586.0,2025-08-04 15:29:31,SHIPPED,WEST
1364,220.0,2024-07-17 09:58:35,DELIVERED,EAST
1365,527.0,2024-07-22 14:16:53,DELIVERED,EAST
1366,893.0,2025-11-06 11:11:56,DELIVERED,EAST
1367,270.0,2024-10-19 12:05:52,DELIVERED,SOUTH
1368,999.0,2026-02-10 22:17:10,DELIVERED,EAST
1369,356.0,2026-02-10 20:22:21,RETURNED,NORTH
1370,996.0,2025-12-29 18:48:16,CANCELLED,SOUTH
1372,799.0,2026-05-07 22:47:26,DELIVERED,EAST
1373,711.0,2024-12-09 00:16:23,DELIVERED,NORTH
1374,651.0,2025-08-03 23:10:18,DELIVERED,SOUTH
1375,979.0,2025-01-24 08:19:31,SHIPPED,WEST
1376,923.0,2024-12-09 15:48:26,DELIVERED,EAST
1377,961.0,2026-02-01 06:46:36,DELIVERED,EAST
1378,752.0,2025-12-18 05:53:05,PLACED,WEST
1379,493.0,2024-10-04 18:16:08,DELIVERED,SOUTH
1380,164.0,2024-11-14 06:30:25,SHIPPED,EAST
1381,987.0,2026-01-23 11:50:31,DELIVERED,SOUTH
1382,146.0,2026-05-27 06:17:19,PLACED,NORTH
1383,537.0,2025-06-17 10:36:35,DELIVERED,WEST
1384,128.0,2024-10-01 19:59:15,SHIPPED,EAST
1385,973.0,2025-09-14 17:35:55,DELIVERED,NORTH
1386,437.0,2025-03-27 07:27:36,DELIVERED,WEST
1387,231.0,2024-10-29 14:08:09,DELIVERED,EAST
1388,871.0,2025-05-06 16:48:05,RETURNED,WEST
1389,108.0,2025-03-20 19:44:07,DELIVERED,EAST
1390,656.0,2024-12-07 17:55:02,DELIVERED,EAST
1391,104.0,2025-12-15 15:43:40,DELIVERED,SOUTH
1392,682.0,2025-12-26 22:17:34,DELIVERED,WEST
1393,858.0,2026-04-13 22:01:14,DELIVERED,WEST
1395,121.0,2025-07-05 03:20:29,DELIVERED,WEST
1396,736.0,2024-10-18 08:53:03,DELIVERED,WEST
1397,536.0,2025-10-04 02:29:37,DELIVERED,WEST
1398,27.0,2026-07-11 11:12:20,DELIVERED,EAST
1400,700.0,2025-09-10 16:48:58,SHIPPED,WEST
1401,333.0,2024-08-21 04:11:20,SHIPPED,SOUTH
1402,790.0,2026-05-26 01:10:31,DELIVERED,EAST
1403,177.0,2026-04-19 04:31:57,DELIVERED,SOUTH
1404,314.0,2024-12-28 07:49:48,DELIVERED,EAST
1405,655.0,2026-02-28 16:17:21,SHIPPED,WEST
1406,826.0,2025-01-28 05:17:14,SHIPPED,SOUTH
1407,115.0,2024-11-14 21:41:17,DELIVERED,EAST
1408,552.0,2025-06-13 11:33:44,PLACED,NORTH
1409,613.0,2025-11-17 09:10:47,DELIVERED,SOUTH
1410,546.0,2025-01-09 16:37:09,DELIVERED,EAST
1411,995.0,2024-10-12 05:04:31,DELIVERED,NORTH
1412,159.0,2026-04-24 13:20:30,DELIVERED,SOUTH
1413,232.0,2024-08-14 23:03:46,SHIPPED,EAST
1414,22.0,2024-09-03 16:25:01,DELIVERED,SOUTH
1415,869.0,2025-02-03 06:36:31,DELIVERED,WEST
1416,724.0,2024-08-31 05:22:33,DELIVERED,WEST
1417,922.0,2025-03-17 06:23:42,DELIVERED,NORTH
1418,138.0,2025-05-27 00:49:29,DELIVERED,SOUTH
1419,940.0,2026-04-29 13:47:00,DELIVERED,EAST
1420,847.0,2026-04-03 15:32:32,DELIVERED,SOUTH
1421,589.0,2024-08-05 05:43:09,DELIVERED,WEST
1422,176.0,2025-07-17 15:50:58,DELIVERED,EAST
1423,724.0,2025-11-27 04:05:25,PLACED,EAST
1425,966.0,2025-04-21 00:52:54,DELIVERED,EAST
1426,691.0,2024-11-04 16:20:30,DELIVERED,WEST
1427,553.0,2025-05-06 04:49:20,DELIVERED,NORTH
1428,367.0,2025-09-08 20:46:09,PLACED,NORTH
1429,748.0,2025-09-06 09:13:13,RETURNED,SOUTH
1430,31.0,2026-04-21 10:41:00,SHIPPED,NORTH
1431,414.0,2024-10-14 06:21:55,DELIVERED,WEST
1432,486.0,2026-05-02 16:16:14,PLACED,EAST
1433,441.0,2025-06-03 15:19:29,SHIPPED,WEST
1434,360.0,2024-09-18 03:13:07,DELIVERED,NORTH
1435,21.0,2025-04-01 17:36:22,DELIVERED,EAST
1436,2.0,2026-01-18 10:02:58,PLACED,WEST
1437,820.0,2025-02-01 18:36:34,DELIVERED,SOUTH
1438,636.0,2024-10-13 16:34:06,RETURNED,NORTH
1439,935.0,2026-02-01 12:47:15,SHIPPED,WEST
1440,901.0,2024-12-09 00:07:39,DELIVERED,WEST
1442,320.0,2024-12-04 10:35:23,DELIVERED,SOUTH
1443,510.0,2025-07-12 19:35:56,DELIVERED,EAST
1444,951.0,2025-12-19 05:15:33,DELIVERED,NORTH
1445,68.0,2026-02-12 10:04:16,SHIPPED,WEST
1446,414.0,2025-07-05 06:43:49,RETURNED,WEST
1447,932.0,2024-07-14 18:19:58,DELIVERED,NORTH
1448,329.0,2026-02-02 04:30:48,DELIVERED,WEST
1449,659.0,2026-02-19 05:24:18,DELIVERED,SOUTH
1450,642.0,2025-10-26 05:28:55,PLACED,NORTH
1451,330.0,2026-03-20 04:48:55,DELIVERED,EAST
1452,716.0,2026-01-25 12:21:58,SHIPPED,NORTH
1453,602.0,2024-12-15 00:15:57,SHIPPED,EAST
1454,548.0,2024-09-04 02:10:47,DELIVERED,EAST
1455,54.0,2025-03-24 22:58:18,DELIVERED,SOUTH
1456,698.0,2025-09-28 06:47:55,PLACED,SOUTH
1457,730.0,2024-11-17 20:18:00,DELIVERED,NORTH
1460,847.0,2025-07-18 15:59:32,DELIVERED,SOUTH
1461,253.0,2025-01-30 13:51:10,CANCELLED,EAST
1462,900.0,2026-01-11 13:12:32,DELIVERED,NORTH
1463,424.0,2026-05-30 23:11:15,SHIPPED,WEST
1464,11.0,2025-02-25 03:33:47,DELIVERED,WEST
1465,707.0,2025-01-08 19:43:40,SHIPPED,WEST
1466,550.0,2026-07-05 16:10:25,SHIPPED,WEST
1467,294.0,2025-02-24 10:27:32,SHIPPED,NORTH
1468,907.0,2026-06-03 16:56:57,DELIVERED,WEST
1469,531.0,2026-05-26 03:31:45,SHIPPED,SOUTH
1471,631.0,2025-11-25 07:09:17,DELIVERED,NORTH
1472,516.0,2025-01-21 07:27:15,SHIPPED,EAST
1474,359.0,2026-03-20 23:24:10,PLACED,WEST
1475,299.0,2026-05-21 13:45:43,DELIVERED,EAST
1476,450.0,2026-02-03 22:45:26,DELIVERED,EAST
1477,147.0,2025-01-11 19:58:19,SHIPPED,NORTH
1478,548.0,2025-05-11 07:29:13,DELIVERED,EAST
1479,147.0,2025-05-28 15:34:39,PLACED,NORTH
1480,834.0,2024-07-13 05:40:58,DELIVERED,NORTH
1481,76.0,2024-09-13 14:31:45,DELIVERED,WEST
1482,631.0,2024-10-28 14:35:16,SHIPPED,WEST
1483,354.0,2025-11-09 07:16:16,DELIVERED,SOUTH
1484,901.0,2025-04-27 12:56:00,DELIVERED,SOUTH
1485,398.0,2024-09-25 21:09:15,DELIVERED,NORTH
1486,308.0,2025-10-16 06:43:55,DELIVERED,SOUTH
1487,129.0,2025-12-28 06:31:40,CANCELLED,WEST
1488,472.0,2026-05-21 19:26:57,DELIVERED,EAST
1489,682.0,2025-02-09 21:50:25,SHIPPED,SOUTH
1490,583.0,2026-03-02 01:11:30,DELIVERED,EAST
1491,562.0,2025-03-04 16:37:42,DELIVERED,EAST
1492,145.0,2025-06-22 23:57:39,DELIVERED,WEST
1493,223.0,2024-11-05 18:30:45,DELIVERED,WEST
1494,454.0,2025-03-21 00:23:16,DELIVERED,SOUTH
1495,764.0,2026-04-13 01:08:31,DELIVERED,SOUTH
1496,325.0,2025-08-25 21:15:57,SHIPPED,WEST
1497,956.0,2025-12-03 18:05:43,DELIVERED,NORTH
1499,93.0,2026-07-08 01:24:35,SHIPPED,SOUTH
1500,315.0,2025-05-18 17:37:11,CANCELLED,WEST
1501,721.0,2025-11-03 16:19:46,DELIVERED,SOUTH
1502,156.0,2025-03-31 00:48:58,CANCELLED,WEST
1503,566.0,2025-02-06 07:30:24,SHIPPED,SOUTH
1504,680.0,2024-11-24 10:02:38,PLACED,NORTH
1505,391.0,2025-09-12 16:13:11,DELIVERED,EAST
1506,599.0,2026-06-28 12:07:14,PLACED,WEST
1507,581.0,2025-01-14 13:08:16,PLACED,EAST
1508,139.0,2025-10-07 15:37:14,CANCELLED,NORTH
1509,810.0,2025-01-29 11:02:20,DELIVERED,EAST
1510,972.0,2025-12-04 20:58:34,RETURNED,WEST
1512,287.0,2024-12-13 12:37:28,PLACED,EAST
1513,54.0,2026-06-18 20:47:41,SHIPPED,WEST
1514,280.0,2026-04-15 05:04:34,DELIVERED,NORTH
1515,33.0,2026-04-19 08:10:31,DELIVERED,NORTH
1516,205.0,2026-05-26 17:54:52,PLACED,EAST
1517,344.0,2024-12-18 18:11:20,RETURNED,WEST
1518,351.0,2024-08-19 00:27:14,SHIPPED,SOUTH
1519,274.0,2025-01-08 10:59:47,DELIVERED,EAST
1520,918.0,2025-03-04 00:15:21,DELIVERED,NORTH
1521,182.0,2024-11-01 02:43:50,DELIVERED,NORTH
1522,10.0,2025-10-14 22:24:28,DELIVERED,NORTH
1523,642.0,2025-08-07 01:32:24,DELIVERED,EAST
1524,109.0,2026-06-24 03:24:12,SHIPPED,NORTH
1526,735.0,2024-08-14 10:50:28,DELIVERED,WEST
1527,726.0,2025-09-25 15:17:53,SHIPPED,EAST
1528,607.0,2025-10-12 13:56:02,SHIPPED,NORTH
1529,998.0,2025-09-14 18:45:27,DELIVERED,SOUTH
1530,720.0,2024-09-05 17:45:13,DELIVERED,SOUTH
1531,651.0,2024-10-29 04:12:30,DELIVERED,EAST
1532,257.0,2024-10-05 23:13:40,DELIVERED,EAST
1533,166.0,2026-01-06 04:18:20,DELIVERED,NORTH
1534,838.0,2026-04-04 12:35:40,DELIVERED,WEST
1536,621.0,2024-07-23 13:23:41,SHIPPED,EAST
1537,761.0,2024-11-25 04:57:11,DELIVERED,WEST
1538,763.0,2025-04-04 08:42:39,PLACED,EAST
1539,902.0,2025-07-27 01:25:47,DELIVERED,WEST
1540,921.0,2026-05-18 14:11:01,DELIVERED,WEST
1541,26.0,2026-05-22 12:28:42,DELIVERED,SOUTH
1542,15.0,2026-04-03 02:01:33,CANCELLED,SOUTH
1544,23.0,2024-09-24 17:01:01,DELIVERED,EAST
1545,499.0,2025-01-22 20:34:17,DELIVERED,SOUTH
1546,682.0,2024-09-22 12:09:10,PLACED,EAST
1547,623.0,2026-04-02 10:27:50,CANCELLED,SOUTH
1548,14.0,2024-07-26 02:34:51,DELIVERED,EAST
1549,440.0,2025-12-17 03:23:07,DELIVERED,EAST
1550,827.0,2024-12-26 19:00:04,DELIVERED,WEST
1551,458.0,2025-07-15 23:14:14,CANCELLED,SOUTH
1552,925.0,2025-06-16 10:12:04,RETURNED,EAST
1553,592.0,2025-11-19 04:51:53,CANCELLED,EAST
1554,587.0,2026-04-14 10:52:39,DELIVERED,SOUTH
1555,256.0,2025-08-24 13:58:21,PLACED,NORTH
1556,152.0,2024-12-16 13:50:14,DELIVERED,EAST
1557,399.0,2025-06-29 16:03:36,SHIPPED,SOUTH
1558,797.0,2024-10-13 22:23:30,DELIVERED,EAST
1559,636.0,2025-04-09 13:35:34,SHIPPED,EAST
1560,322.0,2025-11-20 08:11:52,DELIVERED,SOUTH
1561,612.0,2026-03-07 18:31:26,PLACED,SOUTH
1562,517.0,2025-01-07 21:19:58,DELIVERED,NORTH
1564,477.0,2025-03-08 01:15:14,DELIVERED,WEST
1565,609.0,2026-01-27 07:09:42,CANCELLED,WEST
1566,724.0,2025-09-19 19:02:02,DELIVERED,EAST
1567,127.0,2025-06-02 05:53:17,DELIVERED,SOUTH
1569,335.0,2026-03-19 00:45:05,DELIVERED,EAST
1570,583.0,2025-03-02 07:51:56,DELIVERED,SOUTH
1571,950.0,2025-05-24 15:39:07,DELIVERED,SOUTH
1572,369.0,2025-08-11 03:38:22,DELIVERED,NORTH
1573,559.0,2025-06-30 09:21:44,DELIVERED,SOUTH
1574,92.0,2025-07-27 16:06:02,SHIPPED,EAST
1575,58.0,2025-08-08 05:19:47,PLACED,SOUTH
1576,44.0,2024-07-21 16:13:45,SHIPPED,SOUTH
1577,331.0,2024-12-19 18:00:39,DELIVERED,EAST
1578,686.0,2025-07-16 08:41:55,PLACED,SOUTH
1579,214.0,2026-07-12 03:01:52,DELIVERED,NORTH
1580,377.0,2026-07-12 05:38:20,DELIVERED,SOUTH
1581,938.0,2026-03-09 04:30:49,SHIPPED,EAST
1582,164.0,2025-08-18 09:36:54,SHIPPED,SOUTH
1583,267.0,2026-02-09 00:30:42,DELIVERED,WEST
1584,668.0,2024-12-21 12:50:12,SHIPPED,NORTH
1586,754.0,2025-09-16 17:01:31,DELIVERED,EAST
1587,56.0,2025-06-18 00:27:03,DELIVERED,EAST
1588,25.0,2024-09-11 06:10:05,SHIPPED,EAST
1589,970.0,2024-12-07 02:55:59,DELIVERED,WEST
1590,170.0,2026-01-04 01:31:18,DELIVERED,SOUTH
1591,110.0,2025-06-30 01:18:28,DELIVERED,NORTH
1592,953.0,2024-10-08 22:40:13,DELIVERED,SOUTH
1593,377.0,2025-01-19 16:32:59,DELIVERED,EAST
1594,428.0,2026-04-20 06:56:37,PLACED,NORTH
1595,270.0,2026-07-09 03:51:06,RETURNED,SOUTH
1596,652.0,2026-03-27 15:03:18,PLACED,WEST
1597,116.0,2026-02-14 21:44:45,DELIVERED,EAST
1598,720.0,2024-08-13 23:06:27,DELIVERED,SOUTH
1599,695.0,2025-10-15 07:06:55,DELIVERED,WEST
1600,997.0,2024-12-30 03:16:00,DELIVERED,EAST
1601,737.0,2025-04-13 16:04:35,PLACED,EAST
1602,193.0,2026-06-21 10:02:38,PLACED,NORTH
1603,856.0,2026-07-01 06:33:13,DELIVERED,SOUTH
1604,761.0,2025-09-04 01:19:51,DELIVERED,WEST
1605,558.0,2025-11-22 03:06:16,DELIVERED,SOUTH
1606,655.0,2026-02-15 04:34:20,DELIVERED,WEST
1607,786.0,2026-01-23 06:02:50,DELIVERED,WEST
1608,418.0,2025-07-06 06:17:58,DELIVERED,SOUTH
1609,368.0,2025-02-17 01:19:54,DELIVERED,SOUTH
1610,352.0,2025-02-18 17:18:35,DELIVERED,EAST
1611,852.0,2025-01-28 10:36:38,DELIVERED,SOUTH
1612,406.0,2025-11-01 08:23:04,SHIPPED,NORTH
1613,590.0,2025-04-30 00:08:37,DELIVERED,SOUTH
1614,701.0,2025-09-23 22:49:59,SHIPPED,EAST
1615,405.0,2026-04-08 09:03:11,SHIPPED,EAST
1616,705.0,2024-07-20 17:42:00,DELIVERED,WEST
1617,711.0,2024-09-19 06:21:43,PLACED,NORTH
1618,938.0,2025-02-01 20:50:02,SHIPPED,WEST
1619,215.0,2025-05-19 11:37:40,DELIVERED,NORTH
1621,464.0,2024-12-17 22:15:41,DELIVERED,WEST
1623,604.0,2024-07-27 01:09:45,DELIVERED,WEST
1624,512.0,2025-05-21 17:40:07,DELIVERED,WEST
1625,789.0,2026-05-24 01:52:42,DELIVERED,EAST
1627,89.0,2026-05-05 09:08:03,PLACED,NORTH
1628,768.0,2024-09-08 20:57:17,DELIVERED,EAST
1629,796.0,2025-07-05 03:00:20,DELIVERED,NORTH
1631,186.0,2024-12-30 07:28:15,DELIVERED,NORTH
1632,121.0,2025-09-12 06:21:23,CANCELLED,EAST
1633,41.0,2025-09-08 23:23:28,SHIPPED,SOUTH
1634,79.0,2025-11-13 08:50:16,PLACED,SOUTH
1635,45.0,2025-12-25 15:43:22,DELIVERED,WEST
1636,456.0,2025-07-07 14:44:01,SHIPPED,SOUTH
1637,759.0,2026-06-21 06:29:51,PLACED,WEST
1638,716.0,2026-06-22 10:40:11,DELIVERED,EAST
1639,109.0,2024-12-16 16:17:04,DELIVERED,WEST
1640,90.0,2025-05-27 10:47:34,DELIVERED,WEST
1641,250.0,2026-06-18 19:25:07,SHIPPED,SOUTH
1642,192.0,2024-08-24 08:54:14,RETURNED,EAST
1643,490.0,2025-01-22 19:59:11,SHIPPED,WEST
1644,41.0,2026-04-28 22:15:59,SHIPPED,WEST
1646,10.0,2025-06-29 03:39:42,DELIVERED,SOUTH
1647,821.0,2024-12-18 16:10:03,DELIVERED,SOUTH
1648,398.0,2025-12-19 10:05:11,DELIVERED,NORTH
1649,131.0,2025-11-18 22:37:00,DELIVERED,WEST
1650,75.0,2025-09-26 19:19:32,DELIVERED,EAST
1651,848.0,2025-12-28 02:10:18,DELIVERED,EAST
1652,29.0,2025-07-04 06:50:41,DELIVERED,WEST
1653,888.0,2025-11-14 21:55:31,DELIVERED,WEST
1654,774.0,2026-01-26 04:45:26,DELIVERED,WEST
1655,444.0,2025-09-09 00:02:14,DELIVERED,SOUTH
1656,41.0,2025-09-06 10:59:29,DELIVERED,EAST
1657,549.0,2025-08-31 11:32:59,DELIVERED,WEST
1658,396.0,2026-01-16 09:13:26,DELIVERED,SOUTH
1659,94.0,2025-06-04 05:14:15,DELIVERED,NORTH
1660,275.0,2025-07-01 08:32:32,DELIVERED,SOUTH
1661,928.0,2024-11-14 07:11:08,SHIPPED,EAST
1662,344.0,2026-03-24 06:33:28,SHIPPED,WEST
1663,193.0,2025-03-09 12:37:55,SHIPPED,EAST
1664,703.0,2026-03-01 09:10:34,DELIVERED,WEST
1665,178.0,2026-03-07 08:23:35,SHIPPED,SOUTH
1666,809.0,2025-12-12 09:24:10,DELIVERED,WEST
1667,402.0,2025-02-06 04:42:04,DELIVERED,EAST
1668,621.0,2025-11-03 10:33:50,DELIVERED,WEST
1670,564.0,2025-12-23 14:41:26,DELIVERED,SOUTH
1671,438.0,2026-03-14 04:17:48,SHIPPED,WEST
1672,123.0,2024-10-30 01:15:48,DELIVERED,NORTH
1674,948.0,2024-12-02 12:54:37,PLACED,NORTH
1676,226.0,2025-02-25 18:57:02,SHIPPED,EAST
1677,156.0,2026-01-08 10:16:07,DELIVERED,SOUTH
1678,845.0,2026-01-13 13:02:58,PLACED,SOUTH
1679,759.0,2025-02-26 11:34:22,DELIVERED,NORTH
1680,866.0,2024-09-20 02:45:43,DELIVERED,SOUTH
1681,287.0,2025-07-09 08:12:36,DELIVERED,WEST
1682,238.0,2025-05-15 17:13:38,DELIVERED,WEST
1683,910.0,2024-08-06 15:59:10,DELIVERED,EAST
1684,690.0,2024-09-17 07:01:36,DELIVERED,EAST
1686,721.0,2025-09-09 23:14:38,DELIVERED,SOUTH
1687,213.0,2026-04-20 06:01:31,SHIPPED,EAST
1688,389.0,2024-08-24 00:09:58,PLACED,SOUTH
1689,67.0,2025-06-02 02:19:22,DELIVERED,EAST
1690,21.0,2026-05-31 00:45:02,CANCELLED,NORTH
1691,357.0,2025-04-04 15:34:17,RETURNED,WEST
1692,225.0,2025-04-08 03:22:41,DELIVERED,SOUTH
1693,391.0,2025-04-13 15:16:02,PLACED,SOUTH
1694,713.0,2025-10-17 04:08:28,DELIVERED,EAST
1695,301.0,2026-03-15 01:40:01,DELIVERED,SOUTH
1696,320.0,2026-03-29 21:25:31,DELIVERED,NORTH
1697,802.0,2024-07-24 03:00:16,CANCELLED,SOUTH
1698,482.0,2026-02-24 15:34:50,SHIPPED,SOUTH
1699,79.0,2025-09-21 05:07:05,DELIVERED,SOUTH
1700,798.0,2024-12-30 19:59:03,DELIVERED,SOUTH
1702,22.0,2026-05-23 02:22:53,DELIVERED,SOUTH
1704,286.0,2025-01-26 19:09:45,DELIVERED,SOUTH
1705,621.0,2025-10-08 15:39:08,DELIVERED,NORTH
1706,542.0,2025-01-07 00:07:59,DELIVERED,WEST
1707,478.0,2025-06-27 01:03:05,DELIVERED,WEST
1708,537.0,2024-10-26 17:32:30,DELIVERED,SOUTH
1709,212.0,2026-01-26 11:03:30,DELIVERED,NORTH
1710,423.0,2026-05-16 09:56:06,PLACED,WEST
1711,17.0,2025-12-31 18:08:14,DELIVERED,WEST
1712,810.0,2026-05-12 11:38:33,DELIVERED,WEST
1713,17.0,2026-06-02 15:33:58,SHIPPED,WEST
1714,477.0,2025-07-15 06:51:25,SHIPPED,NORTH
1715,150.0,2026-02-15 12:21:36,SHIPPED,NORTH
1716,932.0,2026-01-31 05:02:34,DELIVERED,EAST
1717,525.0,2025-05-03 18:13:34,RETURNED,WEST
1718,340.0,2025-06-29 09:40:26,SHIPPED,NORTH
1719,729.0,2024-12-19 22:46:46,DELIVERED,EAST
1721,53.0,2024-09-24 07:20:40,DELIVERED,WEST
1722,527.0,2025-12-01 10:24:16,DELIVERED,NORTH
1723,158.0,2025-06-28 19:13:45,DELIVERED,WEST
1724,651.0,2025-01-06 18:23:14,CANCELLED,NORTH
1725,283.0,2025-01-30 04:39:30,DELIVERED,SOUTH
1726,583.0,2024-08-04 12:48:50,DELIVERED,WEST
1727,262.0,2025-10-11 16:24:01,RETURNED,SOUTH
1728,272.0,2024-07-15 04:31:12,SHIPPED,SOUTH
1729,506.0,2025-02-04 20:17:52,DELIVERED,EAST
1730,382.0,2025-06-30 16:17:04,SHIPPED,EAST
1731,335.0,2025-04-25 15:09:56,DELIVERED,EAST
1732,797.0,2026-06-02 07:14:57,PLACED,WEST
1733,963.0,2025-08-20 14:16:34,DELIVERED,WEST
1734,606.0,2026-07-06 22:31:02,SHIPPED,SOUTH
1735,865.0,2026-02-12 14:12:43,SHIPPED,SOUTH
1736,715.0,2025-08-10 10:23:05,DELIVERED,WEST
1737,307.0,2026-04-08 10:28:19,DELIVERED,NORTH
1738,949.0,2025-06-06 17:48:42,DELIVERED,SOUTH
1739,32.0,2026-06-10 01:27:37,DELIVERED,WEST
1740,504.0,2024-07-13 16:29:24,SHIPPED,WEST
1741,294.0,2025-09-11 21:45:06,DELIVERED,EAST
1742,874.0,2024-11-11 21:32:44,DELIVERED,NORTH
1743,439.0,2025-07-18 00:39:56,RETURNED,SOUTH
1744,3.0,2025-05-10 09:54:12,SHIPPED,EAST
1745,941.0,2025-05-12 04:50:03,DELIVERED,NORTH
1746,318.0,2025-05-13 09:27:53,DELIVERED,NORTH
1747,842.0,2024-10-22 15:13:33,DELIVERED,WEST
1748,608.0,2026-02-07 02:52:55,PLACED,EAST
1749,474.0,2024-12-18 12:56:12,DELIVERED,NORTH
1750,230.0,2025-06-12 05:14:33,DELIVERED,SOUTH
1751,830.0,2026-02-16 06:37:17,DELIVERED,WEST
1752,953.0,2024-10-10 21:29:49,DELIVERED,EAST
1753,473.0,2026-01-22 14:55:25,PLACED,NORTH
1754,460.0,2024-11-10 14:27:38,SHIPPED,EAST
1755,594.0,2026-03-22 12:49:01,DELIVERED,EAST
1756,215.0,2024-08-17 23:06:32,DELIVERED,WEST
1757,68.0,2024-09-02 17:48:36,DELIVERED,WEST
1758,510.0,2025-07-20 23:05:52,DELIVERED,EAST
1759,836.0,2025-02-05 01:03:54,DELIVERED,EAST
1760,770.0,2025-04-23 12:25:31,PLACED,SOUTH
1761,426.0,2024-08-27 16:06:30,DELIVERED,NORTH
1762,246.0,2026-02-23 03:06:50,SHIPPED,SOUTH
1764,382.0,2024-09-30 15:43:30,DELIVERED,SOUTH
1765,341.0,2025-08-30 11:45:46,DELIVERED,EAST
1766,911.0,2025-02-19 12:58:17,CANCELLED,SOUTH
1767,973.0,2025-09-07 10:40:27,RETURNED,EAST
1768,774.0,2025-06-30 08:06:17,PLACED,NORTH
1769,900.0,2026-02-02 01:50:44,DELIVERED,SOUTH
1770,855.0,2026-03-03 14:36:56,DELIVERED,NORTH
1771,685.0,2025-02-09 17:36:27,SHIPPED,SOUTH
1775,680.0,2026-01-17 04:40:39,SHIPPED,EAST
1776,876.0,2026-04-20 04:24:23,DELIVERED,EAST
1777,672.0,2025-09-19 17:12:11,PLACED,SOUTH
1778,22.0,2024-10-18 11:57:58,DELIVERED,SOUTH
1779,688.0,2025-12-04 09:27:08,DELIVERED,SOUTH
1780,784.0,2024-11-07 08:36:04,DELIVERED,NORTH
1781,160.0,2024-09-08 09:20:29,PLACED,SOUTH
1782,789.0,2026-03-25 19:32:12,RETURNED,NORTH
1783,346.0,2025-11-23 00:44:59,DELIVERED,WEST
1784,493.0,2025-01-17 23:18:38,PLACED,NORTH
1785,398.0,2025-06-26 11:13:37,SHIPPED,NORTH
1786,636.0,2025-09-14 15:04:35,PLACED,NORTH
1787,351.0,2026-01-19 08:31:06,DELIVERED,WEST
1789,525.0,2025-08-17 15:07:49,SHIPPED,WEST
1790,766.0,2025-03-20 19:52:15,DELIVERED,WEST
1791,469.0,2026-04-29 12:00:44,SHIPPED,NORTH
1794,864.0,2025-04-27 06:39:52,DELIVERED,SOUTH
1795,567.0,2025-02-14 13:15:16,DELIVERED,NORTH
1796,654.0,2025-12-24 06:35:06,DELIVERED,EAST
1798,836.0,2026-04-16 04:41:48,DELIVERED,WEST
1799,999.0,2024-10-29 18:30:27,DELIVERED,EAST
1800,27.0,2026-06-24 01:32:36,DELIVERED,SOUTH
1801,618.0,2025-02-13 11:25:21,SHIPPED,EAST
1802,326.0,2025-04-09 11:46:15,SHIPPED,NORTH
1803,284.0,2026-02-02 04:08:26,DELIVERED,NORTH
1804,563.0,2026-03-09 22:43:35,DELIVERED,EAST
1805,414.0,2025-10-13 10:03:35,CANCELLED,WEST
1806,342.0,2025-04-10 00:02:32,PLACED,NORTH
1807,489.0,2025-10-10 13:26:57,DELIVERED,NORTH
1808,606.0,2025-04-05 17:14:47,SHIPPED,EAST
1809,665.0,2026-04-20 01:44:27,SHIPPED,NORTH
1810,747.0,2026-02-06 17:05:27,RETURNED,SOUTH
1811,6.0,2025-10-05 21:18:35,DELIVERED,SOUTH
1812,244.0,2026-03-26 02:24:36,DELIVERED,SOUTH
1813,300.0,2025-05-09 22:53:21,DELIVERED,EAST
1814,632.0,2024-09-03 03:51:06,DELIVERED,WEST
1816,834.0,2024-12-21 09:29:20,DELIVERED,SOUTH
1817,237.0,2025-02-12 17:26:10,DELIVERED,WEST
1818,224.0,2025-01-24 18:17:14,PLACED,SOUTH
1819,850.0,2024-09-11 23:25:28,DELIVERED,WEST
1820,742.0,2025-12-22 15:55:25,DELIVERED,WEST
1821,532.0,2024-09-16 01:14:25,SHIPPED,SOUTH
1822,362.0,2025-11-21 15:58:10,CANCELLED,SOUTH
1823,972.0,2025-05-26 16:57:36,PLACED,WEST
1824,801.0,2025-11-23 09:00:32,DELIVERED,EAST
1825,114.0,2025-06-23 02:35:34,SHIPPED,WEST
1826,485.0,2025-01-17 10:46:42,DELIVERED,EAST
1827,230.0,2025-02-16 11:08:42,SHIPPED,WEST
1828,277.0,2024-08-12 04:05:30,CANCELLED,NORTH
1829,661.0,2026-05-09 19:59:50,CANCELLED,SOUTH
1830,739.0,2025-09-23 10:22:32,PLACED,EAST
1831,21.0,2024-07-17 18:31:27,SHIPPED,EAST
1832,251.0,2026-06-02 20:06:05,DELIVERED,SOUTH
1833,542.0,2025-12-22 03:38:32,DELIVERED,WEST
1834,2.0,2026-02-07 15:21:09,DELIVERED,WEST
1835,824.0,2025-06-13 06:41:04,DELIVERED,EAST
1836,484.0,2025-11-05 07:04:15,DELIVERED,EAST
1837,778.0,2025-04-10 17:15:47,SHIPPED,NORTH
1838,106.0,2024-09-09 22:24:57,DELIVERED,NORTH
1839,423.0,2026-02-17 23:16:14,SHIPPED,WEST
1840,227.0,2025-03-28 23:41:42,PLACED,EAST
1842,96.0,2026-04-18 23:47:35,SHIPPED,EAST
1843,550.0,2025-11-08 12:34:59,SHIPPED,WEST
1844,555.0,2025-03-09 18:10:54,DELIVERED,WEST
1845,222.0,2026-05-06 22:06:02,SHIPPED,SOUTH
1846,285.0,2026-01-03 21:45:33,CANCELLED,WEST
1847,169.0,2025-05-17 23:40:41,DELIVERED,NORTH
1848,198.0,2024-11-14 10:35:01,DELIVERED,SOUTH
1849,215.0,2024-08-05 18:12:22,PLACED,WEST
1850,138.0,2025-07-07 03:36:25,DELIVERED,EAST
1851,902.0,2026-05-23 03:37:12,DELIVERED,NORTH
1853,915.0,2024-07-16 10:05:59,SHIPPED,NORTH
1854,112.0,2025-01-31 10:30:21,SHIPPED,EAST
1855,162.0,2024-11-25 14:21:50,DELIVERED,SOUTH
1856,436.0,2025-08-24 01:20:53,DELIVERED,EAST
1857,220.0,2025-09-18 20:53:45,DELIVERED,SOUTH
1858,385.0,2026-05-22 23:36:15,PLACED,NORTH
1859,130.0,2025-10-13 12:17:09,DELIVERED,NORTH
1860,405.0,2025-09-04 22:01:54,DELIVERED,SOUTH
1861,185.0,2025-10-08 14:43:40,SHIPPED,NORTH
1862,622.0,2026-01-31 22:19:33,DELIVERED,NORTH
1863,551.0,2026-05-15 13:01:08,DELIVERED,SOUTH
1865,92.0,2024-08-11 19:53:06,PLACED,NORTH
1866,330.0,2026-05-28 07:07:57,RETURNED,EAST
1868,741.0,2024-12-14 05:16:37,DELIVERED,NORTH
1869,195.0,2025-04-02 04:19:02,DELIVERED,EAST
1870,646.0,2024-11-03 19:17:15,DELIVERED,EAST
1871,689.0,2026-07-10 03:42:42,DELIVERED,EAST
1872,88.0,2026-04-11 02:24:57,DELIVERED,WEST
1873,535.0,2025-02-09 08:19:26,SHIPPED,EAST
1874,808.0,2024-08-01 09:28:45,PLACED,WEST
1876,652.0,2026-02-03 03:22:53,DELIVERED,SOUTH
1877,577.0,2025-12-29 17:58:53,DELIVERED,SOUTH
1878,379.0,2025-07-13 06:47:04,DELIVERED,WEST
1879,566.0,2025-10-26 23:58:41,PLACED,SOUTH
1880,617.0,2026-02-22 23:08:07,DELIVERED,NORTH
1881,798.0,2024-07-30 12:08:50,CANCELLED,SOUTH
1882,63.0,2026-06-28 16:56:58,SHIPPED,WEST
1883,542.0,2025-02-19 21:27:34,DELIVERED,NORTH
1884,751.0,2025-09-28 03:04:32,SHIPPED,WEST
1885,954.0,2024-08-19 20:45:05,DELIVERED,SOUTH
1886,66.0,2025-03-20 11:43:50,DELIVERED,SOUTH
1887,634.0,2026-04-30 10:27:29,DELIVERED,EAST
1888,163.0,2025-01-24 00:03:02,DELIVERED,SOUTH
1889,743.0,2026-02-17 17:21:10,SHIPPED,EAST
1890,895.0,2024-09-25 22:11:27,CANCELLED,WEST
1891,969.0,2026-01-10 03:52:08,DELIVERED,NORTH
1892,808.0,2025-07-24 10:37:57,DELIVERED,SOUTH
1893,983.0,2025-12-19 00:19:46,DELIVERED,WEST
1894,422.0,2025-01-28 12:51:06,DELIVERED,NORTH
1895,749.0,2024-12-07 19:43:10,DELIVERED,SOUTH
1896,283.0,2025-10-19 21:03:11,DELIVERED,NORTH
1897,349.0,2026-07-05 21:45:36,PLACED,EAST
1898,939.0,2024-09-02 20:13:53,DELIVERED,SOUTH
1899,264.0,2024-11-25 06:16:32,SHIPPED,SOUTH
1900,826.0,2025-10-21 11:12:33,DELIVERED,WEST
1901,807.0,2026-03-13 09:31:54,RETURNED,SOUTH
1902,647.0,2025-01-08 19:37:58,SHIPPED,EAST
1903,41.0,2026-01-20 01:04:07,DELIVERED,NORTH
1904,627.0,2025-05-26 15:05:24,RETURNED,WEST
1905,984.0,2024-11-05 11:31:54,DELIVERED,NORTH
1907,343.0,2025-08-09 02:12:43,SHIPPED,NORTH
1908,387.0,2025-08-13 11:27:05,DELIVERED,EAST
1909,611.0,2026-03-15 01:53:56,DELIVERED,NORTH
1910,697.0,2025-01-29 11:44:21,DELIVERED,SOUTH
1911,79.0,2024-09-23 15:59:05,SHIPPED,EAST
1912,300.0,2026-04-03 11:39:32,DELIVERED,NORTH
1913,775.0,2026-03-17 06:56:54,DELIVERED,SOUTH
1914,622.0,2026-01-19 02:17:53,SHIPPED,EAST
1915,429.0,2026-03-28 13:23:40,PLACED,EAST
1916,549.0,2024-07-21 08:44:48,DELIVERED,NORTH
1917,346.0,2026-02-08 20:07:07,DELIVERED,NORTH
1918,99.0,2025-11-15 12:15:44,DELIVERED,NORTH
1919,967.0,2025-07-28 11:58:27,DELIVERED,SOUTH
1920,408.0,2025-07-14 09:58:22,DELIVERED,NORTH
1921,702.0,2026-01-05 12:02:12,DELIVERED,NORTH
1922,787.0,2025-01-19 14:31:52,DELIVERED,WEST
1923,188.0,2025-05-16 02:44:39,DELIVERED,WEST
1924,575.0,2024-12-05 02:08:17,SHIPPED,EAST
1925,987.0,2025-07-19 03:45:19,DELIVERED,NORTH
1926,459.0,2025-04-11 03:37:39,SHIPPED,SOUTH
1927,218.0,2026-05-14 04:33:56,DELIVERED,NORTH
1928,380.0,2025-11-14 11:55:38,DELIVERED,NORTH
1929,579.0,2025-02-25 13:51:28,SHIPPED,SOUTH
1930,732.0,2025-01-24 00:58:38,DELIVERED,SOUTH
1931,613.0,2024-11-13 03:16:33,DELIVERED,WEST
1932,673.0,2026-05-21 23:00:32,DELIVERED,WEST
1933,535.0,2024-12-16 11:46:11,DELIVERED,WEST
1934,583.0,2025-12-09 15:03:10,SHIPPED,NORTH
1935,909.0,2024-12-20 13:39:10,RETURNED,SOUTH
1936,912.0,2024-08-21 03:00:27,DELIVERED,SOUTH
1937,145.0,2024-09-20 13:18:51,DELIVERED,NORTH
1938,717.0,2024-08-27 01:27:22,SHIPPED,NORTH
1939,428.0,2026-05-27 16:32:54,DELIVERED,SOUTH
1940,966.0,2026-04-01 00:19:08,DELIVERED,EAST
1941,617.0,2025-10-02 21:46:46,DELIVERED,SOUTH
1942,575.0,2025-12-04 23:02:25,RETURNED,NORTH
1943,984.0,2026-06-27 07:02:15,RETURNED,WEST
1944,563.0,2024-09-29 17:28:45,DELIVERED,EAST
1945,151.0,2026-07-01 14:20:28,DELIVERED,WEST
1946,353.0,2024-08-05 06:38:46,DELIVERED,NORTH
1947,829.0,2024-07-16 14:45:02,DELIVERED,SOUTH
1948,827.0,2024-10-03 23:55:27,RETURNED,NORTH
1949,197.0,2026-03-15 13:37:15,SHIPPED,EAST
1950,279.0,2025-02-16 10:29:51,PLACED,SOUTH
1951,230.0,2025-01-15 09:28:23,DELIVERED,WEST
1952,399.0,2026-01-17 07:28:22,DELIVERED,WEST
1953,77.0,2025-12-05 08:17:56,DELIVERED,NORTH
1955,645.0,2026-03-18 15:52:02,DELIVERED,WEST
1956,182.0,2025-12-10 23:17:34,DELIVERED,WEST
1957,643.0,2025-02-01 20:08:43,SHIPPED,EAST
1958,918.0,2024-12-02 20:01:08,SHIPPED,SOUTH
1959,966.0,2026-02-08 19:07:31,DELIVERED,WEST
1961,846.0,2026-02-09 03:24:04,PLACED,SOUTH
1962,955.0,2025-02-19 10:59:47,SHIPPED,WEST
1963,691.0,2025-07-02 12:51:43,SHIPPED,SOUTH
1964,92.0,2026-02-07 10:41:09,DELIVERED,SOUTH
1965,938.0,2025-12-22 11:15:24,DELIVERED,NORTH
1966,210.0,2024-12-22 23:51:00,SHIPPED,NORTH
1967,168.0,2026-07-08 22:53:27,DELIVERED,SOUTH
1968,686.0,2025-11-28 21:44:43,DELIVERED,EAST
1969,195.0,2024-12-24 17:37:55,DELIVERED,EAST
1970,607.0,2025-01-07 17:07:32,DELIVERED,EAST
1972,292.0,2025-11-23 06:17:21,SHIPPED,EAST
1973,408.0,2026-04-07 20:17:40,SHIPPED,WEST
1974,512.0,2025-06-21 20:40:14,SHIPPED,NORTH
1975,655.0,2024-12-15 09:48:07,DELIVERED,SOUTH
1976,199.0,2024-10-21 02:46:31,DELIVERED,EAST
1977,504.0,2025-09-03 00:32:45,DELIVERED,WEST
1978,238.0,2024-08-15 21:43:55,DELIVERED,SOUTH
1979,327.0,2025-09-18 19:44:51,DELIVERED,WEST
1980,24.0,2025-05-21 22:45:06,DELIVERED,WEST
1981,950.0,2025-08-06 05:12:54,DELIVERED,WEST
1982,509.0,2025-10-30 13:22:50,DELIVERED,SOUTH
1984,176.0,2025-11-17 14:02:46,DELIVERED,SOUTH
1985,403.0,2024-08-19 18:25:41,PLACED,EAST
1986,459.0,2025-09-08 19:37:19,DELIVERED,SOUTH
1987,536.0,2024-09-11 14:16:49,PLACED,SOUTH
1988,408.0,2026-01-18 19:17:18,RETURNED,EAST
1989,639.0,2025-07-12 20:28:21,DELIVERED,NORTH
1990,130.0,2026-06-10 03:25:20,DELIVERED,NORTH
1991,709.0,2025-10-01 22:05:53,DELIVERED,EAST
1992,299.0,2025-02-12 21:58:31,DELIVERED,NORTH
1993,291.0,2026-05-11 05:36:50,DELIVERED,NORTH
1994,452.0,2024-10-22 05:44:19,SHIPPED,WEST
1995,490.0,2026-05-12 20:04:58,DELIVERED,NORTH
1996,463.0,2025-04-16 15:52:00,RETURNED,NORTH
1997,680.0,2024-08-09 09:30:22,DELIVERED,WEST
1998,878.0,2025-03-10 10:08:32,DELIVERED,SOUTH
1999,133.0,2025-08-02 17:31:17,DELIVERED,NORTH
2000,545.0,2026-05-22 23:41:37,DELIVERED,SOUTH
2001,812.0,2024-08-01 09:30:47,SHIPPED,NORTH
2002,889.0,2025-05-14 00:37:55,DELIVERED,EAST
2003,583.0,2025-05-10 14:46:08,SHIPPED,SOUTH
2004,351.0,2025-06-05 18:35:45,SHIPPED,WEST
2005,404.0,2024-10-31 09:22:20,DELIVERED,EAST
2006,253.0,2025-03-08 13:08:49,DELIVERED,EAST
2007,851.0,2025-03-23 17:36:48,SHIPPED,NORTH
2008,169.0,2026-02-21 06:15:36,CANCELLED,SOUTH
2009,346.0,2025-08-16 15:46:45,SHIPPED,EAST
2010,992.0,2025-08-01 14:40:43,DELIVERED,SOUTH
2011,623.0,2025-03-27 17:50:19,SHIPPED,NORTH
2013,973.0,2024-09-16 01:25:26,DELIVERED,WEST
2014,295.0,2024-08-14 02:42:25,SHIPPED,NORTH
2015,916.0,2024-12-16 22:54:00,CANCELLED,NORTH
2016,614.0,2024-12-05 07:59:00,DELIVERED,EAST
2017,276.0,2025-10-05 13:33:59,DELIVERED,WEST
2018,334.0,2024-09-20 19:17:36,DELIVERED,SOUTH
2019,747.0,2026-03-25 08:44:07,SHIPPED,WEST
2020,867.0,2024-12-02 22:51:15,DELIVERED,WEST
2021,47.0,2025-09-24 11:52:22,RETURNED,SOUTH
2022,659.0,2024-09-22 09:19:46,DELIVERED,NORTH
2024,537.0,2024-12-20 04:31:56,DELIVERED,SOUTH
2025,7.0,2026-06-23 01:05:06,DELIVERED,EAST
2026,912.0,2026-05-12 23:52:05,DELIVERED,WEST
2027,979.0,2025-10-15 08:29:37,DELIVERED,WEST
2028,287.0,2026-03-03 10:33:47,DELIVERED,EAST
2029,759.0,2024-08-20 04:54:29,DELIVERED,WEST
2030,816.0,2025-04-28 06:25:53,DELIVERED,EAST
2031,132.0,2025-06-07 18:53:07,SHIPPED,NORTH
2033,44.0,2024-09-22 11:25:21,DELIVERED,SOUTH
2034,243.0,2024-12-17 07:32:19,DELIVERED,NORTH
2035,890.0,2025-04-11 14:56:38,DELIVERED,WEST
2037,291.0,2026-04-30 00:09:43,DELIVERED,WEST
2038,635.0,2026-03-20 23:28:11,DELIVERED,SOUTH
2039,921.0,2025-05-26 13:45:28,CANCELLED,WEST
2040,7.0,2026-02-13 15:43:48,RETURNED,SOUTH
2041,295.0,2026-05-04 19:13:31,DELIVERED,SOUTH
2042,828.0,2026-05-07 06:52:45,SHIPPED,NORTH
2043,622.0,2026-04-12 22:07:38,PLACED,EAST
2045,502.0,2025-01-06 15:25:10,DELIVERED,NORTH
2046,786.0,2026-01-17 22:18:06,PLACED,WEST
2047,186.0,2026-05-12 10:33:35,DELIVERED,EAST
2048,273.0,2025-01-09 03:33:24,DELIVERED,NORTH
2049,634.0,2026-02-24 22:33:19,DELIVERED,WEST
2050,674.0,2026-06-10 21:16:09,DELIVERED,SOUTH
2051,984.0,2025-07-30 07:39:22,PLACED,SOUTH
2052,807.0,2025-07-15 18:13:26,DELIVERED,SOUTH
2053,949.0,2024-10-28 04:22:02,SHIPPED,SOUTH
2054,903.0,2024-10-03 20:50:22,DELIVERED,EAST
2055,600.0,2026-05-17 13:22:34,DELIVERED,SOUTH
2056,171.0,2026-02-22 14:53:59,RETURNED,SOUTH
2057,963.0,2025-03-28 16:49:01,DELIVERED,WEST
2058,904.0,2026-02-18 20:46:45,DELIVERED,SOUTH
2059,585.0,2024-12-15 07:19:13,DELIVERED,WEST
2060,743.0,2025-01-04 17:51:51,DELIVERED,WEST
2062,923.0,2024-09-03 04:21:58,CANCELLED,NORTH
2063,725.0,2024-10-17 03:35:09,DELIVERED,SOUTH
2064,29.0,2025-07-13 21:35:13,PLACED,EAST
2065,810.0,2025-06-21 03:44:33,SHIPPED,NORTH
2066,272.0,2025-09-25 11:09:44,DELIVERED,WEST
2067,519.0,2024-12-16 15:34:02,DELIVERED,EAST
2068,366.0,2025-08-21 21:20:33,DELIVERED,NORTH
2069,945.0,2024-09-15 11:11:36,DELIVERED,SOUTH
2071,876.0,2025-01-26 17:02:29,DELIVERED,EAST
2072,167.0,2025-12-17 05:26:13,DELIVERED,NORTH
2074,95.0,2026-03-07 06:41:05,DELIVERED,SOUTH
2076,704.0,2025-05-14 02:58:13,RETURNED,SOUTH
2077,649.0,2024-08-30 03:40:48,SHIPPED,NORTH
2078,947.0,2025-02-08 13:56:53,DELIVERED,SOUTH
2079,621.0,2024-10-05 13:37:46,SHIPPED,WEST
2080,133.0,2024-12-20 00:59:10,DELIVERED,NORTH
2081,741.0,2025-04-06 18:16:10,DELIVERED,WEST
2082,203.0,2025-03-22 20:53:33,SHIPPED,EAST
2083,442.0,2025-12-11 18:17:28,PLACED,SOUTH
2084,898.0,2026-06-12 10:53:56,DELIVERED,SOUTH
2085,289.0,2025-04-12 06:44:07,PLACED,WEST
2086,144.0,2026-02-02 00:35:20,DELIVERED,EAST
2087,154.0,2026-05-07 19:41:46,PLACED,SOUTH
2088,376.0,2024-10-22 21:33:18,DELIVERED,NORTH
2089,754.0,2025-03-17 11:01:18,SHIPPED,EAST
2090,712.0,2025-04-19 12:22:17,DELIVERED,SOUTH
2091,122.0,2025-11-12 01:34:48,CANCELLED,EAST
2092,397.0,2024-07-27 04:23:25,SHIPPED,NORTH
2093,77.0,2025-11-21 06:30:40,PLACED,WEST
2094,433.0,2025-08-08 19:45:09,DELIVERED,WEST
2095,171.0,2025-05-12 00:42:32,DELIVERED,NORTH
2096,883.0,2025-10-15 18:56:44,SHIPPED,EAST
2097,968.0,2025-11-07 15:50:51,SHIPPED,SOUTH
2100,578.0,2024-11-20 08:54:21,DELIVERED,EAST
2101,380.0,2025-05-28 03:39:53,RETURNED,EAST
2102,864.0,2026-04-13 14:32:12,DELIVERED,NORTH
2103,830.0,2025-07-22 10:06:40,SHIPPED,NORTH
2104,817.0,2025-11-02 03:27:44,SHIPPED,WEST
2105,103.0,2024-07-14 18:24:28,CANCELLED,WEST
2107,152.0,2026-01-16 22:45:19,SHIPPED,EAST
2108,475.0,2025-06-15 04:20:57,DELIVERED,NORTH
2109,474.0,2025-05-25 11:28:40,RETURNED,EAST
2110,544.0,2024-07-31 13:07:30,SHIPPED,WEST
2112,541.0,2024-10-17 05:33:20,DELIVERED,EAST
2114,161.0,2026-02-23 11:45:48,DELIVERED,EAST
2115,911.0,2025-02-08 16:48:07,PLACED,NORTH
2116,851.0,2025-12-11 21:27:00,PLACED,NORTH
2117,413.0,2026-05-14 13:28:52,RETURNED,NORTH
2118,815.0,2024-11-10 11:09:38,DELIVERED,WEST
2119,259.0,2025-06-28 04:27:28,SHIPPED,SOUTH
2120,965.0,2025-07-24 01:57:01,DELIVERED,EAST
2121,323.0,2025-08-23 20:52:25,PLACED,SOUTH
2123,613.0,2025-03-06 22:26:53,DELIVERED,WEST
2124,664.0,2025-04-29 12:56:48,DELIVERED,NORTH
2125,392.0,2025-05-11 01:30:19,SHIPPED,WEST
2126,153.0,2025-05-31 00:27:30,PLACED,WEST
2127,255.0,2025-03-11 17:22:25,DELIVERED,SOUTH
2128,706.0,2024-08-20 15:17:50,DELIVERED,NORTH
2129,457.0,2026-02-23 06:35:05,DELIVERED,EAST
2130,442.0,2026-03-28 03:57:28,SHIPPED,SOUTH
2131,528.0,2025-08-02 16:16:01,DELIVERED,NORTH
2132,57.0,2025-10-24 00:33:57,DELIVERED,EAST
2133,954.0,2024-11-07 15:51:14,RETURNED,NORTH
2134,701.0,2024-08-28 06:36:23,DELIVERED,WEST
2135,919.0,2026-04-27 08:30:49,RETURNED,EAST
2136,521.0,2024-11-04 20:46:50,PLACED,WEST
2137,312.0,2025-03-23 15:32:16,SHIPPED,EAST
2138,756.0,2026-05-11 11:58:32,DELIVERED,EAST
2139,12.0,2024-11-02 14:02:53,PLACED,NORTH
2140,328.0,2025-08-05 16:01:06,DELIVERED,SOUTH
2141,88.0,2025-10-29 18:23:40,DELIVERED,NORTH
2142,524.0,2026-05-11 23:06:08,DELIVERED,SOUTH
2143,434.0,2026-02-17 04:34:16,DELIVERED,WEST
2144,687.0,2026-02-08 14:36:33,DELIVERED,EAST
2146,434.0,2025-12-25 09:18:25,DELIVERED,SOUTH
2147,291.0,2026-03-21 17:07:59,DELIVERED,SOUTH
2148,387.0,2025-07-24 19:53:27,DELIVERED,WEST
2149,656.0,2026-03-30 21:20:59,DELIVERED,EAST
2150,386.0,2026-04-23 01:44:40,SHIPPED,WEST
2152,347.0,2024-10-18 23:17:05,RETURNED,EAST
2153,249.0,2026-06-27 13:24:41,DELIVERED,SOUTH
2155,546.0,2026-02-16 06:46:59,PLACED,WEST
2156,265.0,2025-01-05 04:48:49,RETURNED,WEST
2157,70.0,2026-02-28 11:23:10,PLACED,EAST
2158,850.0,2025-05-10 15:05:36,RETURNED,SOUTH
2159,774.0,2025-01-08 23:22:41,SHIPPED,SOUTH
2160,111.0,2024-09-17 11:58:24,DELIVERED,NORTH
2161,255.0,2024-11-10 23:06:19,DELIVERED,NORTH
2163,508.0,2025-08-26 04:18:53,PLACED,EAST
2164,894.0,2024-11-30 06:57:20,PLACED,WEST
2165,65.0,2025-05-08 20:50:26,DELIVERED,NORTH
2166,130.0,2024-10-01 00:40:27,DELIVERED,NORTH
2168,82.0,2025-09-09 10:11:30,DELIVERED,NORTH
2169,860.0,2026-06-29 15:08:07,DELIVERED,WEST
2170,560.0,2025-07-27 06:58:37,DELIVERED,SOUTH
2171,596.0,2025-01-04 08:14:08,DELIVERED,WEST
2172,706.0,2025-12-20 01:57:24,DELIVERED,EAST
2173,823.0,2025-07-19 16:49:25,DELIVERED,SOUTH
2174,704.0,2025-04-13 10:27:34,SHIPPED,WEST
2175,46.0,2025-11-26 11:23:28,PLACED,NORTH
2176,611.0,2024-08-20 09:00:52,DELIVERED,SOUTH
2177,255.0,2025-11-11 03:10:24,SHIPPED,EAST
2178,614.0,2026-03-21 02:02:31,PLACED,EAST
2179,306.0,2024-12-29 13:54:29,SHIPPED,EAST
2180,385.0,2024-11-29 21:27:42,CANCELLED,WEST
2181,421.0,2025-09-06 12:19:41,SHIPPED,NORTH
2182,954.0,2025-01-13 09:15:45,DELIVERED,WEST
2183,914.0,2024-10-06 19:51:36,RETURNED,EAST
2184,197.0,2025-01-19 18:33:29,PLACED,SOUTH
2185,802.0,2025-09-28 18:50:41,DELIVERED,SOUTH
2186,189.0,2025-08-24 22:52:51,SHIPPED,NORTH
2187,343.0,2026-05-23 07:56:13,CANCELLED,NORTH
2188,692.0,2025-09-08 03:58:03,SHIPPED,SOUTH
2189,987.0,2025-06-10 12:46:20,RETURNED,WEST
2190,486.0,2025-05-24 12:53:59,DELIVERED,NORTH
2191,107.0,2026-06-19 05:13:50,RETURNED,NORTH
2192,996.0,2024-09-04 23:10:30,SHIPPED,WEST
2193,7.0,2025-06-04 22:01:07,PLACED,WEST
2194,406.0,2025-02-07 22:52:25,DELIVERED,SOUTH
2195,178.0,2025-02-07 19:37:39,DELIVERED,NORTH
2196,280.0,2025-10-16 01:56:09,DELIVERED,EAST
2197,654.0,2025-11-01 01:21:17,DELIVERED,SOUTH
2198,542.0,2024-10-11 20:24:58,DELIVERED,EAST
2199,355.0,2026-06-04 07:49:44,DELIVERED,NORTH
2200,359.0,2026-03-30 05:23:15,DELIVERED,EAST
2201,180.0,2025-02-18 11:43:55,DELIVERED,SOUTH
2202,900.0,2025-01-22 08:43:46,RETURNED,EAST
2204,479.0,2025-11-01 23:07:41,SHIPPED,NORTH
2205,968.0,2024-08-11 16:56:33,RETURNED,EAST
2206,630.0,2025-03-29 21:53:26,DELIVERED,NORTH
2207,923.0,2026-02-27 08:35:42,SHIPPED,EAST
2208,695.0,2025-06-06 13:18:09,PLACED,WEST
2209,840.0,2025-09-18 14:59:22,DELIVERED,NORTH
2210,69.0,2025-02-15 15:03:29,SHIPPED,NORTH
2211,732.0,2025-01-01 15:31:22,DELIVERED,SOUTH
2212,559.0,2025-01-11 20:08:45,DELIVERED,SOUTH
2214,733.0,2026-02-03 23:41:42,DELIVERED,NORTH
2215,354.0,2025-11-21 16:55:10,SHIPPED,EAST
2216,438.0,2024-10-26 13:03:31,DELIVERED,EAST
2217,487.0,2024-11-09 02:42:22,DELIVERED,NORTH
2219,611.0,2026-03-20 13:26:05,RETURNED,EAST
2220,753.0,2026-05-12 07:57:47,DELIVERED,SOUTH
2221,783.0,2024-08-31 10:45:44,RETURNED,EAST
2222,720.0,2025-10-18 23:38:43,SHIPPED,WEST
2223,260.0,2025-11-19 11:20:06,PLACED,WEST
2224,180.0,2026-01-05 11:05:52,DELIVERED,SOUTH
2225,167.0,2025-04-24 07:11:28,DELIVERED,SOUTH
2226,662.0,2025-05-09 11:31:46,DELIVERED,SOUTH
2227,581.0,2026-06-05 16:19:51,DELIVERED,NORTH
2228,571.0,2026-05-14 15:45:21,SHIPPED,NORTH
2230,389.0,2024-09-15 22:21:59,DELIVERED,WEST
2231,125.0,2024-08-01 15:23:52,SHIPPED,EAST
2232,96.0,2025-02-13 04:37:30,SHIPPED,EAST
2233,666.0,2026-01-25 16:08:44,DELIVERED,NORTH
2234,283.0,2025-06-29 19:30:35,DELIVERED,SOUTH
2235,317.0,2025-12-03 07:44:23,DELIVERED,NORTH
2237,4.0,2026-06-29 09:35:55,CANCELLED,WEST
2238,77.0,2025-02-06 14:41:18,PLACED,WEST
2239,685.0,2025-02-06 16:21:38,PLACED,WEST
2240,307.0,2025-02-08 17:34:23,DELIVERED,SOUTH
2241,2.0,2024-11-08 18:34:54,SHIPPED,EAST
2242,481.0,2025-05-24 16:15:38,DELIVERED,SOUTH
2243,562.0,2026-05-03 01:50:10,DELIVERED,WEST
2245,533.0,2025-05-22 12:09:25,DELIVERED,WEST
2246,75.0,2024-07-23 22:18:40,DELIVERED,SOUTH
2247,865.0,2025-12-08 01:29:06,DELIVERED,SOUTH
2248,966.0,2025-08-20 09:21:12,DELIVERED,EAST
2249,987.0,2025-05-24 06:48:09,DELIVERED,SOUTH
2250,310.0,2024-10-06 23:55:07,PLACED,EAST
2251,964.0,2024-10-01 09:20:28,DELIVERED,EAST
2252,121.0,2026-04-01 02:49:17,DELIVERED,SOUTH
2253,395.0,2025-09-06 13:28:12,PLACED,SOUTH
2254,624.0,2025-09-22 12:47:43,SHIPPED,EAST
2255,145.0,2025-01-07 09:39:50,DELIVERED,NORTH
2256,831.0,2025-10-19 12:37:45,DELIVERED,EAST
2257,136.0,2026-01-26 00:08:26,DELIVERED,EAST
2258,856.0,2026-03-04 17:35:42,DELIVERED,NORTH
2259,145.0,2025-06-27 19:12:10,DELIVERED,NORTH
2260,19.0,2026-07-11 13:03:47,DELIVERED,SOUTH
2261,921.0,2024-08-08 19:54:16,PLACED,SOUTH
2262,140.0,2025-05-18 12:21:53,RETURNED,SOUTH
2263,626.0,2024-12-09 23:21:57,DELIVERED,NORTH
2264,498.0,2026-01-13 03:17:37,DELIVERED,SOUTH
2265,269.0,2025-06-07 02:40:08,SHIPPED,WEST
2266,965.0,2026-05-12 12:50:03,DELIVERED,EAST
2269,112.0,2026-03-25 15:51:06,DELIVERED,WEST
2270,902.0,2025-06-15 06:34:11,CANCELLED,WEST
2271,584.0,2025-10-15 01:16:09,DELIVERED,WEST
2272,697.0,2024-12-02 00:05:15,SHIPPED,NORTH
2273,588.0,2024-08-21 04:40:52,DELIVERED,EAST
2274,662.0,2024-09-10 15:33:54,DELIVERED,SOUTH
2275,423.0,2025-03-28 21:24:41,SHIPPED,WEST
2276,424.0,2024-11-24 20:40:35,DELIVERED,SOUTH
2277,208.0,2026-05-06 19:40:58,PLACED,NORTH
2279,188.0,2024-11-25 03:13:09,SHIPPED,EAST
2280,537.0,2025-11-18 16:24:38,DELIVERED,SOUTH
2281,62.0,2024-07-25 17:45:09,DELIVERED,NORTH
2282,459.0,2025-11-21 19:48:13,RETURNED,EAST
2283,954.0,2026-02-17 11:28:33,DELIVERED,SOUTH
2284,234.0,2025-09-05 06:01:38,CANCELLED,EAST
2285,142.0,2025-05-08 04:41:36,PLACED,WEST
2286,722.0,2025-10-16 15:09:37,DELIVERED,EAST
2287,984.0,2025-05-23 10:08:58,SHIPPED,NORTH
2288,554.0,2024-12-21 03:47:56,DELIVERED,NORTH
2290,103.0,2025-07-10 12:53:36,DELIVERED,WEST
2291,704.0,2025-07-01 16:43:38,SHIPPED,WEST
2292,56.0,2026-05-29 03:20:44,DELIVERED,WEST
2293,380.0,2026-07-08 09:27:30,CANCELLED,EAST
2294,86.0,2025-08-13 11:02:02,DELIVERED,SOUTH
2295,923.0,2026-01-30 01:06:32,DELIVERED,NORTH
2297,114.0,2024-10-11 18:44:10,CANCELLED,EAST
2298,671.0,2025-07-26 13:02:35,DELIVERED,EAST
2300,865.0,2026-05-15 20:37:11,PLACED,EAST
2301,605.0,2026-01-16 11:14:09,CANCELLED,NORTH
2303,792.0,2025-01-20 11:33:36,DELIVERED,NORTH
2306,642.0,2024-08-31 19:38:32,SHIPPED,EAST
2307,632.0,2024-08-12 20:16:22,DELIVERED,SOUTH
2308,703.0,2024-07-25 03:22:16,DELIVERED,NORTH
2310,408.0,2025-05-28 07:26:57,CANCELLED,NORTH
2311,397.0,2026-03-05 19:13:31,PLACED,SOUTH
2312,513.0,2026-05-23 21:06:20,DELIVERED,SOUTH
2313,584.0,2025-09-21 06:57:36,DELIVERED,EAST
2314,22.0,2026-02-01 19:30:29,DELIVERED,SOUTH
2315,9.0,2025-07-17 03:19:48,DELIVERED,NORTH
2316,389.0,2025-01-07 05:42:24,DELIVERED,EAST
2317,551.0,2025-12-23 05:55:39,DELIVERED,SOUTH
2318,227.0,2026-02-22 05:14:06,PLACED,NORTH
2319,659.0,2025-06-05 17:26:59,DELIVERED,EAST
2320,653.0,2025-03-28 07:32:30,CANCELLED,EAST
2321,156.0,2024-11-27 16:55:57,DELIVERED,WEST
2323,946.0,2026-03-28 03:54:50,DELIVERED,WEST
2324,580.0,2025-04-27 15:33:18,DELIVERED,WEST
2325,405.0,2026-04-21 18:49:18,SHIPPED,SOUTH
2326,906.0,2026-02-23 15:34:56,DELIVERED,SOUTH
2327,474.0,2025-07-19 00:01:43,DELIVERED,SOUTH
2329,770.0,2026-04-01 13:28:44,DELIVERED,SOUTH
2330,815.0,2026-02-28 16:05:48,PLACED,NORTH
2332,792.0,2026-05-31 03:25:50,DELIVERED,EAST
2333,84.0,2025-06-27 22:25:09,DELIVERED,WEST
2334,482.0,2024-07-15 08:54:41,DELIVERED,NORTH
2335,769.0,2025-02-10 15:12:34,SHIPPED,SOUTH
2336,385.0,2025-01-01 19:30:54,CANCELLED,WEST
2337,823.0,2024-09-17 03:00:38,DELIVERED,NORTH
2338,527.0,2024-11-11 17:51:18,DELIVERED,NORTH
2339,565.0,2025-10-19 13:03:24,SHIPPED,SOUTH
2340,969.0,2025-03-05 03:13:46,SHIPPED,WEST
2341,671.0,2025-12-31 22:25:08,DELIVERED,NORTH
2342,998.0,2025-01-15 09:07:32,DELIVERED,SOUTH
2343,690.0,2025-12-22 20:29:59,PLACED,NORTH
2344,52.0,2025-05-12 13:44:15,SHIPPED,SOUTH
2345,450.0,2025-12-21 14:29:07,SHIPPED,NORTH
2346,736.0,2026-04-05 17:52:49,DELIVERED,NORTH
2347,908.0,2026-03-16 21:50:15,SHIPPED,NORTH
2348,813.0,2025-07-16 21:28:13,DELIVERED,WEST
2349,925.0,2025-07-07 04:54:10,SHIPPED,NORTH
2350,668.0,2025-06-03 11:25:34,DELIVERED,NORTH
2351,388.0,2026-04-03 06:14:52,CANCELLED,SOUTH
2352,805.0,2025-10-23 15:15:34,RETURNED,EAST
2353,397.0,2025-08-14 06:20:02,PLACED,SOUTH
2354,430.0,2025-08-28 15:29:27,DELIVERED,EAST
2355,428.0,2026-06-30 05:45:45,DELIVERED,NORTH
2356,718.0,2026-06-07 02:20:10,DELIVERED,WEST
2357,62.0,2024-09-04 05:00:41,DELIVERED,EAST
2358,38.0,2025-12-09 09:34:04,RETURNED,EAST
2359,194.0,2025-12-11 20:28:38,DELIVERED,EAST
2360,386.0,2025-02-26 07:22:45,DELIVERED,WEST
2361,904.0,2024-09-05 08:36:38,RETURNED,EAST
2362,421.0,2025-10-18 18:40:32,DELIVERED,EAST
2363,155.0,2025-10-02 06:03:34,DELIVERED,NORTH
2364,505.0,2025-01-08 20:03:40,DELIVERED,NORTH
2365,953.0,2026-05-28 22:39:08,DELIVERED,NORTH
2366,585.0,2024-11-03 02:21:36,SHIPPED,EAST
2367,909.0,2024-07-19 06:17:36,RETURNED,WEST
2368,192.0,2026-04-08 06:51:40,DELIVERED,SOUTH
2369,267.0,2026-02-25 05:41:13,PLACED,SOUTH
2370,724.0,2025-10-24 03:37:54,DELIVERED,WEST
2372,578.0,2024-08-17 01:24:32,DELIVERED,WEST
2373,917.0,2025-06-13 01:13:04,DELIVERED,EAST
2374,370.0,2026-05-22 10:53:00,DELIVERED,EAST
2375,954.0,2025-10-28 03:55:31,DELIVERED,NORTH
2376,928.0,2026-02-04 16:34:29,DELIVERED,EAST
2378,835.0,2025-05-02 05:08:28,DELIVERED,EAST
2379,381.0,2025-01-04 23:34:52,DELIVERED,SOUTH
2380,945.0,2026-02-09 18:22:47,RETURNED,SOUTH
2381,796.0,2025-09-19 17:49:59,SHIPPED,WEST
2382,834.0,2025-10-14 12:52:20,RETURNED,SOUTH
2383,919.0,2026-01-10 00:12:52,SHIPPED,EAST
2384,219.0,2025-07-26 23:16:18,DELIVERED,SOUTH
2385,469.0,2026-06-30 21:45:00,DELIVERED,NORTH
2387,146.0,2026-02-11 01:13:30,DELIVERED,WEST
2388,955.0,2024-12-21 16:25:44,SHIPPED,EAST
2389,181.0,2024-07-24 23:20:31,DELIVERED,EAST
2390,697.0,2026-01-03 18:23:44,PLACED,WEST
2391,989.0,2025-03-24 18:27:37,DELIVERED,NORTH
2392,421.0,2025-03-05 21:08:17,DELIVERED,SOUTH
2393,474.0,2026-05-09 14:22:24,DELIVERED,EAST
2394,200.0,2025-09-28 20:40:44,CANCELLED,NORTH
2395,645.0,2024-12-20 07:09:01,DELIVERED,NORTH
2398,191.0,2024-10-22 19:34:20,CANCELLED,NORTH
2399,619.0,2025-11-07 04:41:23,DELIVERED,NORTH
2400,223.0,2026-07-06 16:25:25,DELIVERED,NORTH
2401,169.0,2025-02-06 08:43:21,SHIPPED,EAST
2402,158.0,2024-12-13 12:40:45,CANCELLED,NORTH
2403,191.0,2025-02-13 20:08:29,DELIVERED,SOUTH
2404,737.0,2024-12-13 19:06:23,DELIVERED,SOUTH
2405,152.0,2025-06-25 04:14:39,DELIVERED,WEST
2406,631.0,2025-12-04 02:15:55,DELIVERED,NORTH
2407,874.0,2024-12-08 19:30:15,DELIVERED,SOUTH
2408,231.0,2025-11-28 00:55:40,PLACED,EAST
2409,481.0,2026-03-19 20:28:05,DELIVERED,WEST
2411,827.0,2026-06-21 07:33:17,DELIVERED,NORTH
2413,572.0,2026-02-08 20:27:20,SHIPPED,NORTH
2414,505.0,2025-06-21 12:59:11,DELIVERED,EAST
2415,265.0,2026-05-11 10:59:16,DELIVERED,EAST
2416,215.0,2024-11-17 00:41:33,RETURNED,SOUTH
2417,166.0,2025-04-02 18:03:38,DELIVERED,EAST
2418,158.0,2024-12-25 02:39:00,DELIVERED,SOUTH
2419,681.0,2026-04-07 20:22:48,SHIPPED,EAST
2420,387.0,2025-02-08 12:53:23,RETURNED,EAST
2421,672.0,2026-04-13 18:26:14,DELIVERED,WEST
2422,251.0,2025-10-19 10:02:11,DELIVERED,EAST
2423,813.0,2025-11-16 18:07:13,SHIPPED,WEST
2424,235.0,2025-12-31 20:54:53,DELIVERED,EAST
2425,910.0,2024-07-30 10:55:53,DELIVERED,WEST
2426,521.0,2025-08-27 21:20:02,SHIPPED,WEST
2427,396.0,2024-07-16 08:45:57,DELIVERED,NORTH
2428,258.0,2025-04-15 20:21:54,CANCELLED,NORTH
2429,439.0,2025-04-08 23:39:22,PLACED,EAST
2430,279.0,2025-03-27 20:45:53,PLACED,WEST
2431,217.0,2025-01-11 17:17:04,DELIVERED,SOUTH
2432,823.0,2025-11-06 00:18:48,SHIPPED,WEST
2433,683.0,2024-07-25 12:47:05,DELIVERED,NORTH
2434,678.0,2025-07-11 01:52:17,CANCELLED,SOUTH
2435,441.0,2025-02-15 04:31:20,DELIVERED,WEST
2436,580.0,2026-03-17 11:12:18,PLACED,WEST
2437,496.0,2026-03-28 20:35:56,RETURNED,SOUTH
2438,668.0,2024-10-29 11:18:27,DELIVERED,EAST
2439,987.0,2025-01-19 19:38:49,DELIVERED,WEST
2440,861.0,2024-12-30 15:50:55,DELIVERED,EAST
2441,618.0,2025-09-11 23:21:35,DELIVERED,SOUTH
2443,128.0,2024-09-24 18:49:26,DELIVERED,EAST
2444,794.0,2025-01-02 14:18:11,SHIPPED,EAST
2445,468.0,2024-08-17 18:27:24,PLACED,NORTH
2447,781.0,2025-03-19 12:57:51,DELIVERED,WEST
2448,907.0,2025-07-11 00:40:19,SHIPPED,EAST
2449,35.0,2025-11-18 03:09:03,PLACED,SOUTH
2450,716.0,2025-04-03 00:25:19,DELIVERED,WEST
2451,579.0,2025-02-23 19:24:21,DELIVERED,NORTH
2452,651.0,2024-11-19 01:44:51,DELIVERED,WEST
2453,211.0,2025-01-18 15:35:15,DELIVERED,NORTH
2454,359.0,2024-11-05 12:42:22,DELIVERED,SOUTH
2455,241.0,2025-09-02 09:17:50,DELIVERED,EAST
2456,358.0,2025-10-07 20:57:42,DELIVERED,EAST
2457,772.0,2026-01-28 14:54:07,CANCELLED,SOUTH
2458,264.0,2024-11-05 07:10:25,DELIVERED,NORTH
2459,951.0,2024-09-08 02:59:52,DELIVERED,EAST
2460,462.0,2025-03-05 14:49:51,SHIPPED,WEST
2461,539.0,2025-12-17 20:49:24,DELIVERED,SOUTH
2462,49.0,2025-02-13 18:35:23,SHIPPED,WEST
2463,224.0,2025-03-01 16:44:24,DELIVERED,EAST
2465,708.0,2025-05-16 04:23:38,DELIVERED,WEST
2466,921.0,2025-07-02 19:55:00,SHIPPED,WEST
2467,484.0,2025-11-25 23:29:16,DELIVERED,NORTH
2468,44.0,2024-09-22 14:42:31,DELIVERED,WEST
2469,152.0,2026-04-14 16:42:58,PLACED,NORTH
2470,755.0,2025-01-31 18:01:26,DELIVERED,SOUTH
2471,473.0,2025-07-30 23:05:28,DELIVERED,WEST
2472,597.0,2025-12-13 09:04:40,DELIVERED,NORTH
2473,441.0,2026-01-25 09:54:03,DELIVERED,SOUTH
2474,268.0,2025-12-25 00:48:05,SHIPPED,EAST
2475,227.0,2025-08-12 17:09:34,DELIVERED,EAST
2477,687.0,2026-02-25 03:12:03,SHIPPED,EAST
2478,188.0,2025-04-18 10:32:47,SHIPPED,EAST
2479,462.0,2026-05-16 17:26:48,DELIVERED,WEST
2480,554.0,2024-11-15 00:44:02,DELIVERED,EAST
2481,919.0,2025-09-29 01:55:21,DELIVERED,NORTH
2482,825.0,2024-12-15 12:54:59,RETURNED,WEST
2483,66.0,2025-12-04 07:36:24,PLACED,SOUTH
2484,60.0,2026-04-05 18:14:53,DELIVERED,EAST
2485,168.0,2024-12-06 17:43:22,CANCELLED,WEST
2486,186.0,2025-09-14 07:38:46,DELIVERED,SOUTH
2487,137.0,2025-02-25 05:07:55,DELIVERED,NORTH
2488,138.0,2026-01-15 06:47:58,SHIPPED,SOUTH
2489,236.0,2025-04-06 22:39:21,DELIVERED,WEST
2490,709.0,2025-05-02 22:06:22,DELIVERED,EAST
2491,11.0,2025-06-20 09:20:20,DELIVERED,EAST
2492,323.0,2025-09-30 11:04:16,SHIPPED,EAST
2493,81.0,2025-03-22 18:16:03,SHIPPED,EAST
2494,175.0,2026-02-10 18:58:40,DELIVERED,SOUTH
2496,735.0,2024-11-14 13:42:05,DELIVERED,EAST
2497,383.0,2024-10-29 14:51:32,DELIVERED,EAST
2498,560.0,2026-07-08 18:24:10,SHIPPED,WEST
2499,708.0,2025-02-15 09:28:30,DELIVERED,SOUTH
2500,52.0,2026-01-21 09:06:49,SHIPPED,WEST
2501,694.0,2025-07-11 16:44:58,DELIVERED,NORTH
2502,325.0,2026-02-22 09:30:01,DELIVERED,EAST
2503,777.0,2024-10-06 00:37:05,CANCELLED,SOUTH
2504,498.0,2024-08-20 23:33:07,DELIVERED,NORTH
2505,103.0,2025-01-04 19:36:53,PLACED,WEST
2506,43.0,2025-11-20 00:08:49,DELIVERED,WEST
2507,761.0,2025-08-25 13:35:09,DELIVERED,NORTH
2508,51.0,2025-04-12 12:49:05,DELIVERED,SOUTH
2509,361.0,2025-05-20 13:35:36,DELIVERED,EAST
2510,326.0,2025-04-15 14:43:39,SHIPPED,NORTH
2511,146.0,2026-01-01 11:10:28,DELIVERED,SOUTH
2513,385.0,2026-05-02 22:40:40,DELIVERED,EAST
2514,662.0,2025-01-09 14:28:20,CANCELLED,NORTH
2515,837.0,2025-03-27 01:51:32,SHIPPED,WEST
2516,854.0,2024-11-15 12:16:52,DELIVERED,EAST
2518,387.0,2025-07-19 06:58:08,PLACED,EAST
2519,699.0,2024-10-27 09:41:53,DELIVERED,SOUTH
2520,650.0,2026-06-20 17:55:01,DELIVERED,EAST
2521,275.0,2025-11-09 08:08:08,DELIVERED,SOUTH
2523,86.0,2025-06-20 01:09:40,PLACED,EAST
2524,950.0,2025-06-07 02:09:21,SHIPPED,EAST
2525,978.0,2024-11-24 15:15:06,PLACED,EAST
2526,681.0,2024-09-05 07:31:51,DELIVERED,WEST
2527,832.0,2025-01-22 04:02:24,DELIVERED,EAST
2528,977.0,2026-01-18 09:14:10,PLACED,EAST
2529,28.0,2026-03-24 01:58:48,PLACED,SOUTH
2530,229.0,2024-07-19 16:22:12,PLACED,EAST
2531,873.0,2026-02-07 08:50:35,SHIPPED,NORTH
2532,156.0,2026-02-06 21:01:57,DELIVERED,EAST
2533,524.0,2025-10-01 21:58:02,DELIVERED,SOUTH
2534,557.0,2025-03-31 09:09:54,DELIVERED,NORTH
2535,597.0,2026-06-13 05:55:44,DELIVERED,NORTH
2536,313.0,2025-09-16 15:20:14,DELIVERED,NORTH
2537,182.0,2026-03-13 20:31:31,CANCELLED,WEST
2538,492.0,2026-03-08 14:01:39,DELIVERED,WEST
2539,289.0,2025-04-26 00:53:30,DELIVERED,NORTH
2540,742.0,2026-04-30 20:38:06,SHIPPED,SOUTH
2541,447.0,2025-12-24 14:32:45,SHIPPED,NORTH
2542,66.0,2026-02-08 09:12:19,SHIPPED,SOUTH
2543,116.0,2026-05-08 16:28:54,DELIVERED,NORTH
2544,884.0,2026-07-02 07:13:44,DELIVERED,EAST
2545,540.0,2026-06-21 21:25:57,DELIVERED,NORTH
2546,21.0,2026-01-05 18:12:29,DELIVERED,NORTH
2548,553.0,2025-01-13 01:47:31,SHIPPED,NORTH
2550,921.0,2026-04-22 06:01:17,CANCELLED,SOUTH
2551,863.0,2026-02-16 21:49:16,DELIVERED,NORTH
2552,408.0,2025-09-13 02:16:33,DELIVERED,WEST
2553,879.0,2026-02-19 14:28:54,RETURNED,SOUTH
2554,514.0,2025-10-11 17:18:13,DELIVERED,SOUTH
2555,496.0,2025-12-08 17:55:41,DELIVERED,NORTH
2556,987.0,2026-05-14 20:13:49,DELIVERED,WEST
2557,466.0,2025-03-24 01:29:15,DELIVERED,NORTH
2559,232.0,2025-06-19 04:26:47,DELIVERED,SOUTH
2560,192.0,2024-11-11 08:32:25,DELIVERED,WEST
2561,961.0,2026-03-06 16:02:07,PLACED,WEST
2562,98.0,2024-09-27 04:10:06,DELIVERED,EAST
2563,172.0,2026-01-19 00:35:18,DELIVERED,NORTH
2564,833.0,2025-04-30 02:47:50,DELIVERED,WEST
2565,980.0,2024-12-20 17:28:43,DELIVERED,NORTH
2566,608.0,2025-12-16 21:59:00,DELIVERED,EAST
2567,510.0,2026-03-20 00:54:53,RETURNED,SOUTH
2568,386.0,2026-05-24 01:08:53,DELIVERED,WEST
2569,627.0,2024-08-08 21:03:19,PLACED,EAST
2570,316.0,2026-05-06 14:57:13,DELIVERED,SOUTH
2571,229.0,2025-10-16 09:08:30,DELIVERED,NORTH
2572,756.0,2026-02-10 06:06:36,DELIVERED,NORTH
2573,643.0,2024-09-19 14:54:43,DELIVERED,EAST
2574,449.0,2024-08-24 12:07:39,PLACED,NORTH
2575,610.0,2025-09-02 17:33:44,DELIVERED,EAST
2576,872.0,2025-06-08 01:17:46,PLACED,SOUTH
2577,822.0,2026-03-18 12:35:06,DELIVERED,SOUTH
2578,470.0,2024-07-16 01:59:56,SHIPPED,NORTH
2579,300.0,2025-02-09 07:01:13,SHIPPED,EAST
2581,335.0,2024-11-23 20:18:30,DELIVERED,NORTH
2582,143.0,2025-06-09 18:32:54,DELIVERED,NORTH
2584,789.0,2025-11-28 09:02:22,DELIVERED,SOUTH
2585,824.0,2025-06-01 13:14:32,DELIVERED,SOUTH
2586,755.0,2026-05-30 12:00:19,DELIVERED,NORTH
2587,426.0,2024-09-01 18:48:49,SHIPPED,WEST
2589,779.0,2024-11-22 01:57:01,DELIVERED,EAST
2590,18.0,2025-04-26 05:44:59,DELIVERED,NORTH
2591,786.0,2024-08-30 21:48:10,RETURNED,EAST
2592,584.0,2025-12-24 08:17:20,CANCELLED,NORTH
2593,544.0,2026-04-17 21:00:49,DELIVERED,NORTH
2596,610.0,2025-01-20 19:22:26,SHIPPED,EAST
2597,573.0,2025-08-06 02:14:46,CANCELLED,SOUTH
2598,40.0,2025-09-29 19:38:56,SHIPPED,EAST
2599,626.0,2025-11-14 21:22:11,SHIPPED,WEST
2600,189.0,2025-04-21 12:59:30,DELIVERED,EAST
2601,955.0,2025-03-03 19:22:18,DELIVERED,NORTH
2602,315.0,2025-09-02 20:28:44,DELIVERED,EAST
2603,229.0,2026-06-30 15:12:06,PLACED,SOUTH
2604,321.0,2025-11-13 19:55:26,RETURNED,EAST
2605,357.0,2024-09-02 04:28:10,DELIVERED,NORTH
2607,70.0,2026-01-02 03:58:19,SHIPPED,SOUTH
2608,475.0,2025-07-02 07:35:31,SHIPPED,SOUTH
2609,570.0,2026-06-21 17:35:25,DELIVERED,SOUTH
2610,685.0,2025-06-04 00:35:10,DELIVERED,EAST
2611,119.0,2025-03-13 19:06:19,DELIVERED,NORTH
2612,57.0,2025-09-21 16:28:02,DELIVERED,NORTH
2613,614.0,2025-06-28 11:34:06,DELIVERED,WEST
2614,375.0,2024-08-05 19:11:28,SHIPPED,WEST
2615,750.0,2026-06-10 03:25:02,SHIPPED,WEST
2616,595.0,2026-03-16 17:34:29,DELIVERED,SOUTH
2617,868.0,2026-06-10 10:44:19,DELIVERED,WEST
2618,32.0,2025-09-23 14:34:24,SHIPPED,NORTH
2619,71.0,2024-08-07 08:19:39,DELIVERED,SOUTH
2620,39.0,2025-03-05 06:01:05,DELIVERED,NORTH
2621,179.0,2026-01-27 13:45:48,PLACED,WEST
2622,701.0,2024-12-25 03:56:05,DELIVERED,EAST
2623,852.0,2026-07-11 00:11:38,DELIVERED,WEST
2624,804.0,2025-06-22 10:48:16,DELIVERED,NORTH
2625,703.0,2025-04-26 07:54:54,DELIVERED,WEST
2626,491.0,2025-10-23 03:12:32,SHIPPED,WEST
2627,67.0,2024-12-05 02:31:35,DELIVERED,SOUTH
2628,590.0,2025-11-19 13:30:58,DELIVERED,EAST
2629,350.0,2024-08-25 17:08:46,DELIVERED,NORTH
2630,115.0,2025-12-18 20:59:01,DELIVERED,SOUTH
2631,545.0,2026-06-29 21:26:25,DELIVERED,EAST
2632,722.0,2024-12-30 05:01:31,DELIVERED,EAST
2633,175.0,2025-09-12 06:26:16,DELIVERED,EAST
2634,962.0,2024-07-31 22:53:59,DELIVERED,EAST
2635,575.0,2025-06-22 19:01:56,DELIVERED,WEST
2636,728.0,2026-06-04 11:18:03,SHIPPED,NORTH
2637,53.0,2025-05-22 08:55:04,DELIVERED,WEST
2638,624.0,2026-06-15 05:33:55,DELIVERED,NORTH
2639,307.0,2025-04-03 23:56:13,DELIVERED,WEST
2640,474.0,2025-02-06 13:58:59,DELIVERED,EAST
2641,269.0,2025-12-14 04:13:48,DELIVERED,SOUTH
2642,779.0,2024-10-30 17:16:12,DELIVERED,NORTH
2644,870.0,2025-10-28 21:09:50,DELIVERED,WEST
2645,82.0,2025-02-14 19:24:49,DELIVERED,NORTH
2646,633.0,2026-06-04 11:09:18,DELIVERED,SOUTH
2647,456.0,2025-07-26 11:02:14,DELIVERED,WEST
2648,600.0,2026-02-14 15:04:11,DELIVERED,EAST
2649,552.0,2025-06-12 03:53:30,DELIVERED,NORTH
2650,685.0,2025-05-12 15:20:43,DELIVERED,NORTH
2651,247.0,2025-07-23 13:39:56,SHIPPED,SOUTH
2652,486.0,2024-12-25 15:58:31,DELIVERED,NORTH
2653,437.0,2026-03-01 14:59:50,DELIVERED,NORTH
2654,735.0,2026-04-05 17:58:52,PLACED,SOUTH
2655,732.0,2026-06-13 09:01:25,CANCELLED,WEST
2656,776.0,2025-01-16 00:26:25,PLACED,EAST
2657,614.0,2025-03-15 17:25:39,DELIVERED,NORTH
2658,642.0,2024-10-15 06:29:38,DELIVERED,WEST
2659,649.0,2024-10-12 07:52:53,SHIPPED,EAST
2660,841.0,2024-09-16 23:05:00,DELIVERED,EAST
2661,899.0,2024-07-26 13:14:20,SHIPPED,NORTH
2662,859.0,2024-08-27 23:14:14,DELIVERED,WEST
2664,352.0,2025-09-22 19:47:35,DELIVERED,WEST
2665,263.0,2025-02-05 08:29:32,DELIVERED,NORTH
2666,639.0,2025-05-19 08:54:00,CANCELLED,SOUTH
2667,894.0,2026-05-29 02:12:00,DELIVERED,EAST
2669,220.0,2025-02-11 13:28:05,DELIVERED,WEST
2670,878.0,2025-09-21 12:51:00,DELIVERED,EAST
2671,542.0,2026-06-12 17:50:45,DELIVERED,SOUTH
2672,590.0,2025-02-19 22:51:05,DELIVERED,WEST
2673,775.0,2025-12-13 23:40:56,DELIVERED,NORTH
2674,178.0,2025-04-11 14:30:58,SHIPPED,WEST
2675,893.0,2026-04-04 20:14:51,SHIPPED,SOUTH
2676,786.0,2025-09-22 06:05:04,DELIVERED,WEST
2678,776.0,2026-07-04 17:49:15,SHIPPED,NORTH
2679,970.0,2026-03-20 19:49:54,DELIVERED,NORTH
2680,211.0,2024-10-23 14:28:51,DELIVERED,SOUTH
2681,220.0,2024-11-23 23:08:36,DELIVERED,EAST
2683,846.0,2025-10-10 03:50:15,PLACED,SOUTH
2684,358.0,2025-03-22 22:31:48,PLACED,EAST
2685,868.0,2025-12-26 11:12:08,DELIVERED,NORTH
2686,365.0,2026-01-22 11:49:30,SHIPPED,EAST
2687,58.0,2024-12-25 11:50:06,DELIVERED,EAST
2688,221.0,2026-03-29 00:38:33,DELIVERED,NORTH
2689,495.0,2025-05-04 23:22:23,RETURNED,SOUTH
2690,284.0,2024-10-28 03:47:23,DELIVERED,WEST
2691,400.0,2026-05-31 08:21:04,DELIVERED,SOUTH
2692,383.0,2025-06-06 11:15:36,SHIPPED,SOUTH
2693,15.0,2025-01-16 14:29:54,DELIVERED,SOUTH
2694,103.0,2025-04-25 09:56:21,PLACED,SOUTH
2695,539.0,2026-01-11 11:01:08,SHIPPED,WEST
2697,156.0,2026-04-24 17:24:46,DELIVERED,SOUTH
2698,822.0,2026-03-17 21:40:11,DELIVERED,SOUTH
2702,176.0,2024-11-19 06:43:24,DELIVERED,WEST
2703,762.0,2025-09-29 00:25:00,DELIVERED,WEST
2704,123.0,2025-07-11 23:26:19,DELIVERED,EAST
2705,812.0,2025-12-02 17:07:54,DELIVERED,NORTH
2706,7.0,2025-01-11 07:41:58,DELIVERED,SOUTH
2707,778.0,2025-07-22 01:35:19,CANCELLED,SOUTH
2708,148.0,2026-05-27 15:37:34,SHIPPED,SOUTH
2709,602.0,2026-05-06 22:35:23,RETURNED,NORTH
2710,313.0,2024-07-15 22:14:17,DELIVERED,SOUTH
2711,24.0,2025-08-30 11:59:15,DELIVERED,EAST
2712,231.0,2026-01-12 15:17:07,PLACED,WEST
2714,354.0,2025-08-16 06:23:40,DELIVERED,NORTH
2715,135.0,2026-05-18 14:40:08,SHIPPED,NORTH
2716,441.0,2026-05-28 11:11:04,DELIVERED,EAST
2717,822.0,2025-09-10 06:09:59,DELIVERED,WEST
2718,931.0,2025-12-14 21:22:26,SHIPPED,WEST
2719,61.0,2026-04-22 04:32:34,SHIPPED,WEST
2720,524.0,2025-04-14 23:20:28,DELIVERED,NORTH
2721,113.0,2026-04-28 17:51:05,DELIVERED,SOUTH
2722,308.0,2026-01-10 09:26:07,DELIVERED,SOUTH
2723,986.0,2024-09-07 12:33:14,SHIPPED,EAST
2724,286.0,2024-12-14 03:30:27,SHIPPED,NORTH
2725,121.0,2026-03-26 01:28:45,DELIVERED,EAST
2727,745.0,2025-05-10 22:04:21,SHIPPED,NORTH
2728,337.0,2025-08-28 09:22:33,SHIPPED,NORTH
2732,772.0,2025-05-15 20:53:50,SHIPPED,WEST
2733,468.0,2026-06-18 22:24:08,DELIVERED,WEST
2735,863.0,2026-06-29 01:19:54,DELIVERED,WEST
2736,265.0,2025-06-02 06:00:52,PLACED,EAST
2737,256.0,2025-07-18 02:28:04,DELIVERED,SOUTH
2738,85.0,2024-12-29 08:59:32,PLACED,NORTH
2739,569.0,2024-11-20 04:29:47,DELIVERED,SOUTH
2740,986.0,2025-04-09 17:04:59,PLACED,EAST
2741,681.0,2024-09-17 02:50:23,DELIVERED,SOUTH
2742,421.0,2026-04-10 19:31:55,CANCELLED,EAST
2743,912.0,2025-11-11 11:27:18,DELIVERED,SOUTH
2744,98.0,2025-09-04 13:25:18,DELIVERED,NORTH
2745,724.0,2025-11-17 03:41:40,DELIVERED,SOUTH
2746,669.0,2025-02-13 15:26:34,CANCELLED,EAST
2747,153.0,2025-04-02 10:40:52,PLACED,EAST
2748,72.0,2026-06-21 09:15:19,CANCELLED,WEST
2749,935.0,2025-11-27 13:23:04,DELIVERED,SOUTH
2750,228.0,2025-02-11 19:06:07,PLACED,NORTH
2751,97.0,2025-04-10 22:53:34,SHIPPED,EAST
2752,119.0,2025-11-19 19:55:10,DELIVERED,EAST
2753,19.0,2025-04-24 00:28:01,DELIVERED,NORTH
2754,617.0,2025-05-14 10:01:28,DELIVERED,NORTH
2755,131.0,2026-05-07 02:15:50,DELIVERED,NORTH
2756,901.0,2026-01-20 00:49:38,RETURNED,SOUTH
2757,948.0,2024-10-04 06:04:14,PLACED,NORTH
2758,271.0,2025-10-16 22:17:47,PLACED,WEST
2759,333.0,2024-07-13 15:19:01,DELIVERED,EAST
2760,743.0,2024-09-30 04:55:17,DELIVERED,SOUTH
2761,430.0,2025-07-21 18:25:17,SHIPPED,NORTH
2763,317.0,2025-07-09 04:08:54,SHIPPED,WEST
2764,420.0,2025-10-21 15:19:39,DELIVERED,NORTH
2765,130.0,2024-07-31 01:01:38,SHIPPED,WEST
2766,522.0,2025-09-24 03:37:02,DELIVERED,EAST
2767,802.0,2024-11-22 09:13:30,SHIPPED,NORTH
2768,637.0,2025-07-12 20:34:43,DELIVERED,WEST
2769,865.0,2025-08-07 04:13:18,DELIVERED,NORTH
2770,593.0,2024-12-15 05:55:25,PLACED,WEST
2771,112.0,2026-06-14 16:35:54,DELIVERED,EAST
2772,129.0,2025-04-06 07:55:14,DELIVERED,EAST
2773,744.0,2025-07-06 03:48:57,DELIVERED,SOUTH
2774,155.0,2025-09-22 09:28:50,DELIVERED,EAST
2775,770.0,2026-03-24 16:13:46,DELIVERED,SOUTH
2777,104.0,2026-04-23 22:08:37,DELIVERED,NORTH
2778,475.0,2026-03-19 09:10:42,DELIVERED,EAST
2779,694.0,2026-07-08 04:25:57,DELIVERED,SOUTH
2780,541.0,2026-06-23 01:17:35,DELIVERED,NORTH
2781,415.0,2025-08-12 02:24:41,DELIVERED,NORTH
2782,45.0,2026-01-19 06:38:41,DELIVERED,EAST
2783,768.0,2025-02-25 07:04:36,SHIPPED,NORTH
2784,412.0,2025-02-06 11:45:45,RETURNED,WEST
2786,60.0,2025-06-17 18:07:28,DELIVERED,NORTH
2787,564.0,2024-09-14 20:07:48,CANCELLED,NORTH
2788,827.0,2025-10-19 00:37:37,SHIPPED,WEST
2789,247.0,2025-11-14 07:07:52,DELIVERED,WEST
2790,569.0,2026-06-24 08:12:59,SHIPPED,WEST
2791,160.0,2026-06-30 06:23:37,DELIVERED,NORTH
2792,265.0,2025-03-29 19:19:18,DELIVERED,WEST
2793,337.0,2025-10-16 04:37:01,DELIVERED,NORTH
2794,449.0,2025-02-24 12:25:43,SHIPPED,NORTH
2796,4.0,2025-07-05 10:26:00,DELIVERED,NORTH
2797,480.0,2025-12-09 05:23:25,DELIVERED,NORTH
2798,482.0,2025-10-10 08:29:28,DELIVERED,WEST
2799,503.0,2024-10-18 15:32:51,DELIVERED,SOUTH
2801,294.0,2025-12-23 09:48:04,DELIVERED,EAST
2802,477.0,2025-04-15 16:25:34,PLACED,EAST
2803,301.0,2025-05-25 20:23:32,SHIPPED,WEST
2804,167.0,2025-07-12 23:49:14,DELIVERED,WEST
2805,782.0,2026-01-30 06:30:26,DELIVERED,WEST
2806,21.0,2025-02-26 20:19:42,DELIVERED,NORTH
2807,707.0,2025-01-19 20:48:51,RETURNED,EAST
2808,963.0,2024-12-30 07:05:14,DELIVERED,NORTH
2809,917.0,2025-06-14 00:41:49,PLACED,WEST
2810,223.0,2024-11-28 06:04:55,CANCELLED,EAST
2811,161.0,2025-06-04 04:04:01,DELIVERED,NORTH
2812,887.0,2025-09-30 04:01:47,DELIVERED,EAST
2813,226.0,2026-06-06 01:42:37,SHIPPED,WEST
2815,378.0,2025-09-11 02:24:49,DELIVERED,WEST
2816,414.0,2026-04-14 15:41:24,DELIVERED,EAST
2818,283.0,2024-09-15 15:07:45,DELIVERED,SOUTH
2819,840.0,2026-03-18 23:43:14,DELIVERED,NORTH
2820,253.0,2026-01-09 04:06:04,DELIVERED,NORTH
2821,789.0,2026-01-26 10:57:48,DELIVERED,NORTH
2822,607.0,2026-07-06 02:08:13,DELIVERED,EAST
2823,159.0,2026-01-16 10:52:01,PLACED,WEST
2824,752.0,2025-12-26 17:53:07,DELIVERED,WEST
2825,863.0,2025-04-28 19:18:23,DELIVERED,WEST
2826,38.0,2025-03-24 20:32:18,PLACED,SOUTH
2827,513.0,2025-05-30 15:18:27,DELIVERED,WEST
2828,657.0,2024-07-31 09:20:28,DELIVERED,SOUTH
2829,326.0,2024-12-26 22:58:53,PLACED,SOUTH
2830,304.0,2025-03-09 07:13:55,DELIVERED,EAST
2831,688.0,2025-11-17 13:46:15,DELIVERED,EAST
2832,770.0,2026-04-11 09:21:52,RETURNED,WEST
2833,529.0,2026-03-02 18:45:36,DELIVERED,WEST
2834,11.0,2025-08-23 15:25:35,DELIVERED,SOUTH
2835,70.0,2026-05-03 16:50:33,CANCELLED,SOUTH
2836,991.0,2024-12-11 10:49:10,DELIVERED,EAST
2837,224.0,2024-11-10 10:37:33,DELIVERED,WEST
2838,417.0,2026-03-30 14:05:08,DELIVERED,WEST
2839,240.0,2024-10-23 16:12:47,DELIVERED,SOUTH
2840,356.0,2025-08-18 14:40:07,CANCELLED,SOUTH
2841,592.0,2025-03-23 17:05:56,CANCELLED,WEST
2842,264.0,2024-07-29 15:17:14,DELIVERED,EAST
2843,60.0,2026-05-17 12:10:38,DELIVERED,WEST
2844,353.0,2024-09-02 01:53:55,PLACED,NORTH
2845,801.0,2025-02-07 02:18:08,SHIPPED,SOUTH
2846,768.0,2025-04-01 02:22:22,SHIPPED,NORTH
2847,180.0,2025-05-30 18:17:00,SHIPPED,NORTH
2848,851.0,2024-07-28 21:04:26,DELIVERED,NORTH
2849,110.0,2026-05-14 03:03:51,SHIPPED,EAST
2850,275.0,2024-11-27 16:57:16,DELIVERED,NORTH
2851,963.0,2026-06-28 03:42:54,DELIVERED,SOUTH
2854,408.0,2024-10-26 04:51:17,PLACED,NORTH
2855,462.0,2024-11-21 21:25:58,PLACED,SOUTH
2856,83.0,2025-09-15 11:45:53,DELIVERED,NORTH
2857,702.0,2026-05-01 01:19:33,DELIVERED,SOUTH
2858,856.0,2026-03-20 02:05:58,SHIPPED,SOUTH
2859,884.0,2025-05-30 02:56:25,SHIPPED,WEST
2861,775.0,2024-08-03 02:58:40,SHIPPED,EAST
2862,628.0,2025-05-05 17:44:25,SHIPPED,SOUTH
2863,231.0,2025-11-29 21:14:52,RETURNED,WEST
2864,882.0,2025-10-17 00:56:07,SHIPPED,WEST
2865,668.0,2025-03-06 22:59:38,DELIVERED,WEST
2866,851.0,2025-11-21 22:56:31,DELIVERED,EAST
2867,465.0,2024-11-24 18:46:21,DELIVERED,SOUTH
2868,272.0,2026-04-28 04:40:34,DELIVERED,WEST
2869,518.0,2026-05-22 09:40:56,DELIVERED,WEST
2870,373.0,2024-11-22 16:21:44,PLACED,NORTH
2871,682.0,2025-07-01 11:31:37,RETURNED,SOUTH
2872,170.0,2026-06-23 22:16:23,DELIVERED,EAST
2873,244.0,2024-12-02 22:59:01,DELIVERED,NORTH
2874,178.0,2025-04-04 07:45:41,SHIPPED,SOUTH
2875,981.0,2025-02-11 14:36:47,PLACED,EAST
2876,825.0,2024-09-24 20:11:10,PLACED,SOUTH
2877,291.0,2025-03-11 00:56:23,DELIVERED,SOUTH
2878,595.0,2026-02-12 11:51:14,DELIVERED,SOUTH
2879,774.0,2025-02-15 21:41:31,SHIPPED,SOUTH
2880,168.0,2025-03-09 06:27:24,DELIVERED,NORTH
2881,765.0,2025-10-26 07:00:05,SHIPPED,SOUTH
2882,808.0,2025-08-20 08:34:44,SHIPPED,NORTH
2883,342.0,2024-08-04 12:13:07,CANCELLED,SOUTH
2884,121.0,2024-12-21 08:00:24,DELIVERED,NORTH
2885,317.0,2025-08-15 19:04:25,PLACED,NORTH
2886,610.0,2025-09-15 10:01:33,PLACED,SOUTH
2887,351.0,2025-01-24 17:08:14,DELIVERED,SOUTH
2888,78.0,2024-08-27 12:32:26,DELIVERED,WEST
2889,434.0,2025-02-28 03:51:16,DELIVERED,WEST
2890,106.0,2024-09-16 00:25:13,PLACED,WEST
2892,901.0,2024-08-24 21:19:34,DELIVERED,EAST
2893,171.0,2026-06-09 17:23:36,DELIVERED,EAST
2894,326.0,2024-10-28 19:09:19,DELIVERED,NORTH
2895,108.0,2024-07-27 08:45:39,PLACED,WEST
2896,606.0,2026-06-10 10:33:20,DELIVERED,SOUTH
2897,760.0,2026-03-01 22:32:03,RETURNED,SOUTH
2898,261.0,2026-04-16 08:20:55,DELIVERED,NORTH
2900,442.0,2026-03-21 00:07:52,DELIVERED,SOUTH
2901,776.0,2024-12-29 23:43:57,DELIVERED,EAST
2902,894.0,2024-11-09 21:04:23,DELIVERED,EAST
2903,282.0,2026-06-15 07:53:24,DELIVERED,EAST
2904,544.0,2025-04-20 08:28:22,SHIPPED,EAST
2905,728.0,2026-02-26 20:08:18,DELIVERED,NORTH
2906,273.0,2025-07-13 17:07:28,DELIVERED,SOUTH
2907,947.0,2026-05-03 01:22:42,DELIVERED,EAST
2908,600.0,2025-04-17 10:53:19,SHIPPED,EAST
2910,905.0,2025-10-06 01:14:11,DELIVERED,SOUTH
2911,258.0,2026-03-28 00:34:23,PLACED,SOUTH
2912,252.0,2025-03-24 14:37:25,DELIVERED,SOUTH
2913,807.0,2025-08-24 04:45:51,DELIVERED,SOUTH
2914,455.0,2025-11-06 16:27:13,PLACED,EAST
2915,54.0,2025-10-22 03:24:44,SHIPPED,NORTH
2918,182.0,2025-11-07 13:10:10,DELIVERED,NORTH
2920,148.0,2025-01-22 15:16:52,DELIVERED,EAST
2921,946.0,2026-03-03 22:16:28,DELIVERED,WEST
2922,892.0,2025-11-29 12:42:20,DELIVERED,EAST
2924,456.0,2024-10-12 11:25:33,DELIVERED,NORTH
2925,889.0,2025-02-08 11:38:19,SHIPPED,EAST
2926,96.0,2025-10-26 23:49:00,CANCELLED,NORTH
2927,283.0,2024-11-25 14:55:16,CANCELLED,SOUTH
2928,476.0,2025-04-17 21:10:37,DELIVERED,WEST
2929,916.0,2025-11-02 20:59:37,DELIVERED,SOUTH
2930,619.0,2026-06-03 18:04:08,PLACED,EAST
2931,829.0,2025-02-15 07:05:05,DELIVERED,WEST
2933,715.0,2024-07-20 08:11:20,SHIPPED,SOUTH
2934,274.0,2025-11-20 14:05:14,DELIVERED,SOUTH
2935,439.0,2024-12-21 06:04:00,DELIVERED,WEST
2936,460.0,2026-02-04 14:46:24,SHIPPED,EAST
2937,379.0,2025-09-01 14:58:51,DELIVERED,WEST
2938,43.0,2025-05-16 16:38:45,SHIPPED,WEST
2940,896.0,2026-05-21 16:51:53,DELIVERED,EAST
2941,401.0,2024-10-03 21:27:12,DELIVERED,NORTH
2942,34.0,2026-01-11 21:08:49,DELIVERED,EAST
2943,52.0,2025-06-01 20:49:42,DELIVERED,NORTH
2944,467.0,2026-03-01 06:17:22,SHIPPED,SOUTH
2945,406.0,2024-11-12 20:57:59,DELIVERED,EAST
2946,263.0,2025-06-22 11:29:56,SHIPPED,WEST
2947,414.0,2025-08-13 22:42:43,RETURNED,NORTH
2948,305.0,2026-06-30 03:48:03,DELIVERED,NORTH
2949,153.0,2026-07-08 16:34:24,SHIPPED,NORTH
2953,607.0,2024-10-11 04:48:25,DELIVERED,WEST
2954,23.0,2026-01-18 00:21:14,DELIVERED,NORTH
2955,139.0,2025-12-11 11:02:29,DELIVERED,WEST
2956,658.0,2025-10-28 05:56:45,PLACED,WEST
2957,520.0,2025-05-08 00:27:37,DELIVERED,NORTH
2958,770.0,2026-06-30 03:48:35,DELIVERED,SOUTH
2959,711.0,2026-02-17 22:37:45,DELIVERED,WEST
2961,653.0,2024-12-16 12:56:14,DELIVERED,WEST
2962,664.0,2025-08-16 06:09:18,DELIVERED,NORTH
2963,412.0,2024-12-06 08:53:37,DELIVERED,SOUTH
2964,63.0,2024-09-03 18:46:46,SHIPPED,NORTH
2965,967.0,2025-11-12 21:50:58,DELIVERED,NORTH
2966,581.0,2026-03-01 08:37:36,DELIVERED,SOUTH
2967,331.0,2024-08-30 14:12:48,DELIVERED,SOUTH
2968,469.0,2025-04-23 05:30:21,DELIVERED,EAST
2969,176.0,2026-06-16 14:53:03,PLACED,SOUTH
2970,90.0,2026-02-25 01:22:57,DELIVERED,NORTH
2971,368.0,2024-07-27 10:30:55,DELIVERED,NORTH
2972,614.0,2025-04-10 22:08:08,DELIVERED,WEST
2973,377.0,2025-04-23 02:53:35,SHIPPED,EAST
2974,935.0,2026-03-30 14:17:12,DELIVERED,SOUTH
2975,715.0,2025-02-01 09:38:33,DELIVERED,NORTH
2976,552.0,2026-03-02 21:28:21,DELIVERED,NORTH
2977,386.0,2026-07-08 06:24:42,SHIPPED,NORTH
2978,661.0,2025-04-11 20:34:05,DELIVERED,NORTH
2979,667.0,2025-01-05 02:33:11,DELIVERED,SOUTH
2980,670.0,2025-03-08 07:20:52,SHIPPED,WEST
2981,118.0,2024-07-15 21:23:50,RETURNED,WEST
2982,44.0,2026-05-27 14:28:55,PLACED,NORTH
2983,920.0,2024-09-02 23:25:53,DELIVERED,WEST
2984,170.0,2025-07-20 07:03:52,SHIPPED,EAST
2985,863.0,2024-07-12 23:38:34,PLACED,NORTH
2986,529.0,2024-10-17 15:06:52,DELIVERED,SOUTH
2987,479.0,2026-05-02 04:12:13,DELIVERED,NORTH
2988,607.0,2026-04-28 21:37:25,DELIVERED,WEST
2989,176.0,2026-05-14 19:41:35,SHIPPED,NORTH
2990,861.0,2026-04-05 21:10:10,DELIVERED,SOUTH
2991,432.0,2025-04-13 05:45:46,SHIPPED,EAST
2992,823.0,2025-09-23 18:20:20,SHIPPED,EAST
2993,535.0,2026-04-23 15:18:19,DELIVERED,NORTH
2994,754.0,2026-06-24 12:30:05,CANCELLED,SOUTH
2995,674.0,2026-02-10 20:49:24,DELIVERED,NORTH
2996,160.0,2025-04-13 23:40:35,SHIPPED,SOUTH
2997,273.0,2025-10-31 23:31:45,DELIVERED,NORTH
2998,386.0,2025-03-19 05:15:50,SHIPPED,EAST
2999,326.0,2026-03-25 13:50:53,DELIVERED,NORTH
3000,228.0,2026-02-21 08:36:47,DELIVERED,NORTH
3001,835.0,2024-07-31 12:29:11,CANCELLED,NORTH
3002,895.0,2025-12-27 02:37:32,DELIVERED,SOUTH
3003,896.0,2025-01-07 18:59:02,DELIVERED,EAST
3004,730.0,2024-10-07 23:43:38,SHIPPED,SOUTH
3005,40.0,2025-06-18 17:10:20,DELIVERED,WEST
3006,76.0,2025-02-14 17:32:48,DELIVERED,WEST
3007,876.0,2026-01-25 10:17:14,SHIPPED,NORTH
3008,191.0,2025-03-01 00:04:27,SHIPPED,WEST
3009,132.0,2025-05-29 03:19:51,PLACED,WEST
3010,583.0,2025-03-08 16:03:17,DELIVERED,WEST
3011,605.0,2024-09-30 04:26:01,DELIVERED,SOUTH
3012,755.0,2026-01-11 05:03:36,DELIVERED,SOUTH
3013,567.0,2026-03-25 21:39:18,DELIVERED,WEST
3014,462.0,2025-09-25 08:44:42,DELIVERED,NORTH
3015,253.0,2025-10-11 13:07:32,DELIVERED,EAST
3016,833.0,2025-03-19 23:55:47,DELIVERED,SOUTH
3017,614.0,2025-02-04 16:10:06,DELIVERED,NORTH
3019,151.0,2025-09-21 21:04:31,CANCELLED,EAST
3020,678.0,2024-08-26 02:02:00,SHIPPED,NORTH
3021,122.0,2026-03-14 16:11:08,DELIVERED,EAST
3022,651.0,2025-07-02 17:44:31,PLACED,WEST
3023,853.0,2024-12-30 11:26:20,DELIVERED,SOUTH
3024,12.0,2024-09-12 05:51:39,DELIVERED,NORTH
3025,240.0,2025-07-23 03:53:16,DELIVERED,WEST
3026,439.0,2025-09-02 20:47:04,DELIVERED,EAST
3027,636.0,2025-01-30 00:44:42,DELIVERED,NORTH
3028,878.0,2025-12-11 06:40:34,DELIVERED,NORTH
3029,374.0,2026-02-08 06:18:34,DELIVERED,WEST
3030,959.0,2025-02-18 16:54:16,RETURNED,SOUTH
3031,668.0,2024-10-07 18:21:29,DELIVERED,NORTH
3032,815.0,2025-05-28 22:05:25,SHIPPED,SOUTH
3033,988.0,2025-10-14 16:27:10,DELIVERED,EAST
3034,100.0,2024-09-20 07:51:43,DELIVERED,SOUTH
3035,994.0,2025-08-23 17:18:27,PLACED,SOUTH
3036,151.0,2024-09-07 11:44:16,DELIVERED,NORTH
3037,529.0,2025-01-17 17:50:38,PLACED,EAST
3038,830.0,2025-09-17 02:11:57,SHIPPED,WEST
3039,624.0,2026-04-19 08:24:21,DELIVERED,WEST
3040,548.0,2025-10-10 09:31:01,SHIPPED,NORTH
3041,907.0,2026-07-03 11:00:50,DELIVERED,NORTH
3042,623.0,2024-10-28 05:07:19,PLACED,EAST
3043,712.0,2025-05-29 16:42:10,DELIVERED,EAST
3044,361.0,2026-06-25 10:36:06,PLACED,NORTH
3045,363.0,2025-12-01 08:45:39,DELIVERED,NORTH
3046,828.0,2025-09-11 03:17:24,DELIVERED,EAST
3047,635.0,2025-08-04 13:22:47,DELIVERED,NORTH
3048,49.0,2024-11-22 09:54:21,PLACED,EAST
3050,320.0,2025-09-16 11:51:59,PLACED,SOUTH
3051,808.0,2025-02-24 22:38:44,PLACED,NORTH
3052,603.0,2024-12-27 07:40:05,DELIVERED,NORTH
3053,381.0,2025-07-04 13:40:01,DELIVERED,EAST
3054,711.0,2025-05-05 13:16:55,DELIVERED,NORTH
3055,330.0,2024-09-07 17:45:32,PLACED,WEST
3056,448.0,2025-12-22 16:03:25,SHIPPED,SOUTH
3057,428.0,2025-08-27 12:47:54,SHIPPED,WEST
3058,871.0,2024-12-25 06:37:13,CANCELLED,WEST
3059,518.0,2025-12-31 19:14:33,DELIVERED,NORTH
3060,43.0,2025-11-25 12:20:25,DELIVERED,NORTH
3061,741.0,2024-12-08 10:22:03,RETURNED,SOUTH
3062,205.0,2024-12-27 16:30:50,DELIVERED,WEST
3063,344.0,2024-07-28 18:23:04,DELIVERED,EAST
3064,409.0,2025-05-03 16:49:30,SHIPPED,WEST
3066,322.0,2024-09-13 07:38:00,DELIVERED,WEST
3067,280.0,2025-11-08 22:13:22,DELIVERED,NORTH
3068,696.0,2026-04-29 13:30:17,CANCELLED,SOUTH
3069,769.0,2024-08-20 12:33:41,PLACED,EAST
3070,591.0,2025-08-20 03:37:46,DELIVERED,WEST
3071,136.0,2026-04-05 07:49:39,DELIVERED,WEST
3073,309.0,2026-03-01 00:41:55,DELIVERED,WEST
3075,43.0,2024-11-04 17:14:08,DELIVERED,EAST
3077,9.0,2024-07-31 19:08:02,PLACED,SOUTH
3078,607.0,2025-09-15 08:09:01,DELIVERED,SOUTH
3080,786.0,2026-06-03 10:47:04,DELIVERED,EAST
3081,115.0,2024-08-16 12:31:23,RETURNED,NORTH
3083,835.0,2026-06-05 01:23:36,DELIVERED,EAST
3084,646.0,2025-12-19 09:24:31,DELIVERED,EAST
3085,948.0,2024-12-07 22:35:58,SHIPPED,NORTH
3086,124.0,2025-06-25 17:07:05,DELIVERED,EAST
3087,291.0,2025-04-04 17:14:25,DELIVERED,WEST
3088,161.0,2026-05-19 15:34:27,DELIVERED,SOUTH
3089,632.0,2024-12-15 09:37:27,DELIVERED,NORTH
3090,832.0,2024-09-04 12:31:48,DELIVERED,EAST
3091,32.0,2026-07-04 15:44:45,DELIVERED,SOUTH
3093,374.0,2025-11-13 18:45:11,SHIPPED,NORTH
3094,236.0,2025-09-21 09:06:50,PLACED,WEST
3095,324.0,2025-08-11 22:54:31,DELIVERED,NORTH
3096,184.0,2024-10-25 10:36:21,SHIPPED,EAST
3097,581.0,2024-12-29 00:12:59,RETURNED,EAST
3098,697.0,2025-04-06 22:48:49,RETURNED,WEST
3099,327.0,2025-08-02 02:20:55,CANCELLED,NORTH
3100,955.0,2025-08-06 22:11:32,DELIVERED,EAST
3101,415.0,2026-02-26 11:16:26,DELIVERED,NORTH
3102,200.0,2025-09-24 10:29:24,DELIVERED,WEST
3103,978.0,2025-07-16 13:54:44,PLACED,SOUTH
3104,764.0,2025-12-07 01:40:35,DELIVERED,NORTH
3105,251.0,2026-07-12 03:43:43,SHIPPED,SOUTH
3106,618.0,2025-11-29 22:50:58,SHIPPED,SOUTH
3107,619.0,2024-10-27 23:10:50,DELIVERED,SOUTH
3108,882.0,2026-03-30 12:50:39,SHIPPED,SOUTH
3109,782.0,2025-01-05 09:30:09,DELIVERED,WEST
3110,881.0,2025-11-20 18:52:06,SHIPPED,WEST
3111,637.0,2025-09-02 18:53:06,DELIVERED,EAST
3112,48.0,2024-08-27 13:04:59,PLACED,NORTH
3113,1.0,2025-02-07 16:54:22,SHIPPED,SOUTH
3114,301.0,2025-11-27 15:10:05,DELIVERED,NORTH
3115,538.0,2025-04-02 07:09:29,DELIVERED,WEST
3116,329.0,2025-12-26 01:31:28,SHIPPED,EAST
3117,399.0,2024-10-20 13:53:21,DELIVERED,NORTH
3119,252.0,2025-06-21 09:33:21,DELIVERED,WEST
3120,743.0,2026-03-09 12:58:53,DELIVERED,WEST
3121,209.0,2025-12-01 17:37:58,DELIVERED,NORTH
3122,412.0,2025-10-25 12:14:24,PLACED,WEST
3124,321.0,2025-07-16 04:42:39,DELIVERED,EAST
3125,844.0,2026-06-10 04:17:59,DELIVERED,NORTH
3126,508.0,2025-08-27 04:35:50,DELIVERED,WEST
3127,376.0,2025-05-17 06:21:48,DELIVERED,EAST
3128,3.0,2025-01-10 21:15:58,SHIPPED,NORTH
3129,415.0,2025-07-06 10:17:56,RETURNED,WEST
3130,815.0,2025-09-25 06:49:26,PLACED,WEST
3131,610.0,2025-11-05 17:51:49,SHIPPED,SOUTH
3132,716.0,2026-03-03 04:38:21,DELIVERED,EAST
3133,613.0,2026-02-24 03:32:23,CANCELLED,WEST
3135,612.0,2026-03-02 20:47:37,SHIPPED,WEST
3136,447.0,2026-03-23 12:23:13,DELIVERED,EAST
3137,104.0,2026-04-23 00:36:20,DELIVERED,NORTH
3138,933.0,2025-11-28 09:36:10,DELIVERED,EAST
3139,17.0,2025-06-14 05:28:04,DELIVERED,WEST
3140,942.0,2024-11-29 14:54:40,SHIPPED,EAST
3141,308.0,2025-11-25 00:04:21,DELIVERED,EAST
3142,473.0,2024-11-04 01:01:06,PLACED,SOUTH
3143,132.0,2025-10-24 09:05:37,DELIVERED,WEST
3144,674.0,2025-12-12 03:05:11,PLACED,NORTH
3145,79.0,2026-03-07 22:59:12,DELIVERED,EAST
3146,479.0,2025-11-29 22:04:59,DELIVERED,EAST
3147,772.0,2025-10-18 10:01:24,DELIVERED,EAST
3148,816.0,2026-02-28 04:53:20,DELIVERED,NORTH
3149,879.0,2024-07-31 18:13:17,DELIVERED,NORTH
3150,557.0,2026-06-12 22:50:19,DELIVERED,WEST
3151,8.0,2025-03-14 20:02:09,CANCELLED,WEST
3152,417.0,2024-09-12 04:55:06,DELIVERED,WEST
3153,770.0,2024-07-16 01:08:25,DELIVERED,SOUTH
3155,806.0,2024-10-31 10:28:16,DELIVERED,EAST
3156,366.0,2025-07-03 14:36:09,SHIPPED,NORTH
3157,914.0,2025-11-19 03:20:53,PLACED,WEST
3158,6.0,2025-03-16 23:05:32,SHIPPED,WEST
3159,437.0,2026-01-25 04:08:37,DELIVERED,WEST
3162,422.0,2026-05-05 12:09:13,DELIVERED,NORTH
3163,754.0,2024-10-06 14:26:10,DELIVERED,EAST
3164,218.0,2026-05-20 07:25:03,DELIVERED,WEST
3165,844.0,2025-05-05 08:31:51,DELIVERED,WEST
3166,280.0,2024-10-17 16:58:14,SHIPPED,SOUTH
3168,363.0,2025-06-28 11:16:46,DELIVERED,EAST
3169,998.0,2024-12-03 05:07:53,DELIVERED,SOUTH
3170,694.0,2024-09-14 16:22:28,DELIVERED,NORTH
3171,443.0,2025-06-25 04:26:17,SHIPPED,SOUTH
3172,829.0,2024-07-16 13:32:14,RETURNED,EAST
3173,615.0,2025-05-20 09:05:51,DELIVERED,NORTH
3174,865.0,2024-12-18 12:32:19,PLACED,WEST
3175,483.0,2024-12-29 15:06:04,DELIVERED,EAST
3176,117.0,2024-07-14 19:44:45,DELIVERED,EAST
3177,704.0,2024-09-26 09:45:54,PLACED,SOUTH
3178,328.0,2025-09-08 08:29:39,DELIVERED,EAST
3179,431.0,2025-06-30 16:14:44,SHIPPED,WEST
3181,431.0,2025-07-24 08:40:24,DELIVERED,NORTH
3183,658.0,2025-08-11 12:47:06,PLACED,NORTH
3184,513.0,2025-12-05 16:08:44,DELIVERED,EAST
3185,577.0,2026-01-21 20:48:43,DELIVERED,NORTH
3186,951.0,2025-10-03 02:11:21,DELIVERED,SOUTH
3187,122.0,2025-08-11 12:57:29,DELIVERED,SOUTH
3188,234.0,2025-11-05 15:22:45,PLACED,WEST
3189,280.0,2026-06-17 12:10:55,DELIVERED,WEST
3190,910.0,2024-11-27 08:12:13,RETURNED,EAST
3191,73.0,2025-03-19 05:59:21,DELIVERED,EAST
3192,538.0,2026-06-30 11:55:57,DELIVERED,NORTH
3193,767.0,2025-10-24 13:14:36,DELIVERED,NORTH
3194,617.0,2025-04-22 18:13:58,DELIVERED,WEST
3195,847.0,2025-12-25 10:02:03,DELIVERED,WEST
3196,538.0,2026-05-28 00:16:34,PLACED,WEST
3197,155.0,2024-09-25 19:42:10,SHIPPED,NORTH
3199,827.0,2025-08-10 05:44:13,DELIVERED,WEST
3200,803.0,2025-12-02 19:59:01,SHIPPED,NORTH
3201,501.0,2025-05-31 11:24:37,DELIVERED,NORTH
3202,49.0,2024-10-19 20:13:13,DELIVERED,SOUTH
3203,148.0,2026-06-30 07:37:06,SHIPPED,EAST
3204,524.0,2025-02-10 10:27:50,DELIVERED,WEST
3205,249.0,2024-11-16 06:32:18,DELIVERED,WEST
3206,424.0,2026-05-07 06:19:15,DELIVERED,SOUTH
3207,708.0,2026-03-28 11:19:25,DELIVERED,NORTH
3208,861.0,2025-11-12 15:19:31,SHIPPED,EAST
3209,648.0,2025-08-02 03:14:27,DELIVERED,NORTH
3210,660.0,2026-01-02 08:55:43,DELIVERED,SOUTH
3211,728.0,2025-10-25 14:45:53,DELIVERED,SOUTH
3212,79.0,2024-11-29 13:00:57,DELIVERED,NORTH
3213,719.0,2024-12-10 15:14:50,SHIPPED,EAST
3214,204.0,2025-05-08 19:11:12,SHIPPED,WEST
3215,796.0,2024-11-03 03:56:19,PLACED,WEST
3216,462.0,2026-06-16 15:31:49,DELIVERED,SOUTH
3217,997.0,2024-07-31 22:13:54,SHIPPED,WEST
3218,270.0,2024-11-05 12:18:34,DELIVERED,NORTH
3219,238.0,2026-01-19 14:15:04,DELIVERED,EAST
3220,68.0,2025-05-09 22:56:46,DELIVERED,WEST
3221,511.0,2025-11-10 09:24:51,SHIPPED,WEST
3222,724.0,2025-03-11 06:10:00,DELIVERED,SOUTH
3223,240.0,2025-11-21 08:47:48,DELIVERED,SOUTH
3224,140.0,2025-07-26 09:57:47,DELIVERED,EAST
3225,842.0,2025-03-09 21:24:50,PLACED,EAST
3226,356.0,2024-12-30 23:19:56,SHIPPED,WEST
3227,25.0,2025-01-08 03:54:50,SHIPPED,WEST
3228,727.0,2024-07-27 14:03:50,SHIPPED,EAST
3229,666.0,2026-04-05 23:28:51,SHIPPED,NORTH
3231,681.0,2024-09-05 20:46:50,PLACED,EAST
3232,102.0,2025-09-03 22:52:19,DELIVERED,WEST
3233,911.0,2026-02-20 11:15:17,DELIVERED,SOUTH
3235,296.0,2026-02-16 06:49:49,RETURNED,NORTH
3236,435.0,2026-02-15 23:55:49,RETURNED,NORTH
3237,662.0,2025-12-10 09:44:17,SHIPPED,SOUTH
3238,464.0,2026-04-21 00:12:01,DELIVERED,WEST
3239,976.0,2025-10-12 14:20:16,DELIVERED,WEST
3240,285.0,2025-07-14 13:09:00,PLACED,SOUTH
3241,716.0,2026-02-08 22:30:59,DELIVERED,NORTH
3242,214.0,2024-10-09 17:07:20,DELIVERED,WEST
3243,633.0,2026-06-14 04:11:49,DELIVERED,NORTH
3244,651.0,2025-09-11 19:25:16,SHIPPED,EAST
3246,872.0,2025-08-11 10:32:23,DELIVERED,SOUTH
3247,386.0,2025-06-21 15:07:13,DELIVERED,WEST
3248,389.0,2025-09-30 12:42:10,DELIVERED,EAST
3249,659.0,2024-10-27 21:51:32,DELIVERED,SOUTH
3250,498.0,2025-11-08 17:50:04,DELIVERED,NORTH
3251,47.0,2026-03-04 06:07:14,RETURNED,EAST
3253,801.0,2024-12-29 00:00:58,CANCELLED,EAST
3254,409.0,2025-02-07 07:39:29,CANCELLED,SOUTH
3255,308.0,2025-02-14 23:27:12,SHIPPED,EAST
3256,283.0,2024-08-24 15:15:01,PLACED,WEST
3257,850.0,2025-10-09 16:16:10,SHIPPED,WEST
3258,478.0,2024-09-01 15:20:17,PLACED,NORTH
3259,598.0,2024-09-14 03:03:41,DELIVERED,WEST
3260,527.0,2025-10-30 04:41:48,DELIVERED,NORTH
3261,741.0,2026-05-30 00:22:42,SHIPPED,EAST
3262,87.0,2024-08-08 12:07:59,SHIPPED,WEST
3263,423.0,2025-06-13 09:01:23,DELIVERED,WEST
3264,80.0,2026-07-03 15:44:57,DELIVERED,WEST
3265,328.0,2025-06-07 06:38:45,DELIVERED,NORTH
3267,829.0,2026-03-12 17:17:53,SHIPPED,SOUTH
3269,663.0,2025-07-17 05:18:40,DELIVERED,EAST
3270,142.0,2025-05-15 07:19:07,PLACED,SOUTH
3273,256.0,2025-09-16 14:37:43,SHIPPED,SOUTH
3274,285.0,2025-07-07 09:43:21,SHIPPED,SOUTH
3275,181.0,2024-10-04 17:56:50,DELIVERED,NORTH
3276,757.0,2025-04-27 18:56:49,PLACED,SOUTH
3277,315.0,2025-02-11 07:12:24,SHIPPED,SOUTH
3278,530.0,2024-07-12 00:02:51,DELIVERED,SOUTH
3279,613.0,2025-11-10 04:13:05,DELIVERED,EAST
3280,222.0,2025-04-09 13:44:52,SHIPPED,EAST
3281,439.0,2024-11-26 23:31:33,DELIVERED,WEST
3282,275.0,2025-10-14 21:21:42,DELIVERED,EAST
3283,769.0,2024-10-10 05:16:02,DELIVERED,SOUTH
3284,587.0,2025-07-27 23:47:00,SHIPPED,WEST
3285,365.0,2025-02-17 00:53:32,DELIVERED,SOUTH
3286,983.0,2025-08-14 21:06:50,DELIVERED,NORTH
3287,783.0,2025-07-27 02:15:34,DELIVERED,SOUTH
3288,524.0,2025-12-10 02:38:26,DELIVERED,NORTH
3289,802.0,2025-04-19 00:41:24,DELIVERED,EAST
3290,900.0,2025-11-26 18:36:53,SHIPPED,WEST
3291,326.0,2025-03-03 01:44:19,DELIVERED,WEST
3292,650.0,2024-08-08 21:02:48,DELIVERED,SOUTH
3293,208.0,2025-01-23 14:29:53,RETURNED,WEST
3294,155.0,2025-04-08 18:44:27,PLACED,WEST
3295,715.0,2025-10-30 05:49:51,DELIVERED,SOUTH
3296,218.0,2025-12-11 11:58:36,DELIVERED,WEST
3297,592.0,2026-04-08 15:20:56,DELIVERED,SOUTH
3298,482.0,2026-01-20 07:22:49,DELIVERED,NORTH
3299,363.0,2025-10-13 17:51:19,DELIVERED,NORTH
3300,801.0,2025-08-27 00:07:53,DELIVERED,NORTH
3301,510.0,2026-01-29 21:00:38,DELIVERED,WEST
3303,982.0,2024-09-01 21:00:49,DELIVERED,SOUTH
3304,282.0,2024-08-21 22:29:07,RETURNED,EAST
3305,202.0,2024-10-26 01:43:35,DELIVERED,WEST
3306,658.0,2024-09-03 19:45:25,DELIVERED,SOUTH
3307,720.0,2026-05-26 02:16:04,SHIPPED,SOUTH
3308,472.0,2026-01-14 07:48:42,DELIVERED,EAST
3310,113.0,2025-03-10 16:12:14,CANCELLED,EAST
3311,91.0,2025-07-06 06:23:30,DELIVERED,WEST
3312,564.0,2025-06-20 08:40:31,DELIVERED,NORTH
3313,399.0,2025-10-13 12:54:09,DELIVERED,NORTH
3314,795.0,2024-11-22 05:36:43,SHIPPED,NORTH
3315,84.0,2024-09-30 02:58:13,RETURNED,SOUTH
3316,682.0,2024-08-05 08:25:59,DELIVERED,EAST
3317,103.0,2026-03-16 21:16:57,DELIVERED,EAST
3318,64.0,2025-02-06 16:40:23,DELIVERED,SOUTH
3321,49.0,2026-03-16 10:52:05,CANCELLED,NORTH
3322,576.0,2024-11-09 07:04:29,DELIVERED,NORTH
3323,558.0,2025-04-04 11:39:39,PLACED,NORTH
3324,148.0,2024-10-12 15:38:37,SHIPPED,EAST
3325,268.0,2026-04-03 12:18:12,SHIPPED,SOUTH
3326,63.0,2025-01-24 18:50:24,DELIVERED,WEST
3327,951.0,2025-09-06 04:06:58,DELIVERED,NORTH
3328,807.0,2025-06-05 12:59:57,DELIVERED,WEST
3329,898.0,2026-07-04 05:02:00,DELIVERED,EAST
3330,837.0,2025-01-22 11:35:51,CANCELLED,NORTH
3331,956.0,2025-01-27 00:13:52,PLACED,NORTH
3332,861.0,2025-05-16 15:02:46,SHIPPED,SOUTH
3333,957.0,2024-07-13 04:26:38,DELIVERED,WEST
3334,523.0,2025-10-03 00:22:08,DELIVERED,SOUTH
3335,245.0,2025-10-27 13:34:58,PLACED,WEST
3336,994.0,2026-01-29 19:00:37,SHIPPED,EAST
3337,657.0,2026-01-12 20:02:29,DELIVERED,NORTH
3338,85.0,2024-12-13 21:21:14,PLACED,WEST
3339,190.0,2024-09-26 03:24:11,SHIPPED,EAST
3340,331.0,2024-10-11 01:56:16,DELIVERED,NORTH
3342,478.0,2025-03-08 00:55:06,DELIVERED,EAST
3343,620.0,2026-01-08 00:13:56,CANCELLED,SOUTH
3344,32.0,2026-06-14 02:58:36,DELIVERED,EAST
3345,357.0,2026-04-20 14:02:59,SHIPPED,EAST
3346,304.0,2025-03-07 17:06:15,SHIPPED,NORTH
3347,400.0,2024-11-15 02:21:59,DELIVERED,EAST
3349,880.0,2026-03-28 21:59:31,SHIPPED,SOUTH
3351,267.0,2024-09-08 03:38:16,DELIVERED,NORTH
3352,4.0,2024-11-21 16:13:22,DELIVERED,NORTH
3353,996.0,2025-03-24 23:21:28,SHIPPED,SOUTH
3355,812.0,2026-02-09 14:36:43,SHIPPED,SOUTH
3357,539.0,2026-05-05 13:42:57,DELIVERED,EAST
3359,822.0,2025-04-07 14:43:23,DELIVERED,NORTH
3360,356.0,2026-01-25 18:07:25,CANCELLED,EAST
3361,991.0,2025-12-14 06:58:19,SHIPPED,SOUTH
3362,8.0,2026-07-02 11:00:36,SHIPPED,EAST
3363,570.0,2025-10-11 19:00:37,DELIVERED,SOUTH
3365,295.0,2025-11-27 15:19:14,DELIVERED,EAST
3366,341.0,2025-03-22 17:18:24,DELIVERED,NORTH
3367,269.0,2026-05-19 12:19:45,DELIVERED,EAST
3368,644.0,2025-01-07 19:24:45,PLACED,SOUTH
3370,233.0,2025-06-07 23:11:19,SHIPPED,SOUTH
3371,844.0,2025-08-31 05:32:06,DELIVERED,EAST
3372,926.0,2025-04-10 00:44:32,DELIVERED,NORTH
3373,340.0,2024-08-01 12:22:26,CANCELLED,EAST
3375,755.0,2025-10-25 02:32:02,RETURNED,NORTH
3376,368.0,2024-11-22 13:39:15,DELIVERED,WEST
3378,464.0,2024-07-25 08:21:35,DELIVERED,NORTH
3379,148.0,2026-05-23 20:54:07,SHIPPED,NORTH
3380,921.0,2025-12-20 01:22:21,SHIPPED,NORTH
3381,200.0,2025-09-25 14:30:38,DELIVERED,WEST
3382,309.0,2025-05-15 12:43:17,DELIVERED,SOUTH
3383,898.0,2024-11-13 10:19:17,DELIVERED,SOUTH
3384,923.0,2025-09-23 10:28:26,DELIVERED,NORTH
3385,466.0,2026-03-15 23:51:23,DELIVERED,EAST
3386,895.0,2025-07-31 05:57:39,DELIVERED,EAST
3387,867.0,2025-01-06 20:01:34,DELIVERED,WEST
3388,388.0,2025-02-25 20:57:40,DELIVERED,NORTH
3389,782.0,2025-12-28 11:01:10,DELIVERED,EAST
3390,299.0,2024-08-18 08:29:11,DELIVERED,EAST
3391,944.0,2025-12-23 16:14:11,SHIPPED,EAST
3393,102.0,2024-12-18 13:40:28,DELIVERED,SOUTH
3395,368.0,2024-07-16 04:54:49,DELIVERED,WEST
3396,487.0,2024-08-19 15:10:44,DELIVERED,SOUTH
3397,770.0,2026-03-25 00:47:19,DELIVERED,SOUTH
3398,310.0,2025-06-02 03:45:24,DELIVERED,SOUTH
3399,429.0,2026-05-05 14:26:34,SHIPPED,SOUTH
3400,217.0,2025-05-24 21:47:22,DELIVERED,NORTH
3402,386.0,2026-06-12 10:06:55,DELIVERED,EAST
3403,66.0,2026-03-07 09:30:58,RETURNED,EAST
3405,293.0,2025-03-06 05:25:51,DELIVERED,SOUTH
3406,240.0,2024-12-21 11:42:24,DELIVERED,WEST
3407,548.0,2024-09-23 17:04:57,DELIVERED,WEST
3409,362.0,2026-04-20 14:52:57,CANCELLED,NORTH
3410,998.0,2025-04-16 07:39:48,DELIVERED,EAST
3411,182.0,2026-05-15 03:36:28,DELIVERED,NORTH
3412,803.0,2024-09-09 00:27:42,DELIVERED,EAST
3413,57.0,2026-01-17 03:25:58,DELIVERED,NORTH
3414,252.0,2024-11-26 09:59:30,DELIVERED,WEST
3416,155.0,2024-09-30 13:27:49,DELIVERED,SOUTH
3417,142.0,2025-08-09 16:07:46,DELIVERED,EAST
3418,934.0,2025-11-13 01:32:41,DELIVERED,EAST
3419,42.0,2026-04-13 19:06:14,DELIVERED,EAST
3420,252.0,2024-12-22 12:58:42,CANCELLED,SOUTH
3421,720.0,2024-11-05 21:59:00,SHIPPED,EAST
3422,642.0,2025-05-04 22:01:05,DELIVERED,SOUTH
3423,774.0,2025-08-30 17:58:36,SHIPPED,SOUTH
3424,509.0,2026-06-25 08:15:14,DELIVERED,EAST
3425,942.0,2024-08-22 14:56:47,PLACED,EAST
3426,32.0,2026-01-20 23:58:06,SHIPPED,WEST
3427,189.0,2026-03-14 03:33:24,DELIVERED,EAST
3428,148.0,2024-12-08 00:31:02,DELIVERED,EAST
3429,828.0,2025-07-03 03:16:28,DELIVERED,WEST
3430,770.0,2026-04-18 00:34:11,DELIVERED,WEST
3431,603.0,2025-02-13 12:41:40,DELIVERED,EAST
3432,851.0,2024-10-13 17:45:01,DELIVERED,EAST
3434,952.0,2025-05-20 16:05:10,DELIVERED,NORTH
3435,785.0,2024-09-29 05:50:34,DELIVERED,WEST
3436,968.0,2025-07-09 07:10:23,PLACED,WEST
3437,221.0,2025-04-27 09:03:05,DELIVERED,NORTH
3438,113.0,2024-12-17 06:49:46,DELIVERED,NORTH
3439,807.0,2025-05-10 02:50:12,DELIVERED,NORTH
3440,354.0,2025-01-28 05:03:29,DELIVERED,SOUTH
3441,885.0,2025-07-22 13:47:03,PLACED,NORTH
3442,666.0,2025-10-02 16:57:14,SHIPPED,SOUTH
3443,198.0,2024-09-26 13:57:41,SHIPPED,NORTH
3444,716.0,2024-11-26 17:26:04,DELIVERED,WEST
3446,870.0,2025-04-22 19:26:57,DELIVERED,SOUTH
3449,275.0,2025-06-02 23:40:37,DELIVERED,SOUTH
3450,771.0,2026-06-18 09:36:27,DELIVERED,WEST
3452,758.0,2025-08-19 16:18:45,DELIVERED,EAST
3453,260.0,2025-10-07 21:49:09,DELIVERED,SOUTH
3455,193.0,2024-12-04 08:20:17,DELIVERED,NORTH
3456,953.0,2025-04-04 07:15:54,DELIVERED,NORTH
3457,921.0,2025-04-13 00:27:13,DELIVERED,NORTH
3458,50.0,2026-01-08 06:36:45,DELIVERED,NORTH
3459,654.0,2025-10-06 02:00:54,SHIPPED,NORTH
3460,395.0,2026-07-06 07:21:55,DELIVERED,EAST
3461,650.0,2025-08-31 04:21:12,DELIVERED,WEST
3462,328.0,2025-04-04 05:50:15,PLACED,NORTH
3463,413.0,2025-08-30 02:16:03,SHIPPED,NORTH
3464,836.0,2024-09-16 01:59:36,PLACED,NORTH
3465,474.0,2025-08-13 12:24:53,DELIVERED,SOUTH
3466,106.0,2025-06-07 19:40:50,DELIVERED,WEST
3467,819.0,2026-03-17 16:35:43,PLACED,WEST
3468,395.0,2025-07-09 13:16:43,DELIVERED,SOUTH
3469,164.0,2025-01-01 19:31:39,PLACED,EAST
3470,341.0,2025-09-07 00:33:25,DELIVERED,EAST
3471,553.0,2024-07-17 04:56:50,DELIVERED,SOUTH
3472,253.0,2026-04-24 22:12:46,SHIPPED,SOUTH
3473,398.0,2025-07-13 21:23:21,DELIVERED,WEST
3474,45.0,2026-06-01 01:20:42,DELIVERED,WEST
3475,497.0,2024-08-08 05:36:59,DELIVERED,SOUTH
3477,773.0,2025-12-22 11:55:05,DELIVERED,SOUTH
3478,72.0,2026-03-22 01:19:22,DELIVERED,SOUTH
3479,896.0,2024-08-13 01:42:44,DELIVERED,SOUTH
3481,578.0,2026-03-08 22:00:02,DELIVERED,NORTH
3482,784.0,2025-08-27 15:54:44,DELIVERED,SOUTH
3483,813.0,2026-06-20 17:07:48,DELIVERED,NORTH
3484,779.0,2024-11-14 16:34:44,SHIPPED,WEST
3486,85.0,2025-09-10 18:51:57,SHIPPED,EAST
3487,303.0,2026-04-16 01:45:04,DELIVERED,NORTH
3488,675.0,2025-08-20 08:07:02,DELIVERED,WEST
3489,634.0,2026-05-31 03:00:00,CANCELLED,NORTH
3490,597.0,2025-08-28 11:38:02,DELIVERED,WEST
3491,409.0,2025-07-28 23:48:31,SHIPPED,WEST
3492,241.0,2025-11-09 20:56:27,PLACED,EAST
3493,959.0,2025-02-03 22:36:04,SHIPPED,WEST
3494,374.0,2025-03-24 15:03:01,SHIPPED,SOUTH
3495,91.0,2025-01-06 08:01:37,SHIPPED,NORTH
3496,371.0,2026-01-19 04:25:54,SHIPPED,NORTH
3497,343.0,2025-10-27 14:28:34,SHIPPED,EAST
3499,32.0,2025-12-14 11:10:08,DELIVERED,SOUTH
3500,865.0,2024-08-02 19:04:40,DELIVERED,SOUTH
3501,296.0,2025-08-13 22:46:30,DELIVERED,NORTH
3502,111.0,2025-10-05 09:20:48,DELIVERED,EAST
3503,994.0,2024-10-21 04:16:35,DELIVERED,WEST
3504,696.0,2024-11-20 17:23:54,PLACED,SOUTH
3505,973.0,2024-12-07 17:00:39,DELIVERED,WEST
3506,798.0,2026-04-30 05:06:19,DELIVERED,EAST
3507,607.0,2024-10-03 20:28:33,DELIVERED,SOUTH
3508,41.0,2025-04-22 22:17:54,DELIVERED,SOUTH
3511,147.0,2025-11-18 14:57:54,RETURNED,SOUTH
3512,901.0,2025-10-14 21:32:03,RETURNED,EAST
3513,866.0,2025-05-18 09:52:18,DELIVERED,SOUTH
3514,92.0,2025-11-04 03:46:36,PLACED,NORTH
3515,610.0,2025-01-06 03:19:42,DELIVERED,NORTH
3516,829.0,2024-08-05 23:47:55,DELIVERED,NORTH
3517,660.0,2025-01-03 15:55:36,DELIVERED,EAST
3518,557.0,2026-02-22 01:38:57,SHIPPED,NORTH
3519,236.0,2025-09-23 02:34:52,SHIPPED,WEST
3520,91.0,2024-11-28 06:08:33,SHIPPED,NORTH
3521,831.0,2026-01-02 11:49:17,DELIVERED,WEST
3522,358.0,2025-03-02 22:41:05,DELIVERED,WEST
3523,263.0,2026-06-11 17:56:02,DELIVERED,SOUTH
3524,849.0,2025-09-08 02:05:14,RETURNED,SOUTH
3525,760.0,2026-05-20 12:47:13,DELIVERED,SOUTH
3526,634.0,2026-01-05 04:29:22,PLACED,NORTH
3527,144.0,2025-08-09 15:40:16,DELIVERED,WEST
3528,365.0,2025-07-28 21:20:09,SHIPPED,WEST
3529,707.0,2025-10-07 09:02:33,DELIVERED,SOUTH
3530,556.0,2025-07-02 03:41:27,CANCELLED,WEST
3531,928.0,2024-09-12 23:42:50,PLACED,WEST
3532,802.0,2025-05-15 08:07:31,DELIVERED,SOUTH
3533,443.0,2025-08-17 21:13:27,DELIVERED,NORTH
3534,705.0,2026-01-15 07:01:41,PLACED,WEST
3535,333.0,2025-04-01 07:43:12,DELIVERED,NORTH
3536,595.0,2024-12-20 11:41:18,DELIVERED,NORTH
3537,350.0,2025-06-21 16:44:18,SHIPPED,EAST
3538,857.0,2024-08-12 04:24:18,DELIVERED,SOUTH
3539,379.0,2025-10-02 23:36:45,DELIVERED,NORTH
3540,964.0,2025-07-09 17:59:17,DELIVERED,WEST
3541,565.0,2025-10-29 12:22:47,RETURNED,SOUTH
3542,972.0,2025-03-13 17:47:45,DELIVERED,NORTH
3543,452.0,2024-07-12 13:26:20,RETURNED,WEST
3545,609.0,2026-07-09 12:08:12,CANCELLED,WEST
3546,475.0,2026-04-24 07:42:34,DELIVERED,SOUTH
3547,19.0,2024-08-23 00:33:26,SHIPPED,NORTH
3548,520.0,2026-03-15 08:21:37,DELIVERED,SOUTH
3549,993.0,2025-05-03 23:29:32,DELIVERED,SOUTH
3550,166.0,2024-08-19 23:53:56,DELIVERED,NORTH
3551,17.0,2025-09-18 22:53:02,PLACED,WEST
3552,21.0,2025-01-18 09:11:43,DELIVERED,WEST
3553,434.0,2026-06-04 00:43:05,DELIVERED,EAST
3554,968.0,2026-04-03 19:08:26,RETURNED,EAST
3555,801.0,2026-06-18 14:30:39,DELIVERED,EAST
3556,680.0,2025-04-27 17:46:34,DELIVERED,WEST
3557,738.0,2024-12-20 06:16:35,DELIVERED,EAST
3558,260.0,2024-12-10 16:57:43,DELIVERED,NORTH
3559,672.0,2025-12-31 08:46:43,DELIVERED,WEST
3560,895.0,2025-03-02 12:40:34,DELIVERED,SOUTH
3561,576.0,2025-10-24 16:45:21,CANCELLED,EAST
3562,968.0,2025-12-11 18:33:43,DELIVERED,WEST
3563,402.0,2025-09-08 21:08:12,SHIPPED,NORTH
3564,831.0,2024-09-03 16:34:45,DELIVERED,EAST
3565,792.0,2024-11-29 13:57:07,DELIVERED,SOUTH
3566,665.0,2025-05-02 18:01:18,RETURNED,WEST
3567,708.0,2025-11-03 13:10:42,DELIVERED,EAST
3568,62.0,2026-06-29 01:30:09,DELIVERED,EAST
3570,777.0,2026-05-21 11:34:13,PLACED,WEST
3571,937.0,2026-03-02 04:11:23,DELIVERED,EAST
3572,808.0,2026-01-09 23:22:17,RETURNED,NORTH
3573,948.0,2024-09-24 16:29:28,DELIVERED,EAST
3574,40.0,2024-07-14 03:23:23,DELIVERED,EAST
3575,24.0,2026-05-11 23:25:52,PLACED,SOUTH
3576,906.0,2026-03-15 06:05:51,DELIVERED,SOUTH
3577,769.0,2025-03-19 06:34:18,DELIVERED,SOUTH
3578,739.0,2025-11-28 21:20:08,SHIPPED,EAST
3579,282.0,2024-08-10 11:52:49,DELIVERED,WEST
3580,153.0,2026-04-13 03:13:28,DELIVERED,SOUTH
3581,353.0,2024-07-15 05:56:14,DELIVERED,SOUTH
3582,568.0,2025-07-13 00:25:52,SHIPPED,NORTH
3583,775.0,2025-06-09 19:36:38,DELIVERED,NORTH
3584,332.0,2025-05-21 13:31:42,CANCELLED,EAST
3585,367.0,2024-08-19 11:46:03,DELIVERED,NORTH
3586,428.0,2024-11-09 01:02:59,DELIVERED,WEST
3587,254.0,2025-11-18 15:14:10,RETURNED,SOUTH
3588,684.0,2026-04-26 00:12:19,RETURNED,SOUTH
3589,264.0,2025-05-22 06:39:54,DELIVERED,EAST
3590,524.0,2025-08-06 13:41:00,DELIVERED,NORTH
3591,956.0,2025-08-03 09:24:21,PLACED,WEST
3592,810.0,2025-06-13 12:18:46,DELIVERED,NORTH
3593,506.0,2025-11-29 16:45:09,PLACED,EAST
3594,842.0,2025-05-05 07:13:01,DELIVERED,WEST
3595,693.0,2025-06-22 06:29:28,RETURNED,SOUTH
3596,235.0,2026-03-18 08:19:39,DELIVERED,NORTH
3597,353.0,2025-01-20 14:32:30,SHIPPED,SOUTH
3598,379.0,2025-01-09 00:47:13,SHIPPED,NORTH
3599,149.0,2025-01-20 07:40:30,SHIPPED,SOUTH
3600,483.0,2025-01-28 20:24:54,DELIVERED,SOUTH
3601,66.0,2025-02-09 20:49:38,DELIVERED,EAST
3602,199.0,2024-08-27 20:04:31,DELIVERED,EAST
3603,905.0,2026-07-02 06:06:02,DELIVERED,NORTH
3604,877.0,2024-11-14 05:06:05,DELIVERED,NORTH
3605,110.0,2025-09-29 13:41:37,DELIVERED,NORTH
3606,959.0,2026-02-06 22:28:15,CANCELLED,EAST
3607,932.0,2025-04-14 05:04:07,DELIVERED,WEST
3608,630.0,2025-04-13 16:06:05,DELIVERED,SOUTH
3609,160.0,2025-05-01 04:54:11,SHIPPED,NORTH
3610,454.0,2024-10-19 23:05:04,DELIVERED,NORTH
3611,368.0,2025-08-11 16:51:38,DELIVERED,NORTH
3612,300.0,2025-01-22 15:00:46,DELIVERED,NORTH
3613,202.0,2024-11-20 22:58:10,PLACED,SOUTH
3615,569.0,2025-11-02 20:04:47,DELIVERED,EAST
3616,902.0,2025-02-04 14:07:19,DELIVERED,WEST
3617,49.0,2025-10-21 00:59:19,SHIPPED,SOUTH
3618,702.0,2026-06-01 08:06:00,SHIPPED,NORTH
3619,741.0,2024-08-31 12:12:26,DELIVERED,NORTH
3621,50.0,2025-06-19 07:32:21,SHIPPED,EAST
3622,103.0,2026-04-08 18:20:39,PLACED,SOUTH
3623,561.0,2025-01-22 11:13:31,SHIPPED,SOUTH
3624,79.0,2025-05-25 09:09:54,DELIVERED,WEST
3625,862.0,2026-01-22 05:34:53,DELIVERED,NORTH
3626,719.0,2025-01-01 08:56:38,DELIVERED,NORTH
3627,523.0,2025-08-07 01:13:52,DELIVERED,WEST
3628,44.0,2025-09-13 23:37:31,SHIPPED,NORTH
3631,222.0,2026-05-22 13:42:08,PLACED,NORTH
3632,599.0,2024-12-18 18:12:23,DELIVERED,EAST
3633,958.0,2026-01-12 08:20:26,SHIPPED,WEST
3634,399.0,2025-05-30 00:26:54,DELIVERED,WEST
3635,450.0,2024-08-10 03:22:44,SHIPPED,WEST
3636,867.0,2025-10-01 22:09:30,DELIVERED,SOUTH
3637,784.0,2025-05-30 21:30:57,DELIVERED,SOUTH
3638,382.0,2025-05-01 17:46:33,PLACED,WEST
3639,843.0,2025-01-30 08:36:07,SHIPPED,EAST
3640,985.0,2025-01-29 15:31:25,DELIVERED,WEST
3641,435.0,2025-02-17 02:32:59,SHIPPED,NORTH
3642,469.0,2025-10-23 00:51:11,SHIPPED,NORTH
3643,303.0,2025-02-26 21:32:26,DELIVERED,WEST
3644,946.0,2026-01-07 10:54:03,DELIVERED,WEST
3645,552.0,2025-09-16 21:43:36,DELIVERED,WEST
3646,222.0,2026-04-20 16:04:56,RETURNED,NORTH
3648,233.0,2025-07-24 13:30:50,DELIVERED,SOUTH
3649,149.0,2025-11-17 02:15:38,CANCELLED,NORTH
3650,172.0,2026-01-04 16:23:26,DELIVERED,SOUTH
3651,45.0,2025-04-22 21:55:02,DELIVERED,SOUTH
3652,84.0,2025-02-06 03:41:34,DELIVERED,EAST
3653,532.0,2025-04-19 04:09:02,SHIPPED,WEST
3654,869.0,2025-05-03 05:00:20,DELIVERED,EAST
3655,489.0,2025-04-06 21:16:18,DELIVERED,NORTH
3656,953.0,2024-10-17 21:33:28,SHIPPED,EAST
3657,420.0,2025-11-22 22:33:35,DELIVERED,NORTH
3658,548.0,2026-04-18 20:23:36,DELIVERED,NORTH
3659,505.0,2025-03-29 02:50:38,DELIVERED,EAST
3660,250.0,2025-09-05 10:07:53,DELIVERED,SOUTH
3661,979.0,2025-05-10 07:06:45,DELIVERED,WEST
3662,612.0,2025-01-13 11:13:16,DELIVERED,NORTH
3663,860.0,2025-11-20 23:45:13,DELIVERED,NORTH
3664,971.0,2026-05-02 11:58:47,DELIVERED,NORTH
3665,437.0,2024-07-29 19:05:22,DELIVERED,SOUTH
3666,228.0,2026-04-09 02:54:39,DELIVERED,NORTH
3667,248.0,2025-03-29 11:39:05,DELIVERED,EAST
3668,773.0,2024-12-28 17:06:55,DELIVERED,NORTH
3669,689.0,2025-07-19 14:26:29,SHIPPED,EAST
3670,350.0,2026-05-20 03:16:15,DELIVERED,SOUTH
3671,940.0,2026-04-01 12:53:30,SHIPPED,WEST
3672,751.0,2026-03-15 06:23:12,SHIPPED,EAST
3673,914.0,2025-07-26 23:40:31,SHIPPED,SOUTH
3674,902.0,2026-04-13 18:19:43,DELIVERED,EAST
3675,889.0,2024-10-21 17:37:05,CANCELLED,SOUTH
3676,416.0,2026-02-04 18:27:18,DELIVERED,SOUTH
3677,268.0,2025-09-22 18:44:04,SHIPPED,EAST
3678,97.0,2025-05-26 05:24:23,PLACED,SOUTH
3680,637.0,2026-06-05 11:41:35,DELIVERED,EAST
3681,808.0,2024-09-09 02:13:16,DELIVERED,NORTH
3682,768.0,2025-05-11 01:06:07,DELIVERED,WEST
3683,796.0,2026-02-03 11:54:13,CANCELLED,NORTH
3684,521.0,2024-08-08 01:31:38,SHIPPED,WEST
3685,440.0,2025-12-11 01:19:44,SHIPPED,WEST
3687,176.0,2026-02-18 01:02:46,CANCELLED,NORTH
3688,538.0,2025-03-23 14:33:54,SHIPPED,NORTH
3689,935.0,2025-10-27 13:11:03,DELIVERED,EAST
3690,97.0,2025-06-27 16:50:19,DELIVERED,EAST
3691,304.0,2024-08-23 18:22:50,DELIVERED,SOUTH
3692,685.0,2026-01-28 00:29:03,SHIPPED,EAST
3694,754.0,2025-12-09 23:49:46,RETURNED,WEST
3695,9.0,2024-12-16 23:25:40,SHIPPED,WEST
3696,636.0,2025-09-16 20:53:07,DELIVERED,WEST
3698,701.0,2024-10-23 00:28:11,CANCELLED,SOUTH
3699,78.0,2024-10-16 15:26:08,PLACED,SOUTH
3700,328.0,2024-12-25 20:20:10,DELIVERED,SOUTH
3702,680.0,2026-07-07 11:35:25,SHIPPED,SOUTH
3703,240.0,2026-01-27 15:39:05,DELIVERED,NORTH
3704,641.0,2025-11-22 18:45:02,SHIPPED,NORTH
3705,813.0,2025-06-20 14:52:10,SHIPPED,SOUTH
3706,388.0,2025-11-05 23:57:15,DELIVERED,EAST
3707,207.0,2025-06-28 20:11:49,DELIVERED,SOUTH
3708,264.0,2025-11-06 07:29:45,CANCELLED,WEST
3709,627.0,2025-12-19 02:30:48,DELIVERED,EAST
3710,180.0,2024-09-05 01:20:04,SHIPPED,SOUTH
3711,352.0,2026-02-11 21:56:17,DELIVERED,NORTH
3712,356.0,2025-07-12 04:58:04,DELIVERED,EAST
3713,901.0,2026-03-19 12:07:35,DELIVERED,NORTH
3714,438.0,2025-07-16 09:15:36,RETURNED,EAST
3715,331.0,2026-05-06 17:16:51,DELIVERED,EAST
3718,282.0,2025-08-30 20:00:19,DELIVERED,WEST
3719,529.0,2025-08-23 02:06:52,DELIVERED,EAST
3720,419.0,2025-01-19 05:56:09,DELIVERED,NORTH
3721,888.0,2026-01-23 10:08:49,PLACED,EAST
3723,974.0,2026-03-03 03:01:32,SHIPPED,WEST
3724,368.0,2026-05-02 05:32:53,PLACED,EAST
3725,746.0,2025-02-22 20:58:11,DELIVERED,WEST
3726,300.0,2024-09-08 04:23:26,DELIVERED,SOUTH
3727,213.0,2024-11-12 17:24:25,DELIVERED,WEST
3728,336.0,2025-05-28 10:09:40,CANCELLED,EAST
3729,18.0,2025-12-15 15:08:19,DELIVERED,SOUTH
3730,319.0,2025-11-29 11:27:44,DELIVERED,EAST
3731,815.0,2026-02-13 04:23:51,DELIVERED,SOUTH
3732,821.0,2025-06-06 09:38:31,PLACED,SOUTH
3733,883.0,2026-02-26 04:36:18,DELIVERED,WEST
3734,177.0,2025-10-14 20:42:05,DELIVERED,NORTH
3735,779.0,2025-07-26 11:34:18,SHIPPED,SOUTH
3736,417.0,2024-12-30 23:09:19,DELIVERED,SOUTH
3737,360.0,2025-07-06 01:38:55,PLACED,NORTH
3738,145.0,2026-02-17 20:29:10,DELIVERED,NORTH
3740,890.0,2025-03-22 16:05:10,DELIVERED,WEST
3741,50.0,2025-04-20 10:01:47,DELIVERED,NORTH
3742,766.0,2026-02-18 02:49:52,DELIVERED,SOUTH
3743,265.0,2025-08-17 15:48:29,DELIVERED,SOUTH
3744,551.0,2025-01-08 21:57:34,SHIPPED,EAST
3745,432.0,2025-02-08 11:17:24,DELIVERED,NORTH
3746,226.0,2026-04-26 22:03:41,DELIVERED,EAST
3747,908.0,2026-04-21 14:18:03,DELIVERED,WEST
3748,402.0,2026-02-12 16:37:44,PLACED,WEST
3749,272.0,2024-07-23 11:29:41,DELIVERED,EAST
3750,666.0,2024-09-29 03:45:00,DELIVERED,EAST
3751,363.0,2026-01-20 11:12:26,DELIVERED,EAST
3752,891.0,2024-08-25 23:19:52,SHIPPED,WEST
3754,492.0,2026-05-10 06:43:00,DELIVERED,WEST
3755,306.0,2025-03-03 03:13:48,DELIVERED,SOUTH
3756,213.0,2025-12-10 20:08:54,DELIVERED,NORTH
3757,285.0,2025-11-09 21:42:04,DELIVERED,EAST
3758,154.0,2024-10-10 12:28:22,SHIPPED,SOUTH
3759,982.0,2026-03-19 23:53:06,DELIVERED,SOUTH
3760,185.0,2025-05-22 04:45:59,SHIPPED,WEST
3761,33.0,2024-07-19 11:11:09,DELIVERED,NORTH
3763,754.0,2025-03-21 03:52:10,RETURNED,EAST
3764,80.0,2026-01-20 01:14:32,DELIVERED,WEST
3765,83.0,2024-07-31 17:21:53,DELIVERED,SOUTH
3766,459.0,2024-10-15 07:46:58,DELIVERED,EAST
3767,482.0,2025-01-12 11:51:50,DELIVERED,WEST
3768,685.0,2024-09-10 04:04:04,DELIVERED,WEST
3769,667.0,2025-11-17 05:11:36,DELIVERED,SOUTH
3770,17.0,2026-03-07 19:58:04,DELIVERED,EAST
3771,601.0,2025-07-06 23:13:12,DELIVERED,EAST
3772,719.0,2025-06-03 10:08:57,DELIVERED,SOUTH
3774,639.0,2024-08-27 20:13:58,SHIPPED,EAST
3775,69.0,2026-06-18 22:35:39,DELIVERED,NORTH
3776,315.0,2026-04-21 11:45:59,DELIVERED,NORTH
3777,751.0,2024-10-07 17:23:10,SHIPPED,EAST
3778,848.0,2025-05-26 05:24:04,DELIVERED,EAST
3779,953.0,2025-01-17 19:35:22,SHIPPED,SOUTH
3780,493.0,2025-02-25 10:36:26,RETURNED,WEST
3781,948.0,2026-06-08 04:36:10,DELIVERED,SOUTH
3782,209.0,2024-10-10 18:21:04,DELIVERED,NORTH
3783,527.0,2025-05-31 08:52:30,CANCELLED,WEST
3784,548.0,2025-11-29 13:27:53,RETURNED,EAST
3785,711.0,2026-02-28 15:52:34,DELIVERED,NORTH
3786,536.0,2025-08-20 05:20:46,DELIVERED,NORTH
3787,995.0,2025-12-04 08:09:39,DELIVERED,NORTH
3788,354.0,2024-08-12 02:29:53,DELIVERED,NORTH
3789,319.0,2024-12-29 15:32:07,PLACED,NORTH
3790,201.0,2026-06-12 03:54:34,SHIPPED,WEST
3791,131.0,2026-06-21 13:31:42,SHIPPED,SOUTH
3792,623.0,2025-07-24 20:17:50,DELIVERED,SOUTH
3793,868.0,2024-08-02 07:23:59,CANCELLED,SOUTH
3794,322.0,2025-03-21 12:13:43,SHIPPED,NORTH
3795,412.0,2026-05-25 05:46:41,DELIVERED,EAST
3796,870.0,2026-07-08 10:02:53,SHIPPED,SOUTH
3797,315.0,2024-11-10 09:06:23,DELIVERED,NORTH
3798,632.0,2026-03-10 19:54:52,DELIVERED,EAST
3799,321.0,2025-07-02 01:17:08,DELIVERED,WEST
3800,820.0,2024-10-27 19:24:08,DELIVERED,SOUTH
3801,101.0,2024-11-10 11:55:28,DELIVERED,EAST
3802,57.0,2025-08-19 11:50:13,CANCELLED,NORTH
3804,96.0,2024-11-11 15:04:56,DELIVERED,SOUTH
3805,257.0,2024-12-08 05:34:47,DELIVERED,SOUTH
3806,516.0,2024-11-12 14:34:19,PLACED,WEST
3807,654.0,2025-03-25 17:07:55,DELIVERED,WEST
3808,32.0,2026-03-21 21:41:12,DELIVERED,NORTH
3809,12.0,2025-08-14 04:25:00,DELIVERED,EAST
3810,779.0,2025-11-14 22:33:32,PLACED,SOUTH
3811,32.0,2024-11-09 08:31:05,DELIVERED,EAST
3812,631.0,2025-10-16 06:28:02,DELIVERED,WEST
3813,149.0,2025-12-22 04:54:01,DELIVERED,NORTH
3814,525.0,2024-08-31 20:07:29,PLACED,SOUTH
3816,178.0,2024-12-11 09:31:50,SHIPPED,WEST
3817,868.0,2025-11-16 00:18:01,DELIVERED,WEST
3818,622.0,2025-01-01 18:57:00,DELIVERED,EAST
3819,650.0,2024-12-27 10:50:04,DELIVERED,WEST
3820,705.0,2025-07-12 07:05:01,CANCELLED,EAST
3821,363.0,2026-06-27 04:21:48,DELIVERED,WEST
3822,949.0,2025-05-06 14:24:29,DELIVERED,WEST
3823,934.0,2026-03-18 14:51:34,SHIPPED,SOUTH
3824,982.0,2025-02-26 21:40:01,DELIVERED,SOUTH
3825,24.0,2025-06-08 14:13:05,DELIVERED,SOUTH
3826,10.0,2025-03-18 05:34:30,DELIVERED,WEST
3827,82.0,2025-12-08 09:16:34,SHIPPED,NORTH
3828,125.0,2025-08-17 21:19:30,DELIVERED,EAST
3829,574.0,2025-07-03 19:21:24,SHIPPED,NORTH
3830,772.0,2025-12-02 14:07:12,DELIVERED,NORTH
3831,239.0,2026-03-16 18:48:12,SHIPPED,EAST
3832,981.0,2026-03-05 00:00:08,DELIVERED,EAST
3833,130.0,2024-07-18 11:41:45,PLACED,EAST
3834,778.0,2025-12-28 19:15:50,DELIVERED,WEST
3835,340.0,2025-10-23 22:25:11,DELIVERED,SOUTH
3836,680.0,2025-03-11 19:17:06,SHIPPED,SOUTH
3837,169.0,2024-08-06 00:38:12,DELIVERED,NORTH
3838,158.0,2024-08-03 19:18:31,DELIVERED,EAST
3839,745.0,2025-03-11 23:38:22,DELIVERED,WEST
3840,515.0,2025-07-18 10:53:52,SHIPPED,SOUTH
3841,276.0,2025-09-11 23:52:14,DELIVERED,WEST
3842,82.0,2025-07-05 11:51:08,PLACED,WEST
3843,353.0,2024-11-23 05:15:52,DELIVERED,SOUTH
3844,717.0,2026-06-02 04:14:04,DELIVERED,EAST
3845,703.0,2025-09-14 23:38:25,RETURNED,WEST
3846,951.0,2024-12-12 16:25:36,DELIVERED,NORTH
3847,634.0,2026-06-10 10:45:42,SHIPPED,WEST
3848,326.0,2025-10-17 02:05:43,DELIVERED,EAST
3849,627.0,2025-04-26 00:35:11,DELIVERED,NORTH
3850,52.0,2026-07-08 14:49:46,DELIVERED,SOUTH
3851,113.0,2024-10-10 22:47:17,PLACED,EAST
3852,668.0,2026-06-20 21:32:47,SHIPPED,SOUTH
3853,778.0,2025-10-10 18:20:22,DELIVERED,SOUTH
3854,421.0,2024-09-30 19:44:29,DELIVERED,EAST
3855,711.0,2025-10-28 22:31:04,DELIVERED,NORTH
3856,813.0,2025-07-08 07:10:19,DELIVERED,NORTH
3857,342.0,2025-12-28 01:59:00,SHIPPED,WEST
3858,765.0,2024-12-07 21:16:06,DELIVERED,EAST
3859,17.0,2025-09-19 18:05:36,DELIVERED,NORTH
3860,448.0,2024-08-27 05:51:51,DELIVERED,WEST
3861,142.0,2026-01-24 20:52:54,DELIVERED,SOUTH
3862,714.0,2025-01-17 04:10:16,DELIVERED,NORTH
3863,157.0,2024-07-13 15:51:33,DELIVERED,WEST
3864,948.0,2025-07-24 14:21:48,DELIVERED,NORTH
3865,88.0,2025-03-17 08:31:23,RETURNED,SOUTH
3866,882.0,2025-02-07 07:30:05,DELIVERED,EAST
3867,92.0,2025-09-19 01:46:20,DELIVERED,SOUTH
3868,380.0,2025-10-15 18:16:17,SHIPPED,WEST
3870,85.0,2026-04-02 01:38:07,DELIVERED,NORTH
3871,67.0,2025-08-23 05:36:34,PLACED,EAST
3872,813.0,2025-03-09 22:03:58,DELIVERED,NORTH
3873,283.0,2026-01-10 23:54:24,DELIVERED,SOUTH
3874,660.0,2025-01-18 20:35:52,SHIPPED,WEST
3875,389.0,2025-02-03 18:36:23,PLACED,NORTH
3876,311.0,2024-10-23 15:53:51,DELIVERED,SOUTH
3877,314.0,2025-03-21 18:03:25,DELIVERED,WEST
3878,881.0,2024-11-22 15:11:51,RETURNED,NORTH
3879,273.0,2025-06-24 05:19:27,PLACED,WEST
3880,711.0,2026-05-02 09:43:42,DELIVERED,EAST
3881,478.0,2025-02-13 19:34:01,PLACED,NORTH
3882,659.0,2025-06-18 12:43:40,SHIPPED,EAST
3883,270.0,2024-12-20 11:31:14,DELIVERED,EAST
3884,496.0,2024-12-04 14:05:43,DELIVERED,EAST
3885,107.0,2026-02-19 19:54:37,RETURNED,WEST
3886,403.0,2025-08-14 11:17:06,DELIVERED,SOUTH
3887,322.0,2024-10-14 20:38:06,DELIVERED,EAST
3888,19.0,2025-07-25 14:16:35,DELIVERED,EAST
3889,613.0,2024-11-11 05:59:00,CANCELLED,NORTH
3890,413.0,2024-09-14 03:13:52,CANCELLED,EAST
3891,121.0,2024-10-04 16:09:06,SHIPPED,EAST
3892,308.0,2026-01-24 11:12:30,DELIVERED,WEST
3893,99.0,2024-10-04 05:31:34,DELIVERED,WEST
3894,826.0,2025-07-10 09:34:46,SHIPPED,EAST
3895,586.0,2025-09-16 00:38:23,DELIVERED,WEST
3896,382.0,2024-11-07 12:05:41,SHIPPED,NORTH
3898,41.0,2025-08-02 11:18:33,PLACED,WEST
3899,810.0,2025-10-22 06:45:24,DELIVERED,WEST
3900,183.0,2024-08-02 13:11:46,DELIVERED,WEST
3901,160.0,2025-09-27 05:39:08,DELIVERED,SOUTH
3902,790.0,2026-01-23 21:19:23,DELIVERED,SOUTH
3903,203.0,2025-09-21 06:21:34,SHIPPED,EAST
3904,609.0,2026-03-25 14:46:25,DELIVERED,SOUTH
3905,220.0,2025-01-12 10:33:33,SHIPPED,EAST
3907,933.0,2026-06-24 05:34:11,DELIVERED,SOUTH
3908,872.0,2025-10-20 23:22:22,DELIVERED,WEST
3909,840.0,2024-10-04 08:34:42,SHIPPED,NORTH
3910,787.0,2025-03-07 09:51:25,PLACED,NORTH
3911,690.0,2026-05-12 18:01:22,DELIVERED,WEST
3912,575.0,2026-01-18 08:38:26,PLACED,SOUTH
3913,351.0,2025-05-03 20:58:26,DELIVERED,WEST
3914,969.0,2024-12-21 16:31:14,PLACED,WEST
3915,598.0,2025-06-03 04:54:31,DELIVERED,SOUTH
3916,171.0,2025-12-22 17:12:49,SHIPPED,SOUTH
3917,85.0,2024-08-05 14:20:51,DELIVERED,SOUTH
3918,830.0,2025-03-31 08:39:33,RETURNED,EAST
3919,271.0,2025-09-26 15:25:34,CANCELLED,SOUTH
3920,703.0,2025-06-12 18:35:07,CANCELLED,NORTH
3921,817.0,2025-06-20 01:57:23,DELIVERED,EAST
3922,392.0,2025-03-11 08:02:02,RETURNED,EAST
3923,212.0,2025-02-21 19:35:24,DELIVERED,SOUTH
3924,975.0,2024-11-12 20:23:23,DELIVERED,EAST
3925,962.0,2025-09-04 18:25:27,SHIPPED,NORTH
3926,268.0,2025-01-04 07:47:48,SHIPPED,EAST
3927,921.0,2025-07-15 21:45:05,SHIPPED,SOUTH
3928,12.0,2026-03-10 05:11:49,DELIVERED,WEST
3929,480.0,2024-10-06 15:46:07,DELIVERED,WEST
3930,495.0,2024-12-23 09:14:40,SHIPPED,WEST
3932,68.0,2025-06-17 13:29:18,PLACED,SOUTH
3934,106.0,2026-04-25 06:04:52,SHIPPED,SOUTH
3935,688.0,2026-04-04 22:13:29,DELIVERED,WEST
3936,440.0,2024-07-26 08:35:48,DELIVERED,WEST
3938,934.0,2025-02-13 12:13:51,PLACED,WEST
3939,235.0,2025-07-23 00:38:50,DELIVERED,NORTH
3940,611.0,2025-01-18 06:18:46,DELIVERED,EAST
3941,103.0,2025-07-12 17:58:59,SHIPPED,WEST
3942,12.0,2025-07-15 20:59:01,RETURNED,SOUTH
3943,255.0,2025-03-16 20:49:01,SHIPPED,EAST
3944,412.0,2026-03-23 20:15:39,SHIPPED,NORTH
3945,523.0,2026-02-14 04:08:42,DELIVERED,SOUTH
3946,951.0,2026-04-24 14:48:05,RETURNED,SOUTH
3947,848.0,2025-01-28 13:47:51,DELIVERED,NORTH
3949,347.0,2024-08-27 12:36:54,SHIPPED,EAST
3950,898.0,2025-02-01 05:16:38,PLACED,NORTH
3951,557.0,2025-08-16 04:15:22,DELIVERED,WEST
3952,13.0,2026-01-29 17:06:53,DELIVERED,WEST
3953,952.0,2026-04-21 19:24:31,DELIVERED,SOUTH
3955,260.0,2025-01-21 14:46:32,PLACED,NORTH
3956,260.0,2025-04-14 14:00:47,DELIVERED,EAST
3957,459.0,2025-09-25 09:45:44,DELIVERED,WEST
3958,414.0,2025-08-20 02:23:22,DELIVERED,NORTH
3960,685.0,2025-01-22 11:20:22,DELIVERED,WEST
3961,46.0,2025-05-19 21:48:52,DELIVERED,WEST
3962,740.0,2025-11-14 15:23:08,DELIVERED,WEST
3963,271.0,2025-07-18 18:16:38,DELIVERED,EAST
3964,919.0,2025-10-14 08:48:36,DELIVERED,WEST
3965,223.0,2025-06-11 23:24:54,RETURNED,WEST
3967,870.0,2026-01-05 08:17:08,DELIVERED,EAST
3968,424.0,2026-04-15 05:27:15,PLACED,WEST
3969,903.0,2024-09-18 13:49:00,DELIVERED,WEST
3970,154.0,2025-03-19 02:35:30,SHIPPED,WEST
3971,216.0,2024-09-10 06:46:25,CANCELLED,NORTH
3972,594.0,2026-01-06 14:50:22,RETURNED,WEST
3974,977.0,2026-01-09 20:52:32,PLACED,SOUTH
3975,801.0,2024-12-03 12:51:50,DELIVERED,WEST
3976,912.0,2025-06-16 15:14:28,DELIVERED,SOUTH
3977,915.0,2025-09-07 20:41:45,SHIPPED,WEST
3978,901.0,2026-05-16 06:36:46,DELIVERED,NORTH
3979,449.0,2025-04-15 11:17:44,SHIPPED,WEST
3980,677.0,2025-05-09 22:37:54,RETURNED,SOUTH
3981,168.0,2025-07-07 20:51:05,DELIVERED,NORTH
3982,221.0,2024-09-10 12:39:24,SHIPPED,WEST
3984,998.0,2025-08-22 14:25:23,CANCELLED,WEST
3985,671.0,2026-06-06 20:21:36,DELIVERED,WEST
3986,144.0,2024-10-19 09:32:23,DELIVERED,SOUTH
3987,855.0,2024-12-02 19:26:06,DELIVERED,EAST
3988,908.0,2026-07-06 20:22:57,DELIVERED,EAST
3989,120.0,2025-04-21 14:47:16,DELIVERED,NORTH
3990,371.0,2025-01-26 07:00:24,SHIPPED,NORTH
3991,998.0,2025-05-09 04:22:38,DELIVERED,SOUTH
3992,820.0,2025-06-06 16:54:29,RETURNED,WEST
3993,653.0,2026-01-07 14:10:05,PLACED,SOUTH
3995,940.0,2025-01-21 01:28:48,PLACED,EAST
3996,988.0,2025-10-08 17:10:51,DELIVERED,SOUTH
3997,484.0,2025-02-10 19:24:18,SHIPPED,WEST
3998,817.0,2025-05-29 17:59:35,SHIPPED,EAST
3999,817.0,2025-02-17 03:12:42,SHIPPED,WEST
4000,118.0,2025-06-29 11:57:45,DELIVERED,NORTH
4001,20.0,2025-02-21 23:52:05,SHIPPED,WEST
4002,702.0,2025-10-01 22:47:17,SHIPPED,SOUTH
4003,672.0,2026-06-10 13:24:56,DELIVERED,EAST
4004,970.0,2024-10-02 19:32:04,DELIVERED,SOUTH
4005,713.0,2025-08-22 12:16:06,SHIPPED,WEST
4006,478.0,2024-07-29 08:26:45,DELIVERED,EAST
4007,698.0,2025-12-01 10:31:42,SHIPPED,NORTH
4008,739.0,2025-07-31 21:08:48,CANCELLED,EAST
4009,556.0,2024-09-01 01:46:40,SHIPPED,EAST
4010,506.0,2024-12-24 00:24:28,DELIVERED,WEST
4011,660.0,2026-06-09 21:47:09,PLACED,EAST
4012,609.0,2024-09-01 05:02:43,DELIVERED,EAST
4013,545.0,2026-05-06 13:56:03,DELIVERED,WEST
4015,868.0,2025-03-24 11:35:04,PLACED,SOUTH
4016,586.0,2025-12-27 12:48:25,DELIVERED,EAST
4017,233.0,2026-03-20 06:09:47,DELIVERED,NORTH
4018,590.0,2026-06-19 08:58:41,DELIVERED,EAST
4019,608.0,2024-11-08 21:28:58,RETURNED,EAST
4020,831.0,2026-07-12 03:51:27,SHIPPED,WEST
4022,471.0,2026-02-10 22:01:24,RETURNED,EAST
4023,307.0,2024-08-07 10:31:55,SHIPPED,WEST
4024,134.0,2025-11-27 18:12:11,CANCELLED,SOUTH
4025,183.0,2025-03-28 12:01:09,RETURNED,WEST
4026,242.0,2025-02-04 19:42:40,DELIVERED,WEST
4027,904.0,2025-07-09 15:00:44,DELIVERED,SOUTH
4028,351.0,2025-05-20 16:42:10,DELIVERED,WEST
4029,998.0,2025-05-02 23:31:40,SHIPPED,WEST
4030,872.0,2026-05-25 10:57:46,DELIVERED,NORTH
4031,629.0,2025-06-11 12:31:23,DELIVERED,EAST
4032,663.0,2025-01-16 09:40:26,SHIPPED,WEST
4033,642.0,2025-04-22 17:38:05,SHIPPED,NORTH
4034,363.0,2025-05-21 19:31:59,SHIPPED,SOUTH
4035,712.0,2025-07-07 18:25:19,SHIPPED,EAST
4036,158.0,2026-05-13 08:25:45,DELIVERED,SOUTH
4037,779.0,2025-08-25 18:12:02,CANCELLED,NORTH
4038,696.0,2025-12-24 20:01:19,SHIPPED,NORTH
4039,189.0,2026-03-17 04:43:56,CANCELLED,EAST
4040,888.0,2025-03-08 04:32:01,DELIVERED,NORTH
4041,535.0,2026-03-15 07:25:45,DELIVERED,SOUTH
4042,626.0,2025-04-23 17:57:07,DELIVERED,EAST
4043,590.0,2026-06-27 11:23:22,DELIVERED,EAST
4044,701.0,2025-06-03 12:46:04,DELIVERED,NORTH
4046,168.0,2025-04-08 05:58:49,DELIVERED,WEST
4047,44.0,2025-06-16 17:09:11,DELIVERED,NORTH
4048,652.0,2025-12-27 13:21:12,DELIVERED,NORTH
4049,661.0,2026-02-10 03:58:12,DELIVERED,SOUTH
4050,723.0,2026-05-12 15:44:50,CANCELLED,EAST
4051,255.0,2024-08-11 19:06:19,DELIVERED,NORTH
4052,454.0,2024-12-23 05:44:54,SHIPPED,SOUTH
4053,314.0,2024-09-22 12:44:20,DELIVERED,NORTH
4054,875.0,2026-02-05 01:09:55,DELIVERED,SOUTH
4055,706.0,2024-10-22 14:31:49,DELIVERED,SOUTH
4056,203.0,2025-01-20 07:59:06,DELIVERED,SOUTH
4057,957.0,2025-08-04 10:40:54,SHIPPED,SOUTH
4058,236.0,2025-02-13 23:47:37,SHIPPED,EAST
4059,956.0,2026-06-25 00:57:56,DELIVERED,SOUTH
4060,470.0,2026-02-23 00:16:18,DELIVERED,EAST
4061,410.0,2026-01-07 17:08:04,SHIPPED,NORTH
4062,500.0,2026-01-11 13:58:44,DELIVERED,WEST
4063,602.0,2026-04-10 02:53:24,RETURNED,NORTH
4064,156.0,2024-09-27 03:06:32,DELIVERED,EAST
4065,73.0,2025-10-16 08:37:04,DELIVERED,EAST
4066,135.0,2026-07-06 05:26:41,DELIVERED,WEST
4067,78.0,2024-07-17 08:04:05,DELIVERED,EAST
4068,358.0,2024-07-30 12:43:22,DELIVERED,EAST
4069,998.0,2025-10-22 22:29:21,DELIVERED,EAST
4070,879.0,2026-04-23 21:12:03,CANCELLED,WEST
4071,237.0,2025-05-24 15:40:30,DELIVERED,EAST
4072,18.0,2025-11-30 13:48:10,DELIVERED,SOUTH
4073,77.0,2025-06-30 19:22:54,DELIVERED,WEST
4074,135.0,2026-04-22 15:52:15,DELIVERED,NORTH
4075,297.0,2026-05-31 20:30:33,DELIVERED,WEST
4076,368.0,2026-07-03 06:20:10,DELIVERED,NORTH
4077,703.0,2026-05-11 10:21:26,PLACED,NORTH
4078,608.0,2024-08-24 00:25:54,CANCELLED,WEST
4079,870.0,2026-06-24 02:29:44,SHIPPED,NORTH
4080,213.0,2025-04-02 20:49:50,DELIVERED,NORTH
4081,249.0,2025-03-12 10:45:36,RETURNED,WEST
4082,752.0,2025-08-04 19:14:41,DELIVERED,WEST
4083,47.0,2026-06-12 20:38:59,DELIVERED,WEST
4084,410.0,2025-07-20 10:03:36,SHIPPED,WEST
4085,36.0,2026-06-01 14:37:35,DELIVERED,SOUTH
4086,742.0,2025-04-20 06:32:42,DELIVERED,EAST
4087,648.0,2026-06-28 06:59:54,DELIVERED,NORTH
4088,229.0,2024-07-19 01:05:09,PLACED,SOUTH
4090,262.0,2025-03-29 08:44:17,DELIVERED,WEST
4091,82.0,2024-10-19 13:45:22,DELIVERED,WEST
4092,528.0,2026-03-09 05:44:57,PLACED,EAST
4093,915.0,2025-06-07 15:41:29,DELIVERED,NORTH
4094,623.0,2025-07-28 01:00:05,SHIPPED,EAST
4095,769.0,2025-11-07 08:17:01,DELIVERED,WEST
4096,955.0,2026-05-06 16:04:48,SHIPPED,EAST
4097,777.0,2026-03-04 04:56:54,DELIVERED,WEST
4098,248.0,2024-09-23 08:52:55,DELIVERED,WEST
4099,802.0,2025-11-12 02:46:01,DELIVERED,WEST
4100,13.0,2025-03-12 23:09:21,DELIVERED,SOUTH
4101,979.0,2024-07-28 10:17:16,PLACED,NORTH
4102,303.0,2026-04-22 13:36:44,RETURNED,NORTH
4103,601.0,2025-02-17 10:56:39,DELIVERED,WEST
4104,470.0,2025-06-27 19:56:37,SHIPPED,WEST
4105,220.0,2025-04-23 16:45:32,DELIVERED,SOUTH
4107,162.0,2024-08-06 03:37:48,SHIPPED,NORTH
4108,998.0,2024-12-19 17:20:15,RETURNED,WEST
4109,278.0,2024-07-31 19:10:46,DELIVERED,WEST
4110,368.0,2025-11-23 08:06:17,DELIVERED,SOUTH
4111,464.0,2025-12-08 23:22:15,PLACED,SOUTH
4112,39.0,2024-10-18 03:27:31,SHIPPED,EAST
4113,480.0,2026-01-31 11:02:33,RETURNED,SOUTH
4114,676.0,2025-07-16 14:43:28,PLACED,EAST
4115,529.0,2024-09-16 23:40:59,DELIVERED,NORTH
4116,423.0,2025-01-08 09:17:28,DELIVERED,NORTH
4117,223.0,2024-07-13 16:54:16,DELIVERED,EAST
4118,629.0,2025-09-29 11:42:27,DELIVERED,WEST
4119,144.0,2026-04-19 22:42:56,DELIVERED,EAST
4120,160.0,2024-12-09 19:05:51,RETURNED,SOUTH
4121,558.0,2025-04-23 13:17:08,PLACED,WEST
4122,79.0,2025-05-19 06:36:43,CANCELLED,NORTH
4123,33.0,2025-04-01 06:56:17,DELIVERED,NORTH
4124,807.0,2024-11-03 20:53:17,DELIVERED,WEST
4126,582.0,2025-11-06 12:32:22,SHIPPED,SOUTH
4127,868.0,2025-09-10 11:42:23,DELIVERED,SOUTH
4128,744.0,2025-06-28 03:29:05,DELIVERED,SOUTH
4129,993.0,2024-08-19 08:16:11,SHIPPED,SOUTH
4130,529.0,2026-06-08 09:01:58,RETURNED,NORTH
4131,972.0,2026-01-27 05:10:26,DELIVERED,SOUTH
4132,652.0,2025-05-18 18:23:18,DELIVERED,EAST
4133,40.0,2026-05-14 17:40:12,DELIVERED,EAST
4134,827.0,2024-12-13 02:21:58,SHIPPED,WEST
4135,71.0,2026-04-29 22:34:22,DELIVERED,EAST
4136,400.0,2025-12-20 09:42:15,CANCELLED,SOUTH
4137,678.0,2025-05-15 07:00:18,DELIVERED,WEST
4138,28.0,2025-04-26 00:22:09,CANCELLED,EAST
4139,643.0,2025-03-09 01:36:15,DELIVERED,NORTH
4140,236.0,2025-10-05 15:10:00,SHIPPED,EAST
4141,836.0,2026-04-13 18:20:23,PLACED,WEST
4143,720.0,2026-05-13 06:49:28,DELIVERED,WEST
4144,702.0,2025-10-16 21:38:07,RETURNED,WEST
4145,303.0,2025-06-06 05:29:19,DELIVERED,WEST
4147,410.0,2025-03-16 09:10:55,DELIVERED,EAST
4149,26.0,2025-07-15 19:26:15,DELIVERED,WEST
4151,321.0,2026-04-20 04:17:41,SHIPPED,SOUTH
4152,957.0,2025-10-29 19:44:21,SHIPPED,NORTH
4153,588.0,2024-08-29 08:42:34,PLACED,NORTH
4154,25.0,2025-10-09 09:33:12,SHIPPED,NORTH
4155,830.0,2024-09-21 14:34:19,DELIVERED,EAST
4156,239.0,2025-03-15 17:27:14,DELIVERED,WEST
4157,948.0,2025-01-13 17:01:43,SHIPPED,NORTH
4158,697.0,2026-04-15 10:04:55,SHIPPED,SOUTH
4159,898.0,2026-04-15 13:10:04,DELIVERED,SOUTH
4160,414.0,2024-11-16 01:03:57,DELIVERED,NORTH
4161,629.0,2026-02-26 00:55:22,SHIPPED,WEST
4162,582.0,2025-09-05 14:37:08,DELIVERED,SOUTH
4163,508.0,2025-02-06 18:13:34,CANCELLED,EAST
4164,386.0,2026-05-01 16:49:32,SHIPPED,SOUTH
4165,675.0,2025-12-15 13:54:53,DELIVERED,EAST
4166,948.0,2025-08-23 22:34:38,SHIPPED,NORTH
4167,494.0,2025-05-13 03:56:11,CANCELLED,WEST
4169,474.0,2024-12-17 14:10:55,DELIVERED,WEST
4170,26.0,2025-09-12 18:02:30,DELIVERED,SOUTH
4171,380.0,2024-10-08 12:15:45,DELIVERED,WEST
4173,6.0,2024-11-06 11:40:06,DELIVERED,EAST
4174,487.0,2025-03-13 10:28:41,DELIVERED,WEST
4175,766.0,2025-02-18 17:38:35,DELIVERED,NORTH
4176,637.0,2024-12-14 18:59:00,PLACED,NORTH
4177,803.0,2025-02-21 18:04:57,DELIVERED,NORTH
4178,335.0,2026-01-13 09:56:32,DELIVERED,WEST
4179,265.0,2025-12-16 23:50:16,DELIVERED,NORTH
4181,198.0,2026-03-14 06:06:22,RETURNED,NORTH
4182,704.0,2026-04-16 22:58:26,DELIVERED,WEST
4183,202.0,2026-04-17 14:55:40,PLACED,EAST
4184,506.0,2025-07-26 09:42:45,DELIVERED,SOUTH
4185,423.0,2025-09-09 02:39:59,RETURNED,WEST
4186,142.0,2025-11-06 15:30:39,RETURNED,SOUTH
4187,22.0,2024-11-20 02:00:04,DELIVERED,WEST
4188,125.0,2024-12-19 05:06:46,DELIVERED,SOUTH
4189,160.0,2024-12-13 13:30:21,SHIPPED,WEST
4190,434.0,2026-01-20 03:43:40,DELIVERED,NORTH
4192,683.0,2025-08-29 23:29:26,SHIPPED,SOUTH
4193,144.0,2026-02-01 07:55:44,DELIVERED,WEST
4194,934.0,2024-11-16 23:06:45,DELIVERED,WEST
4195,620.0,2026-04-12 00:19:02,DELIVERED,SOUTH
4196,321.0,2025-12-15 14:28:22,DELIVERED,EAST
4197,533.0,2024-10-13 04:06:54,DELIVERED,WEST
4198,748.0,2025-07-05 09:51:34,DELIVERED,NORTH
4199,802.0,2026-06-04 21:50:15,DELIVERED,NORTH
4200,533.0,2025-05-21 00:58:47,DELIVERED,EAST
4201,357.0,2024-07-13 02:07:15,DELIVERED,WEST
4202,171.0,2024-11-11 11:18:49,CANCELLED,NORTH
4203,365.0,2025-04-06 12:29:56,PLACED,EAST
4204,977.0,2025-11-18 08:29:14,DELIVERED,WEST
4205,24.0,2025-01-29 21:27:28,DELIVERED,NORTH
4206,7.0,2026-05-21 10:19:58,DELIVERED,WEST
4207,233.0,2024-12-07 04:23:11,DELIVERED,SOUTH
4208,368.0,2025-02-22 07:07:49,DELIVERED,EAST
4209,985.0,2026-05-09 09:59:20,DELIVERED,EAST
4210,76.0,2026-05-03 00:00:31,RETURNED,WEST
4212,475.0,2025-12-12 02:10:25,SHIPPED,EAST
4213,165.0,2024-11-26 19:05:12,PLACED,NORTH
4214,980.0,2025-07-20 09:27:59,DELIVERED,SOUTH
4215,171.0,2024-12-16 00:26:06,DELIVERED,WEST
4216,931.0,2026-03-19 17:57:05,SHIPPED,WEST
4217,535.0,2026-04-12 17:08:49,DELIVERED,SOUTH
4218,362.0,2025-08-26 13:13:53,DELIVERED,SOUTH
4220,142.0,2025-09-25 13:06:33,DELIVERED,WEST
4221,165.0,2025-05-03 02:00:33,DELIVERED,SOUTH
4222,335.0,2025-06-01 01:52:54,DELIVERED,EAST
4225,132.0,2025-01-18 09:39:27,DELIVERED,NORTH
4226,11.0,2026-02-24 07:28:43,SHIPPED,NORTH
4228,899.0,2026-03-18 18:26:40,RETURNED,EAST
4229,589.0,2024-10-09 04:26:25,DELIVERED,NORTH
4230,115.0,2024-12-26 00:49:55,SHIPPED,WEST
4231,804.0,2024-09-12 12:15:49,DELIVERED,EAST
4233,20.0,2025-05-20 00:11:16,SHIPPED,WEST
4235,103.0,2026-07-08 18:56:26,DELIVERED,EAST
4236,969.0,2026-07-02 11:53:25,DELIVERED,SOUTH
4237,122.0,2026-02-25 07:39:24,PLACED,WEST
4238,723.0,2025-07-04 12:53:28,DELIVERED,NORTH
4239,167.0,2026-01-28 20:16:18,DELIVERED,SOUTH
4240,813.0,2026-06-28 22:12:23,DELIVERED,SOUTH
4241,664.0,2025-09-30 00:51:40,DELIVERED,EAST
4242,978.0,2025-07-22 15:12:38,DELIVERED,WEST
4243,349.0,2025-02-27 14:31:55,DELIVERED,NORTH
4244,90.0,2025-05-03 08:43:46,SHIPPED,EAST
4245,703.0,2025-05-14 15:27:59,DELIVERED,SOUTH
4246,227.0,2026-05-04 23:07:32,DELIVERED,NORTH
4247,21.0,2024-09-16 15:48:49,DELIVERED,NORTH
4248,608.0,2025-10-04 06:21:48,DELIVERED,EAST
4249,135.0,2024-12-03 20:46:50,SHIPPED,EAST
4250,787.0,2026-06-10 04:15:03,DELIVERED,SOUTH
4252,614.0,2025-04-09 13:56:44,SHIPPED,SOUTH
4253,607.0,2024-12-05 17:33:32,DELIVERED,EAST
4254,995.0,2025-06-04 08:16:00,DELIVERED,NORTH
4255,399.0,2025-04-27 18:38:28,DELIVERED,EAST
4256,585.0,2024-10-22 01:10:10,DELIVERED,NORTH
4257,676.0,2024-12-30 13:49:03,SHIPPED,SOUTH
4258,727.0,2025-11-19 22:48:04,PLACED,SOUTH
4259,444.0,2025-03-17 21:13:18,DELIVERED,SOUTH
4261,766.0,2025-03-20 22:36:22,DELIVERED,WEST
4262,881.0,2024-09-02 02:03:36,SHIPPED,EAST
4263,958.0,2025-04-18 00:32:21,DELIVERED,SOUTH
4264,498.0,2024-09-08 00:08:52,DELIVERED,SOUTH
4265,752.0,2025-12-13 00:28:47,DELIVERED,WEST
4266,108.0,2026-04-22 20:13:31,DELIVERED,WEST
4267,249.0,2025-12-09 08:50:15,DELIVERED,NORTH
4268,509.0,2025-04-11 17:32:08,RETURNED,EAST
4269,321.0,2026-04-21 15:02:41,DELIVERED,EAST
4270,871.0,2026-07-05 22:22:17,DELIVERED,SOUTH
4271,139.0,2026-01-06 22:47:28,DELIVERED,SOUTH
4272,463.0,2026-03-17 09:17:02,SHIPPED,WEST
4274,529.0,2025-07-02 01:41:35,DELIVERED,NORTH
4275,621.0,2025-11-06 03:46:03,DELIVERED,EAST
4276,775.0,2024-12-13 01:58:23,DELIVERED,NORTH
4277,539.0,2026-06-22 04:39:43,RETURNED,NORTH
4278,979.0,2026-05-04 05:37:14,DELIVERED,NORTH
4279,861.0,2025-01-04 04:02:50,PLACED,SOUTH
4281,161.0,2025-11-22 08:48:27,DELIVERED,EAST
4282,242.0,2024-11-18 20:11:11,DELIVERED,EAST
4283,568.0,2026-03-09 00:15:07,DELIVERED,SOUTH
4284,986.0,2025-12-12 14:06:09,DELIVERED,EAST
4285,470.0,2025-09-20 14:37:01,DELIVERED,NORTH
4286,462.0,2025-11-28 18:51:30,PLACED,SOUTH
4287,252.0,2026-03-02 20:30:29,SHIPPED,EAST
4288,600.0,2025-10-16 01:25:41,DELIVERED,WEST
4289,43.0,2026-05-02 20:58:29,PLACED,NORTH
4290,76.0,2025-07-11 19:42:19,SHIPPED,EAST
4291,819.0,2024-08-31 05:45:33,DELIVERED,NORTH
4292,256.0,2025-08-14 08:20:34,RETURNED,SOUTH
4294,415.0,2025-02-14 16:31:12,DELIVERED,SOUTH
4295,648.0,2025-09-14 09:48:50,SHIPPED,EAST
4296,5.0,2025-10-06 18:18:46,DELIVERED,EAST
4297,53.0,2025-02-06 07:32:47,DELIVERED,WEST
4299,222.0,2025-02-26 08:02:05,DELIVERED,SOUTH
4300,616.0,2026-05-03 09:07:37,DELIVERED,NORTH
4301,711.0,2025-10-16 14:26:39,DELIVERED,SOUTH
4302,435.0,2025-09-08 10:43:47,SHIPPED,SOUTH
4303,578.0,2025-01-15 23:49:58,DELIVERED,WEST
4304,792.0,2024-09-23 13:01:44,CANCELLED,WEST
4307,614.0,2026-06-15 17:47:18,SHIPPED,SOUTH
4308,565.0,2026-02-03 21:12:21,DELIVERED,SOUTH
4309,651.0,2024-12-21 19:35:43,DELIVERED,WEST
4311,164.0,2025-10-25 18:03:48,DELIVERED,SOUTH
4312,524.0,2024-08-10 10:53:10,DELIVERED,SOUTH
4313,56.0,2024-09-24 07:51:40,DELIVERED,WEST
4314,913.0,2025-02-18 11:03:48,DELIVERED,SOUTH
4315,677.0,2025-09-12 10:02:08,DELIVERED,NORTH
4316,172.0,2026-04-04 19:31:45,PLACED,EAST
4317,721.0,2024-12-08 18:44:04,DELIVERED,EAST
4318,14.0,2025-12-19 17:45:08,DELIVERED,NORTH
4319,908.0,2025-09-13 00:23:53,SHIPPED,EAST
4320,351.0,2026-01-28 16:10:31,DELIVERED,WEST
4321,481.0,2026-04-26 03:02:00,SHIPPED,WEST
4323,795.0,2025-04-20 17:26:31,PLACED,WEST
4324,157.0,2026-07-02 03:24:47,DELIVERED,SOUTH
4325,151.0,2026-06-10 13:17:45,PLACED,WEST
4326,449.0,2025-01-27 20:07:09,DELIVERED,NORTH
4327,965.0,2025-05-25 10:49:53,DELIVERED,WEST
4328,11.0,2024-10-18 08:35:05,DELIVERED,WEST
4329,484.0,2025-04-12 17:50:09,DELIVERED,NORTH
4330,597.0,2024-07-25 23:11:45,DELIVERED,EAST
4331,702.0,2025-03-21 03:13:03,DELIVERED,EAST
4332,409.0,2025-11-24 20:30:05,DELIVERED,EAST
4333,535.0,2025-12-08 19:03:55,SHIPPED,NORTH
4334,799.0,2025-09-24 22:31:21,DELIVERED,NORTH
4335,41.0,2025-01-28 01:23:22,DELIVERED,NORTH
4336,293.0,2024-10-22 23:24:11,DELIVERED,EAST
4337,612.0,2025-06-21 20:55:06,DELIVERED,EAST
4338,686.0,2024-10-19 00:42:25,PLACED,NORTH
4339,481.0,2025-12-14 04:21:36,DELIVERED,EAST
4341,168.0,2025-02-22 05:19:10,SHIPPED,SOUTH
4343,640.0,2025-07-08 20:16:54,DELIVERED,EAST
4344,889.0,2025-12-21 16:20:27,DELIVERED,WEST
4345,261.0,2026-02-03 07:04:51,SHIPPED,EAST
4346,170.0,2026-04-18 15:07:33,SHIPPED,EAST
4347,217.0,2026-04-14 19:04:24,DELIVERED,EAST
4348,920.0,2025-01-02 03:33:18,CANCELLED,SOUTH
4349,809.0,2025-04-20 02:16:30,DELIVERED,WEST
4350,118.0,2024-07-23 00:16:03,DELIVERED,NORTH
4351,328.0,2025-01-19 06:14:50,DELIVERED,WEST
4352,674.0,2026-03-26 16:01:59,SHIPPED,WEST
4353,81.0,2025-06-17 17:21:08,PLACED,NORTH
4354,840.0,2026-06-02 11:07:46,SHIPPED,NORTH
4355,455.0,2025-11-19 18:40:33,DELIVERED,WEST
4356,265.0,2024-08-15 20:21:42,SHIPPED,WEST
4357,112.0,2025-04-22 05:48:57,DELIVERED,NORTH
4358,531.0,2025-04-21 03:55:24,PLACED,EAST
4359,435.0,2025-08-16 03:26:41,DELIVERED,EAST
4360,839.0,2025-08-04 01:37:53,DELIVERED,WEST
4361,682.0,2025-08-15 07:47:39,DELIVERED,SOUTH
4362,710.0,2025-02-16 05:01:32,DELIVERED,NORTH
4363,152.0,2025-02-02 12:43:01,SHIPPED,WEST
4364,138.0,2025-12-06 00:01:23,SHIPPED,SOUTH
4365,530.0,2024-07-26 11:31:28,CANCELLED,NORTH
4366,145.0,2025-02-23 06:36:53,DELIVERED,WEST
4367,262.0,2025-05-25 00:14:21,DELIVERED,WEST
4369,561.0,2025-10-22 04:29:24,RETURNED,SOUTH
4370,441.0,2025-09-25 07:36:16,DELIVERED,NORTH
4371,353.0,2024-07-30 20:02:15,DELIVERED,WEST
4372,966.0,2026-01-03 15:22:44,DELIVERED,WEST
4373,555.0,2026-04-30 08:57:24,DELIVERED,EAST
4374,265.0,2025-04-17 02:54:26,RETURNED,SOUTH
4375,119.0,2024-08-21 11:59:10,SHIPPED,SOUTH
4376,912.0,2025-09-30 13:25:48,RETURNED,WEST
4377,465.0,2024-10-21 13:23:42,RETURNED,SOUTH
4378,918.0,2025-12-05 00:59:35,SHIPPED,EAST
4379,541.0,2026-06-01 00:12:22,DELIVERED,WEST
4380,686.0,2025-06-16 12:21:36,DELIVERED,EAST
4381,823.0,2025-08-17 23:52:27,DELIVERED,SOUTH
4382,64.0,2025-09-07 00:58:30,PLACED,WEST
4383,259.0,2024-11-13 09:17:10,RETURNED,NORTH
4384,135.0,2025-06-11 18:34:24,CANCELLED,SOUTH
4385,219.0,2026-06-09 01:16:26,SHIPPED,WEST
4386,424.0,2024-11-09 23:44:57,SHIPPED,EAST
4387,883.0,2026-06-07 06:39:25,SHIPPED,NORTH
4388,716.0,2024-11-11 14:51:23,SHIPPED,WEST
4389,818.0,2025-11-03 19:16:31,PLACED,EAST
4390,883.0,2026-01-22 00:41:05,DELIVERED,EAST
4391,726.0,2025-07-18 13:02:05,CANCELLED,SOUTH
4392,565.0,2024-09-22 14:52:25,SHIPPED,SOUTH
4393,536.0,2025-10-17 23:58:12,DELIVERED,EAST
4394,629.0,2025-04-30 23:01:14,DELIVERED,EAST
4395,514.0,2024-11-23 03:28:28,DELIVERED,EAST
4396,37.0,2025-01-22 23:35:17,PLACED,SOUTH
4397,172.0,2025-10-02 01:12:38,DELIVERED,WEST
4398,752.0,2026-02-16 10:47:44,DELIVERED,NORTH
4399,443.0,2025-08-26 13:01:50,RETURNED,SOUTH
4400,952.0,2025-06-01 04:16:01,DELIVERED,WEST
4401,720.0,2024-10-31 00:06:20,DELIVERED,WEST
4402,30.0,2025-07-12 13:15:15,DELIVERED,WEST
4403,232.0,2025-08-30 21:03:30,PLACED,NORTH
4404,682.0,2024-08-02 19:35:40,SHIPPED,EAST
4405,773.0,2025-02-26 07:34:03,DELIVERED,WEST
4406,913.0,2024-12-06 09:21:48,DELIVERED,WEST
4407,731.0,2025-11-26 02:33:49,DELIVERED,EAST
4408,723.0,2025-02-07 13:53:33,CANCELLED,WEST
4409,652.0,2024-07-21 20:12:34,DELIVERED,WEST
4410,24.0,2025-05-07 12:18:36,SHIPPED,SOUTH
4411,346.0,2025-03-23 15:05:03,DELIVERED,SOUTH
4412,815.0,2025-01-19 16:31:50,DELIVERED,NORTH
4413,107.0,2026-05-21 15:19:03,DELIVERED,NORTH
4414,598.0,2025-07-07 06:14:48,SHIPPED,WEST
4415,401.0,2024-09-01 11:32:06,DELIVERED,NORTH
4416,989.0,2026-04-08 15:57:51,DELIVERED,WEST
4417,234.0,2025-04-26 11:29:46,DELIVERED,NORTH
4418,167.0,2026-05-20 22:56:13,DELIVERED,WEST
4419,449.0,2025-03-08 14:46:40,DELIVERED,SOUTH
4420,630.0,2026-02-20 19:53:18,DELIVERED,EAST
4421,432.0,2024-08-11 14:06:17,PLACED,EAST
4422,88.0,2025-12-02 10:38:56,SHIPPED,SOUTH
4423,30.0,2026-05-17 23:20:16,CANCELLED,WEST
4424,778.0,2026-03-04 21:32:21,SHIPPED,WEST
4425,55.0,2025-11-10 02:49:46,DELIVERED,NORTH
4427,287.0,2024-08-27 03:49:13,DELIVERED,NORTH
4428,672.0,2025-08-11 02:58:51,DELIVERED,NORTH
4429,949.0,2024-09-03 07:23:48,DELIVERED,EAST
4430,939.0,2025-07-03 07:41:55,DELIVERED,WEST
4431,352.0,2026-04-20 12:39:55,DELIVERED,EAST
4432,665.0,2025-07-30 17:21:49,SHIPPED,NORTH
4433,308.0,2026-01-17 06:15:54,RETURNED,EAST
4434,573.0,2025-01-07 22:39:19,SHIPPED,EAST
4435,874.0,2024-10-04 22:08:44,DELIVERED,NORTH
4436,916.0,2025-08-22 05:14:00,RETURNED,SOUTH
4437,77.0,2025-05-24 07:22:54,DELIVERED,SOUTH
4438,853.0,2024-10-23 11:57:42,DELIVERED,EAST
4439,824.0,2026-02-05 09:12:13,DELIVERED,WEST
4440,784.0,2025-02-04 18:00:32,SHIPPED,SOUTH
4441,59.0,2025-09-25 02:36:03,DELIVERED,SOUTH
4442,960.0,2025-03-09 14:16:26,RETURNED,EAST
4444,660.0,2025-08-01 21:51:04,DELIVERED,NORTH
4445,734.0,2025-05-07 12:31:37,PLACED,SOUTH
4446,586.0,2025-02-19 21:46:43,DELIVERED,EAST
4447,490.0,2024-09-07 23:31:52,SHIPPED,SOUTH
4449,801.0,2025-12-29 01:12:03,DELIVERED,SOUTH
4450,515.0,2026-04-17 22:12:06,SHIPPED,WEST
4451,914.0,2026-04-04 21:24:19,PLACED,WEST
4452,840.0,2024-12-20 05:20:36,SHIPPED,SOUTH
4453,905.0,2026-03-23 03:12:24,PLACED,SOUTH
4455,974.0,2025-06-04 07:47:15,DELIVERED,NORTH
4456,694.0,2026-03-20 15:49:18,SHIPPED,NORTH
4457,111.0,2026-04-12 15:26:47,PLACED,SOUTH
4458,223.0,2025-01-18 07:51:10,DELIVERED,SOUTH
4459,983.0,2026-04-21 22:02:38,DELIVERED,WEST
4460,308.0,2025-01-02 05:24:30,DELIVERED,NORTH
4461,88.0,2025-06-11 10:01:37,DELIVERED,NORTH
4462,910.0,2024-08-13 15:32:53,SHIPPED,EAST
4463,31.0,2026-04-13 03:35:35,DELIVERED,NORTH
4464,255.0,2024-10-24 19:34:23,DELIVERED,WEST
4466,847.0,2025-06-22 19:29:40,DELIVERED,SOUTH
4467,881.0,2026-05-30 23:57:50,PLACED,WEST
4469,516.0,2025-08-29 15:52:57,RETURNED,NORTH
4470,911.0,2026-02-04 06:23:41,DELIVERED,NORTH
4471,778.0,2024-11-10 08:38:56,DELIVERED,SOUTH
4473,612.0,2025-08-14 03:56:47,DELIVERED,SOUTH
4474,141.0,2026-06-17 19:52:32,DELIVERED,NORTH
4476,594.0,2025-01-04 01:01:56,SHIPPED,NORTH
4477,203.0,2025-10-19 14:52:02,SHIPPED,NORTH
4478,416.0,2026-02-19 13:16:24,DELIVERED,EAST
4479,555.0,2026-04-05 09:45:33,DELIVERED,SOUTH
4481,872.0,2025-06-18 23:26:57,DELIVERED,SOUTH
4482,564.0,2025-11-26 18:16:57,DELIVERED,NORTH
4483,788.0,2025-09-27 19:46:57,DELIVERED,NORTH
4484,942.0,2025-11-16 14:59:17,DELIVERED,SOUTH
4485,556.0,2025-03-25 22:28:46,DELIVERED,SOUTH
4486,577.0,2026-05-18 01:00:59,RETURNED,NORTH
4488,921.0,2025-02-11 12:52:37,DELIVERED,EAST
4489,237.0,2026-04-04 12:48:42,PLACED,SOUTH
4490,341.0,2025-11-26 15:09:43,DELIVERED,WEST
4492,795.0,2026-04-11 04:04:04,DELIVERED,SOUTH
4493,724.0,2025-03-14 00:38:59,DELIVERED,NORTH
4494,552.0,2025-10-24 10:56:17,DELIVERED,NORTH
4495,899.0,2025-06-21 08:17:56,DELIVERED,WEST
4496,23.0,2024-09-23 01:44:06,DELIVERED,EAST
4497,360.0,2025-04-10 17:45:21,DELIVERED,SOUTH
4498,772.0,2024-10-07 07:41:05,DELIVERED,SOUTH
4499,92.0,2026-06-06 00:55:19,SHIPPED,EAST
4500,323.0,2025-01-08 04:02:00,DELIVERED,WEST
4501,30.0,2025-07-04 16:16:26,DELIVERED,NORTH
4502,424.0,2025-04-17 22:08:28,DELIVERED,SOUTH
4503,992.0,2024-12-22 00:17:36,DELIVERED,EAST
4504,708.0,2025-12-15 22:38:20,RETURNED,WEST
4505,823.0,2025-02-05 16:29:02,SHIPPED,EAST
4506,896.0,2025-10-02 03:36:02,DELIVERED,WEST
4508,941.0,2025-06-21 04:47:10,SHIPPED,SOUTH
4509,710.0,2025-03-27 14:05:33,DELIVERED,NORTH
4510,836.0,2026-03-30 23:56:52,SHIPPED,WEST
4511,35.0,2026-04-29 00:11:39,DELIVERED,EAST
4512,591.0,2025-12-14 23:12:59,DELIVERED,SOUTH
4513,364.0,2025-12-05 11:10:09,DELIVERED,EAST
4514,856.0,2025-04-23 01:30:46,DELIVERED,EAST
4515,134.0,2025-02-07 10:49:28,PLACED,NORTH
4516,991.0,2025-05-31 21:55:07,DELIVERED,NORTH
4517,458.0,2024-09-29 16:49:08,DELIVERED,EAST
4518,327.0,2024-08-27 18:42:27,DELIVERED,WEST
4519,565.0,2025-02-04 20:40:41,SHIPPED,WEST
4520,704.0,2026-02-05 12:53:29,PLACED,WEST
4522,346.0,2024-08-06 08:41:09,DELIVERED,SOUTH
4524,93.0,2025-03-03 22:59:43,SHIPPED,SOUTH
4525,360.0,2026-01-23 09:37:03,DELIVERED,SOUTH
4526,495.0,2024-12-20 08:25:08,DELIVERED,EAST
4527,675.0,2024-12-31 07:47:16,SHIPPED,SOUTH
4529,484.0,2024-10-19 06:15:27,DELIVERED,SOUTH
4530,747.0,2025-07-09 02:39:59,DELIVERED,WEST
4531,692.0,2024-07-31 14:41:42,SHIPPED,NORTH
4532,591.0,2025-03-02 03:08:34,SHIPPED,EAST
4533,264.0,2026-02-08 04:33:02,PLACED,NORTH
4534,877.0,2026-05-05 08:53:03,DELIVERED,EAST
4535,177.0,2025-09-14 18:48:27,CANCELLED,SOUTH
4536,833.0,2024-12-08 05:24:18,DELIVERED,EAST
4537,190.0,2025-09-07 19:38:22,DELIVERED,EAST
4538,859.0,2025-01-28 08:30:35,PLACED,WEST
4539,909.0,2024-08-31 02:29:28,SHIPPED,EAST
4540,161.0,2025-03-05 10:47:14,DELIVERED,NORTH
4541,168.0,2026-02-14 02:22:59,DELIVERED,NORTH
4542,682.0,2025-12-06 09:12:36,SHIPPED,WEST
4543,737.0,2025-10-09 19:34:10,SHIPPED,EAST
4544,420.0,2025-07-05 21:07:44,DELIVERED,SOUTH
4545,787.0,2025-11-15 19:16:36,SHIPPED,WEST
4548,722.0,2024-09-29 10:48:33,CANCELLED,SOUTH
4549,511.0,2026-04-28 09:39:51,DELIVERED,SOUTH
4550,278.0,2025-11-06 16:03:22,DELIVERED,WEST
4551,554.0,2025-04-15 00:51:13,DELIVERED,WEST
4552,873.0,2024-12-11 12:36:24,DELIVERED,EAST
4553,453.0,2025-02-22 18:31:25,DELIVERED,EAST
4554,613.0,2025-04-10 18:38:31,DELIVERED,EAST
4555,592.0,2025-09-18 09:35:12,DELIVERED,SOUTH
4556,784.0,2025-04-17 09:57:56,SHIPPED,SOUTH
4557,232.0,2025-03-20 02:30:40,DELIVERED,EAST
4558,976.0,2025-09-16 10:32:41,SHIPPED,NORTH
4559,733.0,2026-05-06 09:40:35,DELIVERED,EAST
4560,41.0,2025-08-06 20:18:44,PLACED,EAST
4561,153.0,2025-07-27 07:35:52,DELIVERED,NORTH
4562,726.0,2025-03-19 17:00:10,DELIVERED,NORTH
4563,818.0,2025-05-24 18:32:39,SHIPPED,WEST
4564,214.0,2026-05-08 21:19:28,SHIPPED,EAST
4565,546.0,2026-03-28 04:24:39,SHIPPED,SOUTH
4566,917.0,2025-11-17 05:14:19,SHIPPED,SOUTH
4567,769.0,2024-07-26 15:28:06,SHIPPED,SOUTH
4568,845.0,2025-04-25 11:23:27,DELIVERED,NORTH
4569,599.0,2024-11-28 15:03:50,SHIPPED,NORTH
4570,457.0,2024-10-12 10:02:24,SHIPPED,SOUTH
4571,648.0,2025-02-15 21:56:21,DELIVERED,EAST
4572,650.0,2026-05-28 22:56:28,DELIVERED,WEST
4573,641.0,2025-10-24 16:44:26,SHIPPED,NORTH
4574,821.0,2025-06-04 13:30:31,DELIVERED,NORTH
4575,432.0,2024-09-02 05:17:46,PLACED,WEST
4576,865.0,2024-09-01 03:30:30,DELIVERED,SOUTH
4577,502.0,2026-05-25 13:34:56,SHIPPED,SOUTH
4578,31.0,2026-06-04 00:59:21,DELIVERED,WEST
4579,993.0,2026-05-09 14:49:40,DELIVERED,EAST
4580,270.0,2025-12-11 13:52:37,RETURNED,SOUTH
4581,586.0,2025-05-27 01:00:33,DELIVERED,WEST
4582,694.0,2026-01-07 11:31:03,DELIVERED,NORTH
4583,24.0,2025-05-17 00:12:05,DELIVERED,WEST
4584,818.0,2026-03-01 06:41:09,DELIVERED,NORTH
4585,12.0,2025-10-27 11:12:57,CANCELLED,WEST
4586,786.0,2025-12-16 19:00:26,SHIPPED,EAST
4587,483.0,2025-06-02 17:23:13,DELIVERED,WEST
4588,573.0,2026-06-27 04:01:30,PLACED,NORTH
4589,343.0,2026-05-23 15:50:08,DELIVERED,SOUTH
4590,334.0,2025-05-22 08:32:25,SHIPPED,WEST
4591,587.0,2024-07-27 15:16:22,DELIVERED,EAST
4593,762.0,2026-05-21 04:55:04,DELIVERED,EAST
4594,482.0,2024-08-26 19:56:29,PLACED,SOUTH
4595,94.0,2026-06-13 22:52:57,DELIVERED,WEST
4596,390.0,2024-10-21 15:27:15,DELIVERED,SOUTH
4597,400.0,2025-06-01 00:22:51,DELIVERED,SOUTH
4598,748.0,2026-06-29 22:06:39,DELIVERED,SOUTH
4599,67.0,2024-10-07 19:49:42,DELIVERED,NORTH
4601,213.0,2025-02-26 00:34:24,DELIVERED,EAST
4602,459.0,2025-06-09 07:18:14,DELIVERED,SOUTH
4603,527.0,2026-04-08 19:29:21,CANCELLED,NORTH
4604,442.0,2024-08-06 03:21:02,DELIVERED,NORTH
4605,508.0,2025-11-25 21:55:38,CANCELLED,EAST
4606,573.0,2024-07-28 02:49:06,DELIVERED,SOUTH
4607,429.0,2026-02-09 06:04:46,DELIVERED,WEST
4608,706.0,2026-02-17 10:35:38,DELIVERED,NORTH
4609,806.0,2024-11-08 13:18:20,SHIPPED,NORTH
4610,399.0,2026-04-08 21:45:43,PLACED,SOUTH
4611,819.0,2025-02-20 13:21:42,DELIVERED,SOUTH
4612,281.0,2025-12-15 03:14:42,PLACED,WEST
4613,634.0,2025-07-14 03:11:02,SHIPPED,EAST
4614,246.0,2025-02-02 23:44:32,DELIVERED,WEST
4615,822.0,2025-01-29 12:53:51,SHIPPED,SOUTH
4616,896.0,2025-05-02 15:00:38,DELIVERED,EAST
4617,115.0,2024-12-23 14:11:35,DELIVERED,NORTH
4619,318.0,2024-12-13 04:09:39,DELIVERED,EAST
4620,61.0,2026-06-21 06:52:58,DELIVERED,WEST
4621,936.0,2024-09-20 00:26:03,DELIVERED,WEST
4622,182.0,2025-03-19 05:21:18,RETURNED,SOUTH
4623,836.0,2025-09-26 16:07:15,RETURNED,WEST
4624,729.0,2024-09-27 06:34:18,DELIVERED,NORTH
4626,382.0,2026-01-18 01:38:42,DELIVERED,WEST
4628,27.0,2025-07-08 12:03:05,DELIVERED,SOUTH
4629,12.0,2026-01-02 12:05:03,PLACED,SOUTH
4630,831.0,2025-10-25 17:08:26,RETURNED,NORTH
4631,573.0,2026-01-08 22:40:44,DELIVERED,NORTH
4632,623.0,2025-10-26 04:17:29,SHIPPED,WEST
4633,742.0,2024-11-12 18:48:43,DELIVERED,NORTH
4634,758.0,2025-02-08 03:14:09,CANCELLED,WEST
4635,84.0,2025-10-11 23:52:18,DELIVERED,WEST
4637,770.0,2025-09-28 08:37:52,DELIVERED,EAST
4639,606.0,2024-12-29 14:50:05,PLACED,SOUTH
4640,362.0,2024-08-28 02:05:33,DELIVERED,EAST
4642,483.0,2026-06-27 16:38:50,DELIVERED,SOUTH
4643,262.0,2026-06-16 19:41:31,SHIPPED,SOUTH
4644,808.0,2026-03-08 04:14:10,PLACED,SOUTH
4645,398.0,2025-07-03 10:53:38,CANCELLED,WEST
4646,690.0,2025-10-18 23:18:23,DELIVERED,NORTH
4647,65.0,2026-04-21 01:13:18,DELIVERED,SOUTH
4648,728.0,2025-07-21 02:28:24,DELIVERED,SOUTH
4649,187.0,2024-08-19 21:17:22,DELIVERED,WEST
4650,938.0,2026-05-13 12:38:11,SHIPPED,NORTH
4651,836.0,2026-01-08 14:00:45,DELIVERED,NORTH
4652,903.0,2025-05-26 06:36:22,SHIPPED,WEST
4653,50.0,2025-03-14 23:27:27,DELIVERED,NORTH
4654,773.0,2025-03-04 01:07:07,DELIVERED,NORTH
4655,281.0,2026-01-16 10:52:49,DELIVERED,NORTH
4656,766.0,2025-03-19 08:19:49,PLACED,NORTH
4657,512.0,2025-11-29 01:40:16,DELIVERED,SOUTH
4658,578.0,2025-08-19 15:00:08,DELIVERED,NORTH
4659,12.0,2025-04-22 10:18:52,DELIVERED,NORTH
4660,135.0,2026-07-09 11:32:10,DELIVERED,WEST
4661,226.0,2024-08-23 09:53:18,CANCELLED,EAST
4662,42.0,2025-04-26 08:23:34,RETURNED,NORTH
4664,667.0,2025-11-13 07:48:43,DELIVERED,SOUTH
4665,643.0,2025-10-29 03:09:44,DELIVERED,NORTH
4666,826.0,2024-12-25 03:15:43,DELIVERED,EAST
4667,538.0,2025-01-08 18:17:35,DELIVERED,EAST
4668,385.0,2025-05-21 06:54:51,CANCELLED,SOUTH
4669,986.0,2024-07-13 06:41:07,DELIVERED,WEST
4670,777.0,2025-03-02 08:04:22,DELIVERED,WEST
4671,787.0,2024-11-27 21:37:28,SHIPPED,WEST
4672,609.0,2026-02-21 01:22:16,DELIVERED,WEST
4673,128.0,2025-03-07 15:34:58,DELIVERED,WEST
4674,303.0,2025-11-02 05:14:10,DELIVERED,WEST
4675,212.0,2025-10-25 09:01:48,DELIVERED,EAST
4676,208.0,2025-12-30 19:24:15,DELIVERED,NORTH
4678,900.0,2024-10-17 05:29:45,DELIVERED,NORTH
4679,154.0,2025-01-17 21:45:18,DELIVERED,SOUTH
4680,786.0,2024-10-16 05:09:24,DELIVERED,EAST
4681,18.0,2024-08-23 11:52:46,DELIVERED,EAST
4682,249.0,2025-03-04 01:51:01,DELIVERED,NORTH
4683,905.0,2026-04-10 02:12:52,SHIPPED,EAST
4684,232.0,2025-09-20 16:54:57,SHIPPED,NORTH
4685,32.0,2024-09-20 06:55:10,DELIVERED,SOUTH
4686,929.0,2025-02-20 14:22:06,DELIVERED,WEST
4687,494.0,2025-04-08 22:38:59,DELIVERED,EAST
4689,223.0,2024-11-08 12:44:33,DELIVERED,NORTH
4690,669.0,2024-10-23 13:35:34,DELIVERED,WEST
4691,319.0,2024-09-14 13:02:02,RETURNED,WEST
4692,696.0,2025-03-29 06:40:50,DELIVERED,EAST
4693,892.0,2025-02-23 21:05:01,SHIPPED,EAST
4694,974.0,2026-01-18 05:47:49,DELIVERED,WEST
4695,153.0,2026-02-27 13:16:47,SHIPPED,EAST
4696,120.0,2026-06-04 15:16:46,DELIVERED,SOUTH
4697,340.0,2025-11-21 12:25:05,DELIVERED,SOUTH
4698,540.0,2024-07-13 12:32:28,SHIPPED,EAST
4699,485.0,2024-10-08 00:01:40,DELIVERED,SOUTH
4700,994.0,2026-05-22 02:10:59,DELIVERED,WEST
4701,682.0,2025-09-08 17:42:57,DELIVERED,NORTH
4702,842.0,2024-10-25 07:11:03,DELIVERED,SOUTH
4703,796.0,2024-08-06 02:33:39,SHIPPED,NORTH
4704,303.0,2025-10-22 20:57:48,SHIPPED,EAST
4706,365.0,2025-11-08 14:12:46,DELIVERED,EAST
4707,473.0,2024-10-30 22:58:22,SHIPPED,WEST
4708,126.0,2025-06-11 17:26:51,SHIPPED,SOUTH
4709,805.0,2024-10-02 22:59:08,DELIVERED,WEST
4711,309.0,2025-07-28 12:03:46,DELIVERED,EAST
4712,735.0,2026-02-21 10:34:11,DELIVERED,NORTH
4713,488.0,2024-12-05 13:04:32,DELIVERED,SOUTH
4714,587.0,2026-07-05 09:53:55,SHIPPED,WEST
4715,941.0,2024-10-13 10:11:13,CANCELLED,NORTH
4716,216.0,2026-05-29 17:20:58,SHIPPED,EAST
4717,42.0,2025-12-13 15:49:27,SHIPPED,SOUTH
4718,320.0,2024-08-23 20:59:28,DELIVERED,SOUTH
4719,569.0,2024-08-27 08:35:46,DELIVERED,WEST
4720,471.0,2026-02-11 12:34:13,DELIVERED,EAST
4721,4.0,2024-08-03 04:15:03,RETURNED,SOUTH
4722,563.0,2024-12-06 13:29:00,RETURNED,SOUTH
4723,849.0,2026-02-22 16:41:49,DELIVERED,SOUTH
4724,810.0,2025-02-10 21:45:36,DELIVERED,SOUTH
4725,203.0,2024-09-05 07:20:38,DELIVERED,EAST
4726,859.0,2024-12-26 00:56:25,DELIVERED,WEST
4727,990.0,2025-10-04 15:29:20,DELIVERED,SOUTH
4728,208.0,2025-02-16 14:06:39,SHIPPED,EAST
4729,745.0,2026-02-07 14:40:05,DELIVERED,NORTH
4730,674.0,2025-04-13 11:29:27,DELIVERED,NORTH
4732,699.0,2024-08-13 10:30:01,PLACED,SOUTH
4733,259.0,2026-07-11 11:28:00,PLACED,WEST
4734,594.0,2025-04-29 14:03:46,RETURNED,EAST
4735,265.0,2024-08-21 04:55:44,DELIVERED,SOUTH
4736,214.0,2024-10-14 09:15:57,CANCELLED,WEST
4737,509.0,2024-08-20 06:08:46,DELIVERED,WEST
4738,375.0,2026-02-19 06:35:07,DELIVERED,NORTH
4739,795.0,2024-09-18 23:47:21,RETURNED,NORTH
4740,226.0,2025-12-18 17:51:23,PLACED,EAST
4741,806.0,2026-02-07 13:39:39,SHIPPED,NORTH
4742,502.0,2025-11-29 11:07:57,DELIVERED,NORTH
4743,84.0,2025-11-09 09:30:41,DELIVERED,NORTH
4744,188.0,2025-03-04 14:49:02,SHIPPED,SOUTH
4745,268.0,2024-07-22 21:20:01,PLACED,WEST
4746,957.0,2025-10-06 10:23:10,DELIVERED,WEST
4747,19.0,2026-04-12 21:00:32,DELIVERED,NORTH
4748,928.0,2025-11-26 01:30:42,CANCELLED,WEST
4749,962.0,2024-08-26 11:56:03,SHIPPED,WEST
4750,38.0,2025-08-24 12:37:00,PLACED,SOUTH
4751,470.0,2025-11-14 16:21:18,DELIVERED,NORTH
4752,818.0,2025-08-08 13:43:09,RETURNED,EAST
4753,636.0,2025-06-07 19:05:42,DELIVERED,EAST
4754,699.0,2025-09-14 08:33:31,DELIVERED,WEST
4755,122.0,2026-05-14 23:35:24,DELIVERED,NORTH
4756,478.0,2025-02-24 08:36:01,DELIVERED,WEST
4758,36.0,2026-06-10 20:05:56,DELIVERED,WEST
4759,356.0,2025-02-11 13:40:45,DELIVERED,EAST
4760,972.0,2025-03-10 22:53:56,DELIVERED,EAST
4761,509.0,2025-10-11 20:10:10,SHIPPED,WEST
4762,674.0,2024-12-29 15:33:32,DELIVERED,WEST
4763,818.0,2024-10-01 08:49:17,DELIVERED,WEST
4764,266.0,2024-10-07 04:53:05,RETURNED,NORTH
4765,863.0,2025-05-21 02:22:54,SHIPPED,WEST
4766,885.0,2025-05-12 20:35:59,DELIVERED,EAST
4768,280.0,2024-07-26 07:57:25,DELIVERED,EAST
4769,658.0,2026-06-01 10:27:46,PLACED,WEST
4770,358.0,2025-04-03 16:25:18,PLACED,WEST
4771,384.0,2024-11-09 01:11:58,DELIVERED,EAST
4772,595.0,2025-12-21 05:21:43,SHIPPED,WEST
4773,311.0,2026-06-14 12:50:12,DELIVERED,EAST
4774,30.0,2024-11-22 04:45:59,PLACED,EAST
4775,2.0,2024-12-21 14:07:17,SHIPPED,EAST
4776,322.0,2025-12-23 17:20:58,DELIVERED,WEST
4777,236.0,2024-09-24 13:05:55,DELIVERED,SOUTH
4778,299.0,2025-05-26 20:43:14,DELIVERED,EAST
4779,808.0,2025-02-11 18:24:04,DELIVERED,NORTH
4780,872.0,2024-08-21 15:23:22,DELIVERED,WEST
4781,344.0,2024-07-28 13:31:31,DELIVERED,EAST
4782,72.0,2025-05-26 10:34:57,SHIPPED,WEST
4783,495.0,2026-04-06 07:14:37,DELIVERED,EAST
4784,307.0,2026-01-01 13:48:56,DELIVERED,WEST
4785,481.0,2026-02-11 14:40:09,SHIPPED,NORTH
4786,270.0,2025-05-11 10:56:55,DELIVERED,EAST
4787,970.0,2025-03-06 11:54:00,DELIVERED,NORTH
4788,934.0,2025-10-21 10:17:58,DELIVERED,SOUTH
4790,775.0,2026-04-30 00:35:32,DELIVERED,NORTH
4791,615.0,2025-09-12 20:42:41,DELIVERED,NORTH
4792,584.0,2024-11-18 00:30:45,DELIVERED,EAST
4793,603.0,2025-02-05 14:17:27,DELIVERED,SOUTH
4794,255.0,2026-05-04 14:54:09,DELIVERED,EAST
4796,772.0,2024-10-01 13:08:43,SHIPPED,NORTH
4797,274.0,2026-06-17 04:57:37,DELIVERED,SOUTH
4798,698.0,2025-05-14 15:38:14,DELIVERED,SOUTH
4799,234.0,2024-08-09 15:07:26,DELIVERED,SOUTH
4800,887.0,2025-01-02 15:35:19,DELIVERED,EAST
4801,636.0,2024-08-26 18:19:04,PLACED,NORTH
4802,888.0,2025-12-06 05:52:53,DELIVERED,WEST
4803,263.0,2025-12-30 22:14:59,DELIVERED,EAST
4804,515.0,2025-07-06 01:20:50,RETURNED,NORTH
4805,675.0,2025-10-30 23:24:39,DELIVERED,SOUTH
4807,866.0,2026-06-02 21:26:41,DELIVERED,NORTH
4808,371.0,2024-10-30 20:49:50,DELIVERED,SOUTH
4809,613.0,2025-11-22 05:23:53,SHIPPED,NORTH
4810,843.0,2024-12-03 15:39:37,DELIVERED,WEST
4811,993.0,2025-01-11 09:24:04,DELIVERED,NORTH
4812,282.0,2025-07-12 15:13:36,DELIVERED,WEST
4813,168.0,2025-10-09 19:48:09,RETURNED,EAST
4814,572.0,2024-10-31 22:38:44,PLACED,SOUTH
4815,681.0,2024-07-17 12:11:34,PLACED,WEST
4816,130.0,2025-09-29 16:44:30,DELIVERED,NORTH
4817,34.0,2026-03-05 14:24:32,PLACED,EAST
4818,295.0,2024-09-13 03:55:16,DELIVERED,WEST
4819,498.0,2024-11-25 11:21:37,DELIVERED,SOUTH
4820,734.0,2025-11-19 00:24:02,SHIPPED,NORTH
4821,87.0,2024-07-17 16:53:55,DELIVERED,SOUTH
4822,892.0,2024-11-30 20:27:04,DELIVERED,EAST
4823,101.0,2025-01-19 09:33:52,DELIVERED,WEST
4824,793.0,2025-12-08 03:33:33,DELIVERED,EAST
4825,606.0,2025-06-27 10:37:10,DELIVERED,WEST
4826,873.0,2024-08-26 21:01:27,DELIVERED,WEST
4828,289.0,2025-10-18 09:21:22,DELIVERED,EAST
4829,523.0,2025-09-16 04:34:51,SHIPPED,EAST
4831,370.0,2026-04-28 22:35:01,DELIVERED,SOUTH
4832,341.0,2025-03-30 13:36:29,PLACED,SOUTH
4833,458.0,2025-11-18 00:51:02,DELIVERED,WEST
4834,957.0,2024-07-28 12:05:21,DELIVERED,EAST
4835,726.0,2026-02-20 05:21:12,DELIVERED,EAST
4836,832.0,2025-01-22 19:09:55,DELIVERED,NORTH
4838,292.0,2025-05-16 22:46:20,DELIVERED,WEST
4839,272.0,2025-08-12 09:57:56,SHIPPED,WEST
4840,695.0,2024-10-29 21:21:33,DELIVERED,WEST
4841,338.0,2024-12-23 05:02:50,CANCELLED,SOUTH
4842,442.0,2025-12-13 01:56:23,DELIVERED,WEST
4843,802.0,2025-03-31 15:35:22,SHIPPED,SOUTH
4844,407.0,2026-05-18 23:06:43,CANCELLED,EAST
4845,711.0,2025-08-21 08:55:41,DELIVERED,NORTH
4846,290.0,2026-04-17 10:53:30,SHIPPED,EAST
4847,638.0,2026-06-07 20:05:23,DELIVERED,WEST
4848,982.0,2025-03-23 12:58:14,RETURNED,SOUTH
4849,814.0,2024-11-05 23:33:20,DELIVERED,WEST
4850,56.0,2024-08-27 04:52:13,DELIVERED,NORTH
4851,823.0,2026-01-16 23:08:21,DELIVERED,NORTH
4852,82.0,2025-03-08 07:15:03,DELIVERED,WEST
4853,785.0,2026-05-03 00:37:49,DELIVERED,SOUTH
4854,570.0,2025-09-15 19:27:56,CANCELLED,SOUTH
4855,685.0,2025-03-06 19:04:16,DELIVERED,EAST
4856,26.0,2025-03-10 23:49:11,DELIVERED,SOUTH
4857,96.0,2024-07-16 11:55:43,SHIPPED,SOUTH
4858,50.0,2024-11-22 17:21:08,DELIVERED,SOUTH
4859,964.0,2025-08-09 17:38:06,DELIVERED,SOUTH
4860,682.0,2024-09-18 09:23:46,DELIVERED,WEST
4861,967.0,2025-12-06 02:53:03,DELIVERED,SOUTH
4862,291.0,2024-07-17 17:15:11,PLACED,WEST
4863,443.0,2025-06-14 06:29:26,SHIPPED,SOUTH
4864,557.0,2025-10-15 16:15:56,PLACED,EAST
4865,785.0,2025-03-20 21:35:17,SHIPPED,WEST
4866,869.0,2024-09-10 14:30:35,DELIVERED,SOUTH
4867,614.0,2025-06-12 10:46:31,DELIVERED,EAST
4868,700.0,2025-01-30 02:28:13,DELIVERED,EAST
4869,581.0,2024-11-29 01:16:40,DELIVERED,NORTH
4870,973.0,2025-10-02 18:49:27,SHIPPED,EAST
4871,830.0,2025-04-06 11:10:27,DELIVERED,SOUTH
4872,286.0,2024-09-06 05:13:46,DELIVERED,NORTH
4873,962.0,2024-10-28 13:56:25,DELIVERED,WEST
4874,684.0,2025-01-03 16:05:43,RETURNED,NORTH
4875,551.0,2025-02-06 19:49:13,DELIVERED,SOUTH
4876,791.0,2025-06-20 14:24:35,DELIVERED,EAST
4877,503.0,2025-06-26 02:05:23,SHIPPED,SOUTH
4878,724.0,2026-02-11 05:40:04,RETURNED,NORTH
4879,424.0,2025-05-16 11:09:24,DELIVERED,EAST
4880,251.0,2026-06-29 20:30:22,DELIVERED,WEST
4881,936.0,2026-01-07 14:49:06,DELIVERED,WEST
4882,683.0,2026-02-14 18:37:28,DELIVERED,WEST
4883,576.0,2025-03-19 20:41:00,DELIVERED,NORTH
4884,135.0,2024-10-16 15:26:36,DELIVERED,WEST
4885,262.0,2026-03-08 05:45:36,RETURNED,SOUTH
4886,38.0,2025-08-22 19:05:49,RETURNED,EAST
4887,258.0,2026-01-10 18:21:26,PLACED,SOUTH
4888,702.0,2025-09-11 21:26:50,DELIVERED,NORTH
4889,141.0,2025-08-05 09:02:04,DELIVERED,NORTH
4890,541.0,2025-07-20 18:09:33,PLACED,EAST
4891,643.0,2026-04-26 13:33:51,DELIVERED,EAST
4893,727.0,2025-05-03 15:44:35,DELIVERED,WEST
4894,210.0,2025-09-29 22:31:16,DELIVERED,NORTH
4895,132.0,2024-12-13 03:01:02,PLACED,NORTH
4896,762.0,2025-11-15 19:14:17,PLACED,WEST
4898,922.0,2025-02-25 22:56:39,CANCELLED,WEST
4899,613.0,2024-11-12 19:28:19,DELIVERED,SOUTH
4900,636.0,2026-02-27 01:06:11,DELIVERED,SOUTH
4901,516.0,2026-03-06 17:49:03,CANCELLED,NORTH
4902,491.0,2026-01-23 07:55:21,DELIVERED,SOUTH
4904,563.0,2025-11-15 11:02:52,DELIVERED,SOUTH
4905,113.0,2025-12-30 23:07:35,RETURNED,SOUTH
4907,184.0,2026-01-10 22:38:37,DELIVERED,NORTH
4908,207.0,2026-04-20 20:12:41,RETURNED,EAST
4909,429.0,2025-05-20 10:03:57,DELIVERED,EAST
4910,468.0,2025-01-04 13:45:24,DELIVERED,WEST
4911,485.0,2026-06-15 14:56:27,DELIVERED,NORTH
4914,995.0,2024-12-01 00:08:53,PLACED,WEST
4915,705.0,2024-12-16 00:43:16,RETURNED,EAST
4916,193.0,2024-12-24 20:46:05,DELIVERED,SOUTH
4918,892.0,2025-11-06 11:29:06,DELIVERED,WEST
4919,193.0,2026-04-13 12:37:57,DELIVERED,NORTH
4920,181.0,2026-03-07 00:01:37,DELIVERED,EAST
4921,701.0,2024-12-07 05:46:44,PLACED,NORTH
4922,877.0,2026-01-21 15:53:05,DELIVERED,EAST
4923,34.0,2025-01-24 17:13:03,DELIVERED,SOUTH
4924,794.0,2024-10-07 12:06:09,RETURNED,SOUTH
4925,7.0,2025-11-27 15:16:12,DELIVERED,EAST
4927,790.0,2026-02-27 12:00:05,CANCELLED,NORTH
4928,151.0,2024-11-28 22:49:12,DELIVERED,EAST
4929,114.0,2025-09-24 16:27:23,DELIVERED,SOUTH
4930,697.0,2025-03-30 09:01:15,SHIPPED,WEST
4931,658.0,2026-01-16 00:22:11,DELIVERED,NORTH
4932,620.0,2025-04-05 05:58:01,DELIVERED,WEST
4933,243.0,2026-04-22 02:31:52,SHIPPED,NORTH
4934,703.0,2025-01-09 15:32:01,DELIVERED,NORTH
4935,622.0,2024-12-18 06:07:36,DELIVERED,NORTH
4936,217.0,2024-12-27 12:13:14,DELIVERED,NORTH
4937,731.0,2026-05-25 18:34:17,PLACED,EAST
4938,821.0,2025-01-26 11:48:43,DELIVERED,SOUTH
4939,343.0,2026-05-03 14:32:40,DELIVERED,NORTH
4940,873.0,2026-04-15 15:11:32,DELIVERED,EAST
4941,891.0,2024-10-29 20:22:03,DELIVERED,WEST
4942,965.0,2024-09-10 08:00:24,DELIVERED,SOUTH
4943,779.0,2024-09-27 18:37:56,DELIVERED,WEST
4944,839.0,2025-12-22 04:09:19,DELIVERED,NORTH
4945,28.0,2026-05-28 21:27:25,DELIVERED,WEST
4946,602.0,2025-09-06 19:13:16,DELIVERED,NORTH
4947,69.0,2025-05-10 21:49:12,DELIVERED,SOUTH
4948,416.0,2025-06-19 11:49:37,DELIVERED,WEST
4949,503.0,2025-02-05 17:20:09,PLACED,WEST
4950,395.0,2025-01-25 15:41:47,SHIPPED,EAST
4951,672.0,2025-05-19 10:02:35,DELIVERED,WEST
4953,818.0,2025-01-22 17:37:55,DELIVERED,SOUTH
4954,363.0,2024-10-06 20:43:56,SHIPPED,SOUTH
4955,246.0,2024-10-03 03:50:56,DELIVERED,WEST
4956,749.0,2026-05-17 14:31:29,SHIPPED,NORTH
4958,194.0,2025-06-14 17:51:40,SHIPPED,NORTH
4959,509.0,2024-07-16 21:55:39,RETURNED,WEST
4960,245.0,2025-08-29 00:41:18,CANCELLED,EAST
4961,315.0,2025-07-11 07:27:50,DELIVERED,WEST
4962,182.0,2025-08-18 09:09:03,DELIVERED,SOUTH
4963,390.0,2024-11-07 05:37:46,DELIVERED,SOUTH
4964,503.0,2025-12-18 21:56:01,DELIVERED,SOUTH
4965,245.0,2026-02-06 17:48:53,PLACED,WEST
4966,41.0,2025-11-26 08:12:26,SHIPPED,WEST
4967,242.0,2025-04-14 05:30:44,DELIVERED,SOUTH
4968,613.0,2026-06-19 05:27:09,RETURNED,EAST
4969,127.0,2025-10-23 04:20:00,DELIVERED,SOUTH
4970,378.0,2026-04-23 13:46:47,RETURNED,SOUTH
4971,227.0,2024-08-22 06:35:41,DELIVERED,EAST
4972,9.0,2026-06-15 17:37:03,SHIPPED,WEST
4973,777.0,2026-03-14 15:08:28,DELIVERED,WEST
4974,507.0,2025-07-26 01:57:12,DELIVERED,WEST
4975,76.0,2026-01-15 13:29:11,SHIPPED,EAST
4976,254.0,2025-04-05 13:02:26,PLACED,EAST
4977,33.0,2024-11-13 20:20:59,RETURNED,SOUTH
4978,279.0,2025-11-03 19:28:18,SHIPPED,EAST
4979,361.0,2025-07-18 15:50:19,DELIVERED,SOUTH
4980,103.0,2025-08-29 19:47:55,DELIVERED,WEST
4981,826.0,2026-02-08 12:03:25,PLACED,EAST
4982,945.0,2025-05-13 07:58:29,SHIPPED,NORTH
4983,735.0,2026-03-11 02:45:43,DELIVERED,WEST
4984,198.0,2025-12-03 09:35:03,SHIPPED,NORTH
4985,538.0,2026-04-17 16:28:45,DELIVERED,WEST
4986,961.0,2026-01-06 18:59:53,RETURNED,SOUTH
4987,995.0,2026-04-15 19:30:00,DELIVERED,NORTH
4988,333.0,2026-06-26 23:01:38,SHIPPED,WEST
4989,55.0,2025-08-18 01:51:15,DELIVERED,EAST
4990,900.0,2025-09-14 21:28:41,DELIVERED,EAST
4991,291.0,2025-09-11 23:12:17,CANCELLED,NORTH
4992,350.0,2024-12-13 10:15:43,DELIVERED,SOUTH
4994,253.0,2025-01-05 14:46:49,DELIVERED,NORTH
4995,821.0,2025-04-28 03:02:30,CANCELLED,WEST
4996,739.0,2025-10-31 07:20:34,DELIVERED,SOUTH
4997,539.0,2025-07-12 07:09:31,DELIVERED,EAST
4998,195.0,2024-08-15 03:24:01,DELIVERED,NORTH
4999,1.0,2025-09-06 10:49:39,DELIVERED,WEST
5000,69.0,2026-03-29 18:44:12,DELIVERED,WEST
