customer_id,customer_name,email,registration_date,customer_type
1,Michelle Sutton,mark02@example.com,2023-04-05,REGULAR
2,Tracy Patel,eblack@example.net,2022-02-20,REGULAR
3,Steven Sanchez,robertsonalexandria@example.net,2022-10-13,REGULAR
4,Erin Mccann,amy68@example.net,2023-01-16,REGULAR
5,Stephanie Mclaughlin,dianewelch@example.org,2022-02-13,REGULAR
6,James White,gabrielbryant@example.com,2026-02-20,REGULAR
8,Thomas Williams,victorianelson@example.org,2024-12-14,REGULAR
9,Dr. Alicia Williams,ykeller@example.org,2022-04-16,REGULAR
10,Luis White,jphillips@example.org,2025-10-08,PREMIUM
11,Patricia Brown,fmccarthy@example.org,2026-05-02,REGULAR
12,Amanda Reyes,justin31@example.net,2022-10-31,REGULAR
13,Joseph Lozano,vjoseph@example.net,2025-03-20,REGULAR
14,Ruth Chapman,ojohnson@example.com,2022-04-17,REGULAR
15,Tina Mercado,tiffany24@example.net,2024-07-25,REGULAR
16,Robert Myers,krodgers@example.org,2025-06-06,REGULAR
17,Michael Robertson,ahenderson@example.net,2022-12-23,VIP
18,Angela Smith,bushalison@example.net,2023-08-26,REGULAR
19,Robert Anderson,matthew08@example.com,2025-08-08,PREMIUM
20,Kelly Harper,loganaaron@example.net,2025-03-12,REGULAR
21,Sean Obrien,joann87@example.com,2024-06-13,REGULAR
22,Stephanie Jackson,jdavis@example.com,2023-11-12,VIP
23,Joan Porter,popekari@example.com,2026-02-26,PREMIUM
24,Jonathan Henderson,diazjohn@example.net,2025-01-03,REGULAR
25,Steven Macdonald,douglas24@example.com,2024-02-22,REGULAR
26,Debra Dixon,michele75@example.org,2025-09-12,REGULAR
27,Stephen King,jwillis@example.com,2026-03-04,REGULAR
28,Janet Weber,vbutler@example.com,2021-09-19,REGULAR
29,Ray Smith,thomasbutler@example.net,2025-11-25,REGULAR
30,James Brewer,charles63@example.com,2024-01-01,REGULAR
31,Tonya Lynch,christopher52@example.net,2025-01-04,REGULAR
32,Luis Cook,michaelwilliams@example.net,2022-01-16,REGULAR
33,Penny Lawson,mary46@example.net,2022-08-08,REGULAR
34,Scott Simpson,mcarter@example.com,2025-08-31,PREMIUM
35,Brad Porter,ymorris@example.net,2022-01-04,REGULAR
36,Roberta Smith,marcus28@example.com,2024-10-01,REGULAR
37,David Obrien,dgriffin@example.com,2024-02-08,REGULAR
38,Courtney Walker,edward93@example.com,2022-09-26,PREMIUM
39,Lisa Henderson,williamstheresa@example.org,2023-06-19,REGULAR
40,Jennifer Larsen,mrichardson@example.org,2026-03-30,PREMIUM
41,Carol Mendoza,hopkinsnicole@example.net,2024-02-04,PREMIUM
42,Wayne Smith,wyattmatthew@example.net,2023-08-22,REGULAR
43,Lisa Coleman,jeffrey24@example.org,2021-07-23,VIP
44,Tiffany Parsons,christineharris@example.org,2023-05-12,REGULAR
45,Larry Jones,dodsonaaron@example.net,2024-01-26,PREMIUM
46,Mike Petersen,hunterkristin@example.org,2024-03-24,REGULAR
47,Jeremy Hudson,ryan94@example.net,2023-05-19,REGULAR
48,Linda Gomez,cooklucas@example.net,2023-10-27,REGULAR
49,Brandon Franco,ysnyder@example.org,2021-11-09,REGULAR
50,Shawn Obrien,harold16@example.com,2023-06-29,VIP
51,Christopher Medina,timdelgado@example.org,2024-05-22,REGULAR
52,Allison Mccullough,kevinfreeman@example.net,2023-09-01,PREMIUM
53,Kevin Mays,hunter06@example.com,2023-11-04,REGULAR
54,Sheila Ayers,stephen82@example.com,2025-12-18,REGULAR
56,Kenneth Johnson,sara30@example.com,2021-10-04,REGULAR
57,Carlos Thompson,meadowsjoshua@example.org,2021-07-11,VIP
58,Jessica Bailey,kevintaylor@example.org,2021-08-09,REGULAR
59,Wayne Yoder,carpenterjordan@example.com,2022-01-15,REGULAR
60,Monique Santiago,alicia94@example.net,2024-07-19,PREMIUM
61,Stephen Griffith,penamatthew@example.org,2024-07-04,PREMIUM
62,Andrew Simpson,lauramyers@example.net,2026-07-10,REGULAR
63,Nathan Bailey,baxterjacob@example.org,2022-10-18,REGULAR
64,Ricardo Brown,masoncathy@example.com,2024-05-26,PREMIUM
65,Linda Smith,shawn04@example.org,2023-03-14,REGULAR
66,Ashley Nguyen,ericagutierrez@example.org,2021-12-05,PREMIUM
67,Robert Henderson,howarddavid@example.com,2023-01-06,REGULAR
68,Vanessa Middleton,jeffrey40@example.com,2023-02-21,REGULAR
69,George Brewer,yoderbrenda@example.org,2023-11-21,PREMIUM
70,Steven Hall,wnichols@example.org,2026-03-12,REGULAR
71,Kelly Medina,ywong@example.net,2025-10-30,REGULAR
72,Nicholas Calderon,cory86@example.com,2026-06-13,REGULAR
73,Nancy Armstrong,martinezmartha@example.net,2023-07-30,REGULAR
74,David Roberts,melissa56@example.com,2024-09-17,REGULAR
75,Johnathan Johnson,hcummings@example.com,2022-12-13,VIP
76,Kerry Potts,pwise@example.net,2025-04-28,REGULAR
77,Justin Thompson,michaelburns@example.com,2024-07-22,REGULAR
78,David King,angelpope@example.org,2024-10-28,REGULAR
79,Mary Lopez,alvin51@example.com,2026-01-02,REGULAR
80,Sara Morris,yhampton@example.com,2025-10-23,REGULAR
81,Amber Stein,kimberly06@example.net,2023-06-17,REGULAR
82,Emily Ball,victoriaclark@example.org,2021-07-28,PREMIUM
83,Anthony Weber,thomas87@example.org,2024-06-16,REGULAR
84,Barry Taylor,qarroyo@example.net,2023-09-07,REGULAR
85,Johnny Mendoza,kristenlee@example.net,2022-12-30,VIP
86,Chase Maxwell,dwheeler@example.org,2025-06-24,REGULAR
87,Jesus Copeland,flemingcraig@example.net,2022-10-07,PREMIUM
88,Kevin Hampton,samanthalutz@example.org,2021-07-25,REGULAR
89,Thomas Oconnor,lindsaystafford@example.com,2024-01-05,REGULAR
90,Debbie Miles,michael37@example.com,2022-01-01,PREMIUM
91,Bruce Campbell,andersonnathan@example.net,2023-12-08,VIP
92,Ashley Molina,lestephen@example.com,2021-08-02,REGULAR
93,Alyssa Estes,tbell@example.org,2025-01-31,PREMIUM
94,Mark Mann DDS,andrew16@example.net,2025-01-31,REGULAR
95,Aaron Williams,clowery@example.net,2023-08-19,REGULAR
96,Christian Tucker,iwatson@example.com,2025-02-01,REGULAR
97,Charles Patterson,bryantluis@example.org,2025-03-08,REGULAR
98,Ryan Simon MD,knash@example.com,2023-07-15,REGULAR
99,Pamela Baird,harriskristine@example.net,2024-08-22,VIP
100,Patricia Bradford,jbell@example.com,2024-11-25,VIP
101,Glenn Marshall,martinezamanda@example.com,2023-01-24,PREMIUM
102,David Wang,davidroberts@example.net,2023-11-30,REGULAR
103,Johnny Peterson,caroline60@example.org,2023-10-29,REGULAR
104,Jason Hughes,cgarza@example.org,2022-06-04,REGULAR
105,John Perez,millsjulie@example.org,2022-10-27,REGULAR
106,Cynthia Jackson,robert81@example.net,2022-10-28,REGULAR
107,Joy Castillo,castilloleslie@example.net,2026-01-06,VIP
108,Mathew Henderson,robertmartin@example.org,2022-12-03,REGULAR
109,Heidi Allen,jacksonjack@example.org,2024-03-15,REGULAR
110,Sara Padilla,ycobb@example.org,2021-11-01,VIP
111,Krystal Byrd,kevinkim@example.org,2022-10-07,REGULAR
112,James Ford,dmcdaniel@example.com,2026-07-11,REGULAR
113,Arthur Mooney,csmith@example.com,2022-03-20,REGULAR
114,Morgan Ingram,michaelday@example.org,2023-03-26,REGULAR
115,Paula Barnett,joseph82@example.com,2023-10-21,REGULAR
116,Ryan Cooper,ryan66@example.org,2025-04-14,REGULAR
117,Juan Allen,baxterchristopher@example.com,2026-05-05,REGULAR
118,David Munoz,samantha93@example.com,2025-02-12,PREMIUM
119,Brent Hammond,mmurray@example.com,2024-12-12,REGULAR
120,Donald Ryan,william95@example.org,2021-07-22,REGULAR
121,Timothy Paul,james34@example.com,2021-10-04,REGULAR
122,Michael Phillips,marthaperry@example.com,2022-08-30,REGULAR
123,Fernando Gonzalez,jennifer19@example.net,2025-05-15,REGULAR
124,Maria Norman,rickymanning@example.net,2023-12-16,REGULAR
125,Scott Jackson,hector64@example.com,2025-02-08,REGULAR
126,Michelle Jacobson,paynepaul@example.com,2023-05-08,REGULAR
127,Taylor Carson,david34@example.org,2023-04-11,VIP
128,Anthony Gonzalez,hunterjessica@example.net,2024-03-20,REGULAR
129,Elizabeth Villarreal,eileenblack@example.com,2022-12-01,REGULAR
130,Briana James,gravesjessica@example.net,2026-04-19,PREMIUM
131,Donna Maxwell,dmartinez@example.org,2026-04-08,REGULAR
132,Brian Wolf,dustin30@example.org,2023-03-15,PREMIUM
133,Benjamin Gaines,elizabeth89@example.net,2022-12-15,REGULAR
134,Joseph Dixon,irwinstephen@example.com,2022-01-29,REGULAR
136,Travis Pope,hahnlatoya@example.net,2023-02-19,VIP
137,Tiffany Pope MD,jenniferbutler@example.net,2022-06-16,REGULAR
138,Joel Coleman,hlyons@example.com,2023-08-04,REGULAR
139,Kelly Evans,amandacantu@example.net,2023-04-12,REGULAR
140,Michael Martin,johnyoung@example.org,2023-01-23,REGULAR
141,Julia Morgan,scottlyons@example.com,2022-10-24,REGULAR
142,Chris Nguyen,samuelgregory@example.com,2024-08-23,VIP
143,John Silva,cesarjohnson@example.org,2023-07-02,REGULAR
144,Thomas Charles,davisjared@example.net,2021-07-16,REGULAR
146,Pamela Hammond,gwhite@example.org,2023-07-17,PREMIUM
147,Thomas Garrett,ssaunders@example.net,2021-07-24,REGULAR
149,Isabel Evans,ericfernandez@example.org,2022-03-06,REGULAR
150,Laura Perez,bethwagner@example.com,2024-11-26,REGULAR
151,Lisa Freeman,candicehernandez@example.com,2024-09-21,REGULAR
152,James Novak,zhorn@example.net,2023-01-19,REGULAR
153,Ryan Wilson,fowlercorey@example.org,2023-04-10,VIP
154,James Petersen,andreaduke@example.org,2024-12-27,REGULAR
155,Christopher Holt,zlewis@example.com,2025-08-24,REGULAR
156,Lisa Alvarez,jessicariley@example.com,2025-05-20,REGULAR
157,Linda Mcbride,btate@example.net,2024-04-25,VIP
158,Alexis Copeland,rhanson@example.org,2021-12-16,VIP
159,Andrew Randall,robert21@example.com,2025-06-03,REGULAR
160,Julie Williams,patricia93@example.com,2022-03-23,REGULAR
161,Jacqueline Arellano,asanchez@example.net,2022-11-19,REGULAR
162,Dustin Fuller,jamesbrian@example.org,2026-06-14,PREMIUM
163,Paula Perez,erin45@example.org,2023-02-15,REGULAR
164,April Wilson,wayne13@example.org,2024-10-22,REGULAR
165,John Clark,cherylellis@example.org,2022-03-28,PREMIUM
166,Andrew Palmer,vmahoney@example.com,2026-01-06,REGULAR
167,Curtis Brown,kirkjames@example.org,2026-01-23,REGULAR
168,Kimberly Harmon,rbailey@example.com,2024-03-09,REGULAR
169,Kristi Taylor,scottmcdaniel@example.com,2023-07-26,PREMIUM
170,Christopher Thomas,fosterbrandon@example.com,2024-10-04,REGULAR
171,Lisa Rose,beverly65@example.com,2025-04-27,REGULAR
172,Travis Rowland,kevin93@example.net,2024-09-25,PREMIUM
173,Melinda Ramos,alexisbest@example.com,2021-11-17,REGULAR
174,Lorraine Moore,mramirez@example.org,2022-04-01,PREMIUM
175,Samantha Dalton,horozco@example.org,2025-02-14,REGULAR
176,Andrea Kane,pamela75@example.com,2021-08-17,REGULAR
177,Tiffany Johnson,david12@example.com,2026-01-12,VIP
178,Ian Silva,avargas@example.com,2025-09-03,REGULAR
179,Megan Duncan,jennifersimmons@example.net,2022-08-13,PREMIUM
180,Benjamin Ellis,whitney51@example.org,2024-09-11,VIP
181,Patricia Thomas,ygutierrez@example.org,2023-08-31,PREMIUM
182,Kevin Taylor,georgeemily@example.com,2025-12-10,REGULAR
183,Spencer Reeves,charles32@example.net,2022-09-12,REGULAR
184,Kevin Reyes,paul30@example.org,2025-03-22,REGULAR
185,Ashley Ruiz,rreilly@example.org,2025-02-24,PREMIUM
186,Cody Nielsen,jillmiller@example.net,2026-06-03,REGULAR
187,Melissa Schroeder,kaylakaiser@example.com,2023-10-02,VIP
188,Eric Allen,davidwyatt@example.net,2023-04-23,REGULAR
189,Tammy Donaldson,keithmandy@example.com,2023-08-06,VIP
190,David Henderson,davidsanchez@example.net,2022-06-16,REGULAR
191,Rhonda Page,alexanderjohn@example.com,2025-04-06,REGULAR
192,Crystal Strickland,stewartalexandria@example.com,2026-03-06,REGULAR
193,Zachary Dickerson,cortezsteven@example.net,2026-06-08,REGULAR
194,David Faulkner,nelsonjohnny@example.com,2024-02-08,REGULAR
195,Victoria Bennett,malonelori@example.org,2025-12-20,REGULAR
196,Jeffrey Wise PhD,silvaerika@example.com,2021-07-20,REGULAR
197,Matthew Rogers,hughesshannon@example.com,2023-01-30,PREMIUM
198,Kevin Smith,ncarney@example.com,2022-08-21,REGULAR
199,Amanda Little,evansvalerie@example.net,2025-08-31,REGULAR
200,John Williams,atkinsondorothy@example.org,2025-03-24,PREMIUM
201,Joseph Livingston,clinetracy@example.org,2023-11-16,PREMIUM
202,Luis Taylor,carpentercourtney@example.org,2022-03-22,REGULAR
203,Mark Walker,oboyer@example.org,2025-08-06,REGULAR
204,Connor Gutierrez,brittanywilson@example.org,2025-02-14,VIP
205,Nicholas White,nicoleking@example.com,2026-06-17,REGULAR
206,Helen Washington,seanhoward@example.com,2021-11-12,REGULAR
207,Rebekah Callahan,stephanie17@example.com,2025-02-11,VIP
208,Jordan Joyce,wilsonjames@example.net,2023-06-02,PREMIUM
209,Robert Brooks,william96@example.org,2023-08-30,PREMIUM
210,Mark Gentry,chapmanomar@example.net,2022-01-06,PREMIUM
211,Jeffrey Wilson,tamiclark@example.com,2022-08-28,REGULAR
212,Eric Mcdonald,catherinelopez@example.com,2022-07-01,REGULAR
213,Christopher Joyce,perezmary@example.net,2022-12-23,PREMIUM
214,Dr. Kimberly Gregory,davidsantana@example.org,2023-03-20,PREMIUM
215,Casey Bailey,reginamurillo@example.com,2025-08-06,PREMIUM
216,Mitchell Nichols,lucerodennis@example.com,2025-11-02,REGULAR
217,William Jones,patrickmoore@example.net,2026-05-21,VIP
218,Catherine Washington,bairdamy@example.org,2021-11-28,REGULAR
219,Michelle Henry,christopher85@example.net,2021-10-05,REGULAR
220,William Gutierrez,jenniferweaver@example.org,2022-11-27,REGULAR
221,Scott Underwood,cmiller@example.com,2021-08-17,REGULAR
222,Kara Dunn,danielweaver@example.net,2025-11-08,PREMIUM
223,Jerry Moreno,lopezjamie@example.net,2024-08-15,VIP
224,Brent Taylor,harpermichele@example.com,2023-02-13,REGULAR
225,Jamie Pruitt,elizabeth01@example.com,2026-05-29,REGULAR
226,Dr. Nicole Baker,kmartin@example.org,2023-01-17,PREMIUM
227,Matthew Banks,marynavarro@example.org,2024-10-27,PREMIUM
228,Toni Lopez,denise34@example.org,2022-02-03,REGULAR
229,Stephanie Martin,christopherjackson@example.com,2025-02-01,PREMIUM
230,Eugene Alexander,dawndoyle@example.net,2022-02-07,REGULAR
231,Christopher Rice,kimberly28@example.com,2025-05-12,REGULAR
232,Jessica Miles,charles69@example.com,2025-01-22,REGULAR
233,Maria Peterson,wallacebrian@example.net,2026-01-20,REGULAR
234,Chad Munoz,rwilliams@example.com,2025-12-23,REGULAR
235,Katherine Fowler,natalie70@example.com,2025-01-26,REGULAR
236,Kimberly Daniels,joseph34@example.com,2023-03-30,REGULAR
237,Donna Castillo,megandean@example.org,2024-02-17,VIP
240,Deborah Greene,zthomas@example.net,2023-06-05,PREMIUM
241,Cynthia Warner,peteradams@example.org,2024-02-14,REGULAR
242,Dr. Tiffany Berry,mrobles@example.net,2024-02-14,PREMIUM
243,Dr. Carrie Brown DDS,roberthill@example.net,2023-01-22,REGULAR
244,Teresa Smith,mackkelsey@example.com,2022-03-26,REGULAR
245,Julie Davis,michaelmendez@example.com,2023-01-21,REGULAR
246,Brenda Dickson,amcintyre@example.net,2022-11-06,PREMIUM
247,Lee Melton,valdezheather@example.net,2022-11-08,VIP
248,Sharon Lara,ilee@example.com,2024-05-28,REGULAR
249,Rebecca Hooper,ashley30@example.org,2025-11-25,REGULAR
250,Eric Oneill,bushjuan@example.com,2024-09-15,REGULAR
251,Mrs. Kathryn Romero DDS,patrickbranch@example.net,2023-10-14,PREMIUM
252,Rachel Harper,johnsmith@example.com,2026-06-25,REGULAR
253,Luis Hines,julie55@example.net,2023-07-04,REGULAR
254,Angel Smith,chase21@example.net,2023-01-08,PREMIUM
255,Heather Miller,williamsolis@example.com,2025-01-26,VIP
256,Jill Harmon,johnburns@example.org,2026-05-19,PREMIUM
257,Kaitlin Steele,imartinez@example.org,2025-08-18,PREMIUM
258,Lindsay Jennings,jlloyd@example.net,2024-06-01,VIP
259,Tracey Ramirez,leesamuel@example.net,2024-12-11,REGULAR
260,Tyler Campos,owensrebecca@example.net,2022-12-15,REGULAR
261,John Johnson,judithbray@example.org,2025-12-02,REGULAR
262,Kathryn Bates,boydnatalie@example.org,2026-05-25,REGULAR
263,Ann Caldwell,phillip97@example.org,2025-05-03,REGULAR
264,Eric Marshall,brockwesley@example.com,2022-01-02,VIP
265,Kimberly Houston,justin59@example.net,2024-03-14,REGULAR
266,Tina Larson,elijah76@example.com,2021-12-05,REGULAR
267,Laura Caldwell,bondrebecca@example.org,2025-09-30,PREMIUM
268,Renee Rocha,michael30@example.net,2023-12-03,REGULAR
269,Bryan Dalton,oaguirre@example.com,2022-12-25,REGULAR
270,William Townsend,burnsmatthew@example.com,2023-10-10,REGULAR
271,Peggy Myers,mary10@example.com,2024-01-08,REGULAR
272,Jay Jacobs,jenniferkim@example.org,2026-07-05,REGULAR
273,Megan Archer,garyhernandez@example.com,2025-05-16,PREMIUM
274,Matthew Cross,emily71@example.org,2024-03-18,REGULAR
275,Monique Garner,robleselizabeth@example.org,2023-12-05,REGULAR
276,Edward Lee,micheal40@example.com,2026-06-18,PREMIUM
277,Kevin Montes,juliegarcia@example.org,2022-01-19,REGULAR
278,Henry Williams,andrew96@example.net,2024-10-28,REGULAR
279,Joshua Lee,reginald54@example.org,2023-05-13,REGULAR
281,Laurie Arnold,johnsonashley@example.com,2021-12-08,VIP
282,Thomas Garrett,mrasmussen@example.net,2022-08-05,PREMIUM
283,Daniel Robertson,dthomas@example.com,2025-11-11,REGULAR
284,Ashley Ball,mcdowelljennifer@example.org,2023-03-16,VIP
285,Carlos Knox,harriscaitlin@example.org,2025-03-16,PREMIUM
286,Sarah Miller,colewilliam@example.org,2026-03-27,REGULAR
287,Gary Nunez,ublack@example.com,2026-04-25,PREMIUM
288,Ms. Gwendolyn Brown,crichardson@example.com,2024-02-07,PREMIUM
289,Karen Bryan,gsantiago@example.com,2022-10-26,REGULAR
290,Joseph Young,cassidybaker@example.com,2023-11-19,REGULAR
291,Christina Johnson,manningmadison@example.com,2024-08-03,REGULAR
292,Isabel Moore,vasquezdawn@example.net,2026-01-27,REGULAR
293,Tiffany Horn,robinsonjohn@example.com,2021-10-27,REGULAR
294,Tanner Martin,diazcourtney@example.net,2025-10-03,PREMIUM
295,William Hartman,jrodriguez@example.com,2025-07-08,PREMIUM
296,Amy Bradford,douglas89@example.com,2025-09-08,REGULAR
298,Ashley Ware,steintimothy@example.net,2023-08-23,REGULAR
299,Steven Weaver,kglass@example.org,2025-07-11,REGULAR
300,Darrell Rodriguez,kramervalerie@example.com,2024-12-23,REGULAR
301,Jennifer Gray,dhenson@example.net,2023-03-31,REGULAR
302,Dakota Hodges,bneal@example.org,2021-07-22,REGULAR
303,Chad Peterson,ybennett@example.net,2026-02-03,REGULAR
304,Andrew Ortega,michael54@example.org,2023-10-20,REGULAR
305,Albert Pearson,michelle64@example.com,2025-03-07,PREMIUM
306,Wendy Collins,jennifer57@example.org,2024-05-21,PREMIUM
307,James Parker,ldixon@example.net,2025-03-29,REGULAR
308,Olivia Lopez,tayloradrian@example.net,2024-10-07,REGULAR
309,Alexander Salas,bjohnson@example.net,2021-10-23,REGULAR
310,Nicole Smith,kimberly58@example.org,2024-01-21,REGULAR
311,Cheryl Short,rodrigueztracey@example.org,2023-06-01,REGULAR
312,Kelly Carr,amberwhitaker@example.com,2025-07-14,VIP
313,Chris Brown,tjohnson@example.org,2023-02-02,REGULAR
314,Elizabeth Johnson,ejohnson@example.net,2022-05-19,REGULAR
315,Jacob Henderson,haydenchloe@example.org,2022-01-19,REGULAR
317,Sarah Porter,thernandez@example.net,2023-03-29,REGULAR
318,Judith Meyer,osmith@example.net,2022-11-02,VIP
319,Kristen Peterson,robin45@example.org,2026-07-08,PREMIUM
320,Jesse Garcia,kylerussell@example.com,2024-11-23,REGULAR
321,Jason Brown,kaitlyneaton@example.net,2025-12-06,REGULAR
322,Angela Johnson,melanie77@example.org,2025-06-10,VIP
323,Emily Chambers,dvelez@example.org,2025-03-17,PREMIUM
324,Anthony Davis,jennifer33@example.net,2021-10-12,REGULAR
325,Michael Smith,kristinalopez@example.net,2025-11-26,REGULAR
326,Tony Reyes,hterry@example.org,2025-03-09,REGULAR
327,Tamara Chang,hurleynatalie@example.com,2022-05-30,VIP
328,Linda Williamson,parksnicole@example.com,2021-11-09,REGULAR
329,Brandy Dennis,jeffrey04@example.org,2025-07-12,REGULAR
330,Pamela Murphy,edwardrubio@example.net,2023-10-24,REGULAR
331,Cody Wood,jessica06@example.net,2024-07-28,REGULAR
332,Tara Roy,bryanhenry@example.net,2025-11-14,REGULAR
333,Donna Gregory,huntersydney@example.com,2023-09-13,REGULAR
334,Christopher Curtis,kathrynjarvis@example.org,2024-04-11,REGULAR
335,Laura Cardenas,newtonkatelyn@example.org,2026-05-25,REGULAR
336,Steven Pearson,jessicabarron@example.com,2024-07-21,REGULAR
337,Michael Thomas,bellchristopher@example.org,2021-08-31,REGULAR
338,Renee Holmes,kellybrandon@example.net,2024-03-05,REGULAR
339,Natasha Cisneros PhD,stanleyjoshua@example.net,2025-04-14,REGULAR
340,Karen May,gregory43@example.org,2024-07-24,REGULAR
341,Samantha Miller,valerieball@example.net,2026-05-08,REGULAR
342,Steven Morris,wroberson@example.org,2024-01-22,PREMIUM
343,Jennifer Walker,vincentgonzalez@example.org,2022-01-23,REGULAR
344,William Walton PhD,lwilliams@example.org,2024-07-27,PREMIUM
345,Ronald Francis,jeffrey73@example.org,2024-10-06,PREMIUM
346,Shirley Wilkins,soniabryant@example.org,2024-04-25,REGULAR
347,Michael Li,leslieford@example.net,2024-02-10,REGULAR
348,Samantha Hartman,amandarobles@example.org,2023-11-18,REGULAR
349,Corey Martinez,davidbrewer@example.org,2025-08-09,PREMIUM
350,Dr. Johnny Wilson,vmckinney@example.net,2024-11-12,PREMIUM
351,Jeffrey Pittman,jford@example.com,2026-05-22,REGULAR
352,Alyssa Fuller,efoster@example.net,2024-12-05,REGULAR
353,Justin Giles,wallen@example.com,2023-10-26,REGULAR
354,Jasmin Mahoney,wjoseph@example.org,2023-02-28,REGULAR
355,Jacqueline Garrett,michaelwilcox@example.net,2026-05-08,PREMIUM
356,Joseph Houston,dereksullivan@example.net,2021-12-23,REGULAR
358,Linda Mckenzie,janderson@example.net,2021-07-26,REGULAR
359,Ricardo Petersen,zferguson@example.com,2026-05-25,VIP
360,Jessica Miller,susannelson@example.net,2022-02-17,REGULAR
361,James Jones,douglas92@example.net,2025-10-31,PREMIUM
362,Brian Torres,wernerpaul@example.org,2024-01-09,REGULAR
363,Marcus Mclean,robinsontodd@example.net,2022-01-12,REGULAR
364,Deborah Campbell,ygonzales@example.com,2023-06-20,REGULAR
365,Bryan Banks,shanecook@example.org,2024-10-09,REGULAR
366,Francisco Jackson,douglasjacob@example.com,2026-03-01,REGULAR
367,James Mitchell,harringtonlaurie@example.org,2025-09-06,PREMIUM
368,Courtney Martin,lsimmons@example.com,2025-12-19,REGULAR
369,Shannon Wells,danielpaige@example.org,2022-04-07,VIP
370,Renee Stevens,whale@example.org,2025-12-24,REGULAR
371,Ms. Elizabeth Conner,lauren12@example.com,2025-11-18,REGULAR
372,Kevin Baker,cmendez@example.org,2024-04-20,VIP
373,Alec Freeman,katrinarodriguez@example.net,2021-12-08,REGULAR
374,Stephanie Harrington,jessica20@example.net,2024-02-14,REGULAR
375,Michelle Garner,patrickbell@example.com,2021-10-08,REGULAR
376,Heather Morales,umolina@example.net,2025-12-25,REGULAR
377,Franklin Stuart,hsexton@example.net,2026-01-10,REGULAR
378,Chad Wyatt,hjohnson@example.com,2024-11-20,REGULAR
379,Cameron Bailey,sfreeman@example.org,2024-11-10,VIP
380,Jason Williams,kmccoy@example.com,2024-08-27,REGULAR
381,Mariah Collins,cindybooth@example.com,2026-04-18,VIP
382,Brian Silva,courtneykelly@example.com,2022-08-30,REGULAR
383,Joel Marshall,esmith@example.org,2023-05-27,REGULAR
384,Nathaniel Johnson,kelly03@example.com,2021-09-06,REGULAR
385,Julie Obrien,gutierrezdorothy@example.net,2025-09-03,VIP
386,Corey Munoz,oyoder@example.net,2023-04-17,REGULAR
387,Elizabeth Moran,paulamcfarland@example.com,2022-08-27,REGULAR
388,Thomas Whitaker,kristen26@example.org,2024-06-13,REGULAR
389,Alexander Howe,jenniferwatts@example.com,2025-09-22,PREMIUM
390,Cheryl Christensen,fhernandez@example.com,2021-12-22,REGULAR
391,Laura Odonnell,qlynn@example.org,2024-03-23,REGULAR
392,Kimberly Phillips,kelly84@example.org,2023-06-21,REGULAR
393,David Henderson,zacharyduncan@example.org,2021-07-23,PREMIUM
394,Mary Cortez,adrian83@example.com,2025-04-17,PREMIUM
395,Dawn Webb,keithanderson@example.net,2025-05-15,VIP
396,Christie Morris,michael59@example.com,2024-01-31,PREMIUM
397,Michael Clark,john72@example.com,2023-06-27,REGULAR
398,Wendy Johnson,makaylamorales@example.org,2024-11-07,VIP
399,Tracy Serrano,reevesgeorge@example.org,2021-07-21,REGULAR
400,Donald Patrick,curtisjennifer@example.org,2022-06-03,REGULAR
401,Raymond Calderon,mullinstara@example.org,2022-07-13,REGULAR
402,Mr. Michael Cox,iphillips@example.net,2022-07-23,REGULAR
403,Dominic Ortega,nmurphy@example.com,2025-04-02,REGULAR
404,Travis Dillon,dhenry@example.com,2022-09-09,REGULAR
405,Brenda Adams,kimberlynewton@example.net,2022-03-09,REGULAR
406,Rebecca Reid,cunninghammichael@example.org,2023-10-19,PREMIUM
407,Heather Duarte,mcclainjohn@example.net,2024-10-25,REGULAR
408,Carol Pham,bakerchristine@example.net,2023-09-25,PREMIUM
409,Jennifer Marks,robertwright@example.org,2023-03-29,REGULAR
410,Joshua Davidson,colemanpeggy@example.com,2025-09-03,REGULAR
411,Anthony Howard,bryandean@example.org,2024-06-25,PREMIUM
412,Sarah Benson,katelynmendoza@example.net,2024-02-20,REGULAR
413,Ryan Carter,christopherbrown@example.org,2024-06-09,REGULAR
414,Emily Phillips,katrina25@example.org,2025-10-02,REGULAR
415,Steven Thomas,courtney22@example.net,2023-04-26,REGULAR
416,Nathan Macdonald,brendajordan@example.net,2026-06-04,VIP
417,Ariana Williams,leewilliam@example.net,2021-12-23,REGULAR
418,Joel Barber,matthewmueller@example.com,2026-06-24,PREMIUM
419,Mary Bailey,uadkins@example.net,2025-10-03,PREMIUM
420,Juan Perez,monroejill@example.com,2026-01-07,REGULAR
421,Samuel Stevens,christopher52@example.net,2023-05-31,PREMIUM
422,Suzanne Hernandez,john80@example.org,2024-09-17,REGULAR
423,Brittany Roman,michaelbarton@example.net,2022-01-27,REGULAR
424,Anthony Oconnor,simsjeffery@example.org,2024-11-07,VIP
425,Debbie Lyons,clinton15@example.org,2023-01-06,REGULAR
426,Rhonda Alvarado,wrightdaniel@example.com,2022-08-31,REGULAR
427,Melissa Rice,millerhenry@example.org,2023-04-22,REGULAR
428,Brian Gates,kathleen69@example.net,2023-01-29,VIP
429,Allison Anderson,gbell@example.org,2023-05-22,PREMIUM
430,Allison Rodriguez,michellehaley@example.org,2024-06-15,REGULAR
431,Joseph Morales,suerobinson@example.net,2021-07-31,REGULAR
432,Joshua Powell,stephanie89@example.org,2023-03-04,PREMIUM
433,Alejandro Welch,loretta36@example.com,2025-10-29,REGULAR
434,Robert Brown,johnmartin@example.org,2026-06-22,REGULAR
435,Tony Cox,jeffery72@example.org,2023-08-11,VIP
436,Heather Nguyen,smithkatherine@example.net,2023-05-21,REGULAR
437,Matthew Smith,robert56@example.org,2024-03-31,REGULAR
439,Tyler Torres III,kimallison@example.org,2021-07-26,REGULAR
440,David Owens,flong@example.net,2023-01-04,REGULAR
441,Allison Miller,nancy72@example.org,2025-11-02,REGULAR
442,Erica Ross,jordanlinda@example.com,2021-10-18,REGULAR
443,Christina Tran,hothomas@example.net,2023-01-26,REGULAR
444,Thomas Schneider,tyler21@example.com,2024-05-16,REGULAR
445,Joshua Chan,ocook@example.com,2021-12-08,REGULAR
446,Nicole King,kenneth48@example.net,2024-01-23,VIP
447,Anthony Fletcher,hannah04@example.net,2022-11-30,VIP
448,Luke Kelly,jespinoza@example.net,2023-10-06,REGULAR
449,Patricia Travis,tylerfitzgerald@example.net,2023-11-30,REGULAR
450,Richard Rogers,oalvarado@example.com,2026-05-12,REGULAR
451,Tina Robinson,angelapark@example.org,2026-03-16,REGULAR
452,Julia Gillespie,phillipsjames@example.com,2022-01-27,REGULAR
453,Melissa Holden,twilson@example.com,2022-04-15,REGULAR
454,Beth Mcmahon,rmendez@example.org,2022-06-27,REGULAR
455,Miguel Adams,williamscourtney@example.net,2026-04-18,REGULAR
456,Heather Reese,morganvalerie@example.net,2023-11-23,REGULAR
457,Tracy Shah,carlos47@example.net,2026-03-02,REGULAR
458,Eric Schneider,patrickjonathan@example.com,2023-02-09,REGULAR
459,Deborah Taylor,edwardsrandy@example.org,2023-03-04,REGULAR
460,Joshua Guerrero,jacob90@example.net,2026-06-11,PREMIUM
461,Austin Cherry,sheaanthony@example.net,2026-05-02,REGULAR
462,Yolanda Cole,reyessherry@example.net,2023-04-29,REGULAR
463,Denise Brooks,megan25@example.org,2023-04-18,REGULAR
464,Christy Raymond,woodskevin@example.org,2023-08-07,REGULAR
465,Steven Thomas,nixonjennifer@example.org,2024-11-04,PREMIUM
466,Richard Whitaker,arielsmith@example.net,2022-10-31,PREMIUM
467,Karen Stevens,jessicagreene@example.com,2025-11-19,PREMIUM
468,Jean Thomas,johnsonjohn@example.net,2022-11-19,REGULAR
469,Sabrina Wilcox,branchcolleen@example.net,2025-06-10,VIP
470,Frank Davis,charles97@example.net,2023-02-23,VIP
471,Kathy Murphy,washingtonkatie@example.net,2026-07-10,PREMIUM
472,David Johnson,john59@example.com,2024-11-11,VIP
473,Rebecca Hodges,amy60@example.org,2022-09-08,REGULAR
474,Sherry Davidson,monica78@example.org,2022-10-04,REGULAR
475,Scott Bell,dannyevans@example.org,2022-03-29,REGULAR
476,Scott Evans,tjensen@example.org,2026-05-07,REGULAR
477,Jacqueline Lopez,jeremyflores@example.net,2024-05-05,PREMIUM
478,Caleb Schmidt,dthomas@example.com,2021-12-21,REGULAR
479,Gabriel Serrano,bphillips@example.net,2025-08-05,REGULAR
480,David Mack,brett09@example.net,2021-08-23,REGULAR
481,Crystal Harris,zpeterson@example.org,2022-03-12,REGULAR
482,Corey Doyle,michael45@example.org,2026-03-29,PREMIUM
483,Samantha Green,madison86@example.net,2022-06-12,REGULAR
484,Timothy Marshall,samantha71@example.net,2023-04-09,REGULAR
485,Elizabeth Ray,jasmin64@example.net,2022-06-16,REGULAR
486,Michael Patterson,james59@example.org,2021-12-21,REGULAR
487,Eric Greene,caitlinduncan@example.com,2025-10-17,REGULAR
488,Alexandra Jones,prestonsabrina@example.net,2024-05-05,REGULAR
489,Felicia Barnett,alvarezisabella@example.net,2023-08-11,VIP
490,Cynthia Ortiz,gordonjessica@example.net,2025-11-15,PREMIUM
491,Ryan Ramos,pwalters@example.org,2024-09-15,REGULAR
492,Savannah Nelson,sandra81@example.org,2025-11-16,REGULAR
493,Erica Harris,amber00@example.com,2023-12-31,VIP
494,Donald Atkins,ronaldfoster@example.com,2021-11-20,REGULAR
495,Tyler Warren,zsantiago@example.net,2022-03-11,VIP
496,Nathaniel Tanner,mikeruiz@example.com,2021-10-22,REGULAR
497,Cheryl Cummings,shawdeborah@example.com,2025-07-07,REGULAR
498,Mr. Douglas Cardenas DVM,roblesmichael@example.net,2022-04-01,REGULAR
499,Christian Hunter,davidfritz@example.com,2026-03-20,REGULAR
500,Jessica Dennis,jrodriguez@example.net,2024-05-09,PREMIUM
501,Brooke Roberts,znolan@example.com,2022-03-03,REGULAR
502,Donna Stafford,wnelson@example.org,2023-01-13,REGULAR
504,Trevor Herrera,nataliewilliams@example.org,2022-05-28,REGULAR
505,Michelle Salas,chadhill@example.org,2025-01-05,PREMIUM
506,Jose Nelson,bhuynh@example.org,2023-06-06,REGULAR
507,Sheila Mitchell,ycurtis@example.org,2021-10-24,REGULAR
508,Karen Rodgers,fhoward@example.org,2021-12-29,VIP
510,Krystal Pace,hugheskimberly@example.com,2021-12-02,PREMIUM
511,David Andrade,ryankaren@example.net,2023-09-07,PREMIUM
512,Gina Mccann,tiffanylawrence@example.com,2024-09-06,REGULAR
513,Anita Cox,alexander22@example.org,2022-03-21,REGULAR
515,Melanie Moore,todddaniel@example.net,2026-07-03,REGULAR
516,Wayne Collier,rmills@example.com,2025-08-27,REGULAR
517,Lisa Pierce,sarahmiddleton@example.com,2026-01-09,REGULAR
518,Michael Morrow,gardnerjohn@example.org,2022-09-11,REGULAR
519,Darryl Lawrence,zjensen@example.com,2025-09-20,REGULAR
520,Matthew Martin,pbennett@example.net,2025-03-02,PREMIUM
521,Jill Guerrero,bphillips@example.com,2023-08-14,REGULAR
522,Amanda Hoffman,fgreen@example.net,2022-01-02,REGULAR
523,Jonathan Mullen,timothy42@example.com,2023-03-25,REGULAR
524,Malik Harris,amberrodriguez@example.com,2025-10-23,REGULAR
525,Elizabeth Wilson,annhartman@example.org,2021-11-21,REGULAR
526,Kimberly Cook,eric98@example.org,2024-07-04,REGULAR
527,Joanna Rose,lorettareed@example.org,2021-10-30,REGULAR
528,Shirley Anderson,dickersonmelissa@example.org,2021-07-18,REGULAR
529,Benjamin Lee,michaelrichardson@example.net,2022-01-04,VIP
530,Dana Brown,david39@example.org,2026-04-13,REGULAR
531,Sherry Miller,wallaceemily@example.net,2022-11-20,REGULAR
532,Margaret Gutierrez,rebecca28@example.net,2023-09-17,PREMIUM
533,Emma Ferrell,vbest@example.net,2023-03-22,PREMIUM
534,Edward Scott,xgarza@example.net,2022-01-31,REGULAR
535,Mrs. Sandra Wright,jocelyn09@example.com,2026-01-22,REGULAR
536,Danielle Nguyen,sheilaschmidt@example.org,2026-05-03,REGULAR
537,Michelle Fischer,hallkimberly@example.org,2026-01-30,REGULAR
538,Christina Mills,poolemichael@example.org,2026-03-11,REGULAR
539,Charles Cabrera,elizabethbutler@example.org,2024-04-15,REGULAR
540,Lauren Bauer,tiffanysmith@example.com,2026-06-18,REGULAR
541,Mallory Evans,colleenhansen@example.com,2023-10-17,REGULAR
542,Robert Rowe,rojaspatrick@example.com,2026-05-10,PREMIUM
543,Robert Keller,ylewis@example.org,2025-10-06,REGULAR
544,Bianca Roberts,dbell@example.org,2021-08-12,REGULAR
545,Joe Fry,dianacameron@example.com,2023-07-01,REGULAR
546,Jason Mercer,mperez@example.net,2023-05-24,REGULAR
547,Samantha Poole,wilsonscott@example.net,2023-06-05,PREMIUM
548,Kimberly Wagner,morganmercer@example.com,2024-05-20,VIP
549,Stephanie Allen,bwilliams@example.net,2024-03-19,REGULAR
550,Vanessa Simmons,kristinwilson@example.com,2021-08-13,REGULAR
551,Christina Moore,dmitchell@example.net,2025-04-28,REGULAR
552,Michelle Short,georgejones@example.org,2022-11-29,PREMIUM
553,James Lynch MD,garyowens@example.org,2023-10-23,PREMIUM
554,Jennifer Moran,christopherhurst@example.org,2022-07-26,PREMIUM
555,Douglas Singleton,johnlucas@example.org,2021-08-20,VIP
556,Aaron Rivera,marcotorres@example.com,2022-08-20,REGULAR
557,Brian Vaughn,jonesthomas@example.com,2025-04-25,REGULAR
558,Raymond Blair,whitedustin@example.net,2022-08-26,PREMIUM
559,Ryan Sanchez,jcopeland@example.net,2026-01-10,REGULAR
560,Nicholas Douglas,david02@example.org,2026-04-13,REGULAR
561,Anna Thomas,victoriaharrison@example.com,2022-08-24,REGULAR
562,Melinda Jackson,oscar93@example.net,2025-01-03,REGULAR
563,Paula Gardner,samanthacrawford@example.net,2022-07-17,REGULAR
564,Mr. Justin Simpson,anthony27@example.org,2023-06-03,REGULAR
565,David Thomas Jr.,webbwhitney@example.com,2022-06-17,REGULAR
566,Shane West,stephanie00@example.com,2022-03-25,REGULAR
567,Dwayne Arroyo,sabrina89@example.org,2023-09-06,PREMIUM
568,Katie Martinez,nstewart@example.com,2024-09-24,REGULAR
569,Kellie Smith,claire67@example.org,2026-04-23,REGULAR
570,James Hardy,obrienmadison@example.org,2024-08-30,REGULAR
571,Erin Conner,davidthompson@example.com,2025-12-18,REGULAR
572,Nicholas Torres,robinsonstephen@example.com,2023-01-06,REGULAR
573,Kimberly Patton,mason36@example.net,2025-08-29,REGULAR
574,Jessica Valencia,xfrancis@example.org,2022-11-30,REGULAR
575,Annette Trujillo,kim73@example.net,2021-12-04,REGULAR
576,Robert Hawkins,zmiller@example.com,2025-05-28,REGULAR
577,Jessica Reilly,justinrandall@example.org,2023-08-17,REGULAR
578,Courtney Cervantes,tross@example.com,2024-01-03,REGULAR
580,Robert Briggs,lisaosborne@example.com,2025-11-15,PREMIUM
581,Donald Werner,erinjones@example.net,2024-12-08,REGULAR
582,Cody Green,christine41@example.com,2025-02-07,REGULAR
583,Monique Cortez,gjones@example.org,2023-07-28,REGULAR
584,Miranda Russell,gloverrichard@example.net,2026-07-10,REGULAR
585,James Jackson,ihernandez@example.org,2022-10-27,REGULAR
586,Robert Fuller,kristinawebb@example.org,2026-03-15,PREMIUM
587,David Rodriguez,zgeorge@example.com,2022-02-12,REGULAR
588,Tami Taylor,megan50@example.net,2022-01-08,REGULAR
589,Valerie Scott,carpenterpaula@example.com,2021-09-17,REGULAR
590,Matthew Buchanan,austinraymond@example.net,2024-02-13,REGULAR
591,Carl Barton,patrickwilson@example.org,2022-01-24,VIP
592,Jeremy Brown,william89@example.net,2023-10-24,VIP
593,Mary Parks,bcline@example.org,2024-10-19,REGULAR
594,Jennifer Harvey,sandyrichardson@example.net,2025-07-07,REGULAR
595,Jennifer Mahoney,wilsonkerry@example.com,2025-12-27,REGULAR
596,Charles Graves,nsawyer@example.com,2021-09-16,REGULAR
597,Victoria Anderson,laurie87@example.org,2025-10-14,PREMIUM
598,Yolanda Cooper,daniel45@example.org,2024-05-05,PREMIUM
599,Bradley Pineda,valenzuelaangela@example.org,2025-05-18,REGULAR
600,Patricia Clark,alexandriaross@example.org,2022-12-02,REGULAR
601,Jonathan Jackson,elizabeth36@example.net,2022-03-29,REGULAR
602,Maria Moyer,kristen44@example.net,2025-02-24,REGULAR
603,Courtney Chen,curtis74@example.net,2026-03-01,REGULAR
604,Victor Morales,littlekayla@example.net,2022-03-01,REGULAR
605,Victoria Mcgee,victoriahall@example.net,2022-02-21,PREMIUM
606,Darin Thomas,kanejorge@example.com,2026-06-22,VIP
607,John Wiley,deborahrichardson@example.net,2024-06-28,REGULAR
608,Mark Love,tylerharrison@example.org,2022-08-11,REGULAR
609,Chelsea Newman,nicolenewman@example.org,2025-02-28,PREMIUM
610,Donald Reyes,katelyn16@example.com,2021-10-02,VIP
611,Gabriel Ortiz,david31@example.net,2025-10-09,VIP
612,Christopher Maddox,mcox@example.org,2022-08-27,REGULAR
613,Joshua Wilson,fmanning@example.org,2026-01-23,REGULAR
614,Nicole Ramos,nsellers@example.net,2025-04-30,REGULAR
615,Gloria Nguyen,zwolfe@example.net,2022-10-14,REGULAR
616,Sandra Velazquez,james51@example.com,2023-04-26,REGULAR
617,Joshua Harris,valeriefernandez@example.com,2023-03-11,REGULAR
618,Kimberly Harmon,syoder@example.com,2021-08-18,VIP
619,Heather Rowe,walkerkathryn@example.com,2026-06-28,REGULAR
620,Mark Hardin,tbuchanan@example.com,2024-06-06,REGULAR
621,Shawn Nelson,scottjackson@example.com,2023-04-23,PREMIUM
622,Christopher Bailey,beverett@example.net,2022-05-31,VIP
623,Tyler Holloway,adam52@example.com,2024-11-27,REGULAR
624,William Harrington,jamesbishop@example.org,2021-08-05,REGULAR
625,Sherry Quinn,rmann@example.org,2024-05-15,REGULAR
626,Charles Jones,thompsoncolleen@example.com,2022-12-11,PREMIUM
627,Leah Woods,davisjenny@example.net,2022-10-31,REGULAR
628,Victor Cooper,amypatel@example.org,2022-04-14,REGULAR
629,Holly Cunningham,ccameron@example.com,2023-12-02,VIP
630,Angela Benson,marnold@example.org,2025-04-05,REGULAR
631,Linda Cook,lauraedwards@example.org,2024-04-30,VIP
632,Jennifer Smith,sandraaustin@example.net,2022-06-11,PREMIUM
633,William Martinez,adamanderson@example.com,2025-02-06,REGULAR
634,Alexandra Jones,chad11@example.com,2023-03-26,REGULAR
635,Christopher Beck,steven60@example.com,2024-04-22,REGULAR
636,Elizabeth Harris,simmonsnicole@example.net,2023-08-09,REGULAR
637,William Taylor,barbarahill@example.com,2025-01-11,VIP
638,Amber Rivera,summersjulie@example.com,2021-10-01,REGULAR
639,Terry Richardson,lisaday@example.org,2025-09-16,REGULAR
640,Brian Boyd,vwelch@example.net,2023-12-08,REGULAR
641,Amber Alvarado,jpeters@example.net,2021-09-28,REGULAR
642,Danielle Perkins,parnold@example.com,2024-03-19,PREMIUM
643,Brandon Ellis,mollyvazquez@example.com,2024-09-16,REGULAR
644,Glenda Sandoval,sarahjohnson@example.net,2021-08-16,REGULAR
645,Joshua Hendricks,judy52@example.net,2022-03-16,PREMIUM
646,Jeffrey Owens,jake52@example.com,2023-11-29,VIP
647,Katherine Travis,darryljones@example.net,2022-11-23,REGULAR
648,Jamie Nichols,margaret77@example.org,2026-02-18,REGULAR
650,Amy Alexander,hkent@example.com,2021-07-26,VIP
651,Raymond Johnson,jessejennings@example.net,2022-03-09,REGULAR
652,Rachel Greer,qwarner@example.net,2025-01-10,REGULAR
653,Katelyn Wallace,jeremy45@example.org,2025-03-13,REGULAR
654,Alexander Collins,traceygordon@example.com,2026-03-22,PREMIUM
655,Jeremy Williams,ashlee27@example.com,2023-12-07,REGULAR
656,Vincent Smith,clewis@example.com,2022-04-23,PREMIUM
657,Kathy Holloway,jennifer18@example.org,2023-07-03,REGULAR
658,Logan Young,gmiller@example.com,2024-10-15,PREMIUM
659,Rita Galvan,christopher86@example.org,2024-05-26,PREMIUM
660,Ashley Farley,timtravis@example.net,2023-02-25,REGULAR
661,Adam Pearson,pgentry@example.net,2021-10-31,REGULAR
662,Amanda Wall,bfleming@example.com,2023-01-12,REGULAR
663,Juan Marshall,osbornkathryn@example.org,2026-04-09,PREMIUM
664,Michael Casey,james72@example.com,2023-09-06,REGULAR
665,Jennifer Fuller,robertrobles@example.net,2025-07-13,PREMIUM
666,Elizabeth Jennings,jamesmichelle@example.org,2022-10-15,PREMIUM
667,Sharon Wood,christinetran@example.org,2025-10-28,VIP
668,Nathan Campbell,patricia86@example.net,2022-12-22,REGULAR
669,Renee Lopez,samantha65@example.net,2022-07-13,REGULAR
670,Mario Williams,cgray@example.com,2024-12-25,VIP
671,David Chaney,rachel79@example.com,2021-08-02,PREMIUM
672,Aaron Barajas,yolandacruz@example.org,2025-05-04,REGULAR
673,Brandon Vazquez,williampotter@example.com,2025-11-25,PREMIUM
674,Zachary James,campbellvanessa@example.com,2022-06-24,REGULAR
675,Anthony Hamilton,robinsonluis@example.org,2026-04-10,PREMIUM
676,John Wiley,sbarnes@example.org,2024-07-24,PREMIUM
677,Brian Gomez,harringtonstacy@example.net,2021-08-05,VIP
678,Christopher Mendoza,annawilliams@example.com,2025-03-28,REGULAR
679,Alex Moore,jeffreysanchez@example.net,2025-07-13,REGULAR
680,Melissa Madden,marie47@example.net,2024-04-05,REGULAR
682,David Wright,martindonald@example.org,2025-04-14,REGULAR
683,John Aguilar,ryan37@example.org,2025-02-04,REGULAR
684,James Krause,dnelson@example.net,2025-07-17,REGULAR
685,Mary Cox,grahamhayley@example.net,2022-08-05,REGULAR
686,Joanna Griffith,darren57@example.com,2025-10-15,REGULAR
687,Marisa Morales,lisabeard@example.org,2025-09-15,REGULAR
688,James Anderson,cbowman@example.org,2022-09-30,PREMIUM
689,Mark Rodriguez,seanfrench@example.org,2026-02-15,REGULAR
690,Stephanie Lambert,matthew37@example.org,2025-07-22,REGULAR
691,Jordan Kennedy,emora@example.net,2023-01-11,REGULAR
692,Tanner Jordan,kgallegos@example.net,2022-08-23,REGULAR
693,Mary Chang,pearsonnancy@example.org,2023-06-17,PREMIUM
694,Alexandria Anderson,lauranovak@example.com,2021-12-18,REGULAR
695,William Ward,brianyoung@example.com,2022-11-19,REGULAR
696,Stephanie Hall,powellgeorge@example.net,2022-02-28,REGULAR
697,Patrick Lopez,tina39@example.net,2025-03-13,REGULAR
698,Paul Phillips,richardsdaniel@example.org,2023-04-04,REGULAR
699,Lori Anderson,charlesfrancis@example.net,2023-09-01,PREMIUM
700,Justin Rogers,fnelson@example.org,2025-09-15,REGULAR
701,Krystal Allen,rothcindy@example.net,2022-12-24,REGULAR
702,Carlos Thomas,rosswilliam@example.net,2024-03-20,REGULAR
703,Monica Wagner,craigbaldwin@example.org,2022-06-06,REGULAR
704,Jane Smith,zcrawford@example.com,2024-08-20,REGULAR
705,Heather Moody,bhuffman@example.com,2024-04-29,REGULAR
707,Krystal Smith,douglasharris@example.org,2024-04-03,REGULAR
708,Jennifer Black,meagan33@example.org,2022-09-29,REGULAR
709,Jennifer Hoffman,brandi18@example.com,2023-06-28,REGULAR
710,Krista Lee,petersenmatthew@example.com,2022-02-22,REGULAR
711,Robert Harding,dominicallen@example.net,2024-08-07,PREMIUM
712,Jennifer Nunez MD,whitekaren@example.com,2026-04-30,REGULAR
713,Lori Cook,colewashington@example.com,2024-02-09,REGULAR
714,Amber Wilkerson,victoriaharmon@example.com,2025-11-03,REGULAR
715,Joshua Acevedo,kathymoore@example.net,2023-06-16,REGULAR
716,Jenny Hicks,zsanchez@example.org,2026-02-18,REGULAR
717,Christopher Fox,gilesrichard@example.net,2023-03-27,VIP
718,Diana Hill,christine98@example.net,2021-07-17,REGULAR
719,Matthew Hall,nicholascastro@example.org,2023-03-26,PREMIUM
720,Jared Smith,helen58@example.com,2024-10-11,REGULAR
721,Dominique Zhang,michaelharrell@example.net,2023-01-28,PREMIUM
722,Michelle Smith,pkelly@example.org,2022-09-22,REGULAR
723,Katie Park,ariana58@example.net,2024-04-01,REGULAR
724,Anthony Meyers,cynthiaphillips@example.com,2022-12-30,REGULAR
725,Kevin Klein,derrickbecker@example.com,2022-03-20,REGULAR
726,Hayley Knight,matthew42@example.net,2023-07-31,REGULAR
727,Karen Davis,susan34@example.com,2021-10-16,REGULAR
728,Robert Price,brandon76@example.org,2026-05-03,REGULAR
729,David Jackson,gonzalezbrittany@example.com,2023-07-11,REGULAR
730,James Mcdonald,joneal@example.org,2026-04-16,PREMIUM
731,Jonathan Lewis,zwilson@example.net,2025-11-27,REGULAR
732,Susan Payne,lsuarez@example.org,2024-01-29,REGULAR
733,Jason Marks,samantha40@example.org,2026-01-07,REGULAR
734,Hector Wright,jennifercraig@example.org,2024-04-20,REGULAR
735,Jordan Hamilton,sarah15@example.org,2023-03-03,REGULAR
736,Sarah Chavez,martinrandy@example.org,2021-12-26,PREMIUM
737,Julie Lawrence,lauren55@example.com,2022-09-13,REGULAR
738,Christopher Robertson,domingueztimothy@example.org,2024-03-09,PREMIUM
739,Sarah Allen,washingtonrobert@example.net,2023-09-09,REGULAR
740,Tonya Jones,robinmartinez@example.com,2026-01-29,REGULAR
741,Jeffrey Clark,gwebster@example.com,2024-01-12,REGULAR
742,Melissa Howard,josephholmes@example.com,2022-08-17,REGULAR
743,Michelle Allen,jessicatyler@example.net,2021-07-24,PREMIUM
744,Sara Collins,williamscynthia@example.com,2022-01-07,REGULAR
745,Lisa Todd,uyoung@example.com,2024-08-03,REGULAR
746,Richard Jones,iburch@example.com,2025-11-15,REGULAR
747,Jennifer Johnson,sandraparker@example.net,2024-11-11,REGULAR
748,William Kelly,clarkchristina@example.com,2025-01-21,VIP
749,Beverly Flynn,sjohnson@example.net,2023-06-18,REGULAR
750,Michael Johns,martineznicole@example.org,2023-10-05,REGULAR
751,Sean Dillon,kellymartinez@example.org,2024-04-16,REGULAR
752,Eric Hernandez,eric27@example.com,2022-03-10,REGULAR
753,Kimberly Young,maureenjacobson@example.com,2022-03-05,REGULAR
754,Jorge Torres,tpotter@example.com,2024-09-09,REGULAR
755,Jeffery Boyer,watkinsjoshua@example.net,2026-04-22,REGULAR
756,Alicia Williams,bradleybaker@example.org,2026-05-01,REGULAR
757,Jay Vaughn,ovalenzuela@example.org,2023-12-15,PREMIUM
758,Mary Ware,nathanhutchinson@example.net,2024-11-19,REGULAR
759,Cristian Conway,vanessagarcia@example.org,2023-09-04,VIP
760,Miss Casey Blair PhD,olsonjerry@example.org,2023-07-06,REGULAR
761,Vickie Smith,rferrell@example.net,2022-11-26,REGULAR
762,Ernest Webster,micheal70@example.net,2026-06-30,VIP
763,Michael Humphrey,kpierce@example.org,2022-10-23,VIP
764,Jeremy Padilla,hjackson@example.net,2025-07-15,REGULAR
765,Theodore Stark,shermanjanet@example.net,2024-01-13,REGULAR
766,April Jimenez,slopez@example.org,2023-06-07,REGULAR
767,Nathaniel Merritt,jamesking@example.org,2024-12-15,PREMIUM
768,Duane Johnson,andrenichols@example.org,2024-04-07,REGULAR
769,Stacy Boyd,henrylindsay@example.com,2023-12-04,REGULAR
770,Eduardo Evans,shawnjacobs@example.net,2024-02-20,PREMIUM
771,Anthony Cruz,david15@example.com,2024-03-04,REGULAR
772,Shawn Mullen,arnoldchristopher@example.net,2026-04-23,REGULAR
773,Jorge West,ariley@example.net,2024-06-28,VIP
774,Rhonda Thomas,ssavage@example.org,2026-03-25,PREMIUM
775,Anthony Peterson,vblair@example.com,2024-12-07,REGULAR
776,Bryan Evans,ggraham@example.org,2024-11-25,REGULAR
777,Donna Thompson,evansgloria@example.org,2022-02-28,REGULAR
778,Regina Rivera,andersonolivia@example.org,2025-02-15,REGULAR
779,Frances Neal,laurenjimenez@example.com,2023-10-29,REGULAR
780,Diana Small,martin66@example.net,2023-10-05,REGULAR
781,Michelle May,hebertmelissa@example.org,2026-03-09,PREMIUM
782,Robert Tate,idiaz@example.com,2026-02-08,REGULAR
783,Yolanda Malone,john45@example.org,2023-06-02,REGULAR
784,Daniel Calhoun,griffinlinda@example.net,2022-08-03,PREMIUM
785,Randall Daniels,gary09@example.net,2024-04-30,REGULAR
786,Lauren Brown,acruz@example.org,2026-04-25,REGULAR
787,Brian Moran,jessicajoyce@example.net,2025-12-11,REGULAR
788,Carmen Keller,jacksonlisa@example.net,2023-10-03,REGULAR
789,Ashley Gonzales,wperez@example.org,2023-08-26,REGULAR
790,Jamie Sullivan,williamskathryn@example.net,2026-05-22,VIP
791,Laura Brewer,christopherwhitehead@example.com,2025-12-02,REGULAR
792,Tracy Adams,kelsey73@example.org,2024-03-21,REGULAR
793,Ryan Lopez,chelsea20@example.net,2023-01-01,REGULAR
794,Kevin Best,jacobrobinson@example.com,2022-12-19,REGULAR
795,Janice Mitchell,goodrachel@example.net,2022-06-30,VIP
796,Keith Morgan,brandon48@example.org,2025-06-30,VIP
797,Charles Boyd,randalladams@example.com,2026-04-24,PREMIUM
798,Timothy David,ssmith@example.org,2024-03-13,VIP
799,Charles Wilkinson,bryantdenise@example.com,2026-07-02,REGULAR
800,Carol Morgan,howelljoanne@example.net,2025-01-23,REGULAR
801,Jessica Gonzalez,jeffrey16@example.org,2022-02-07,REGULAR
802,Ebony Franklin,solismark@example.com,2024-02-09,REGULAR
803,Emily Riley,grivers@example.org,2021-08-19,REGULAR
804,Jennifer Graham,cowankenneth@example.com,2023-03-16,PREMIUM
805,Laura Brooks,john28@example.org,2025-06-04,REGULAR
806,Kendra Miller,hallmegan@example.org,2025-01-12,REGULAR
807,David Mitchell,dkeith@example.org,2026-03-28,REGULAR
808,Mitchell Johnson,colleen16@example.com,2022-06-23,REGULAR
809,Rodney Wood,robertsanchez@example.org,2022-11-30,REGULAR
810,Adam Floyd,matthewmiller@example.org,2026-07-06,REGULAR
811,Kevin Sanchez,michaelbowers@example.com,2025-11-20,PREMIUM
812,Andrea Fischer,savannahbruce@example.com,2026-02-15,REGULAR
813,Patrick Livingston,william21@example.net,2023-02-12,REGULAR
814,Amanda Craig,edward40@example.com,2023-10-17,REGULAR
815,Carla Robbins,ambersanchez@example.org,2021-08-11,VIP
816,Virginia Briggs,gthompson@example.org,2025-12-14,REGULAR
817,Jamie Campbell,cindy30@example.net,2025-12-30,VIP
818,Eddie Smith,gomezamber@example.org,2026-05-19,VIP
819,Joseph Ibarra,tiffanydavis@example.net,2025-05-04,REGULAR
820,Sherry Cordova,yjones@example.org,2024-02-29,VIP
821,Brittany Reeves,fhall@example.com,2024-10-10,PREMIUM
822,Megan Stokes,yfreeman@example.org,2023-10-26,REGULAR
823,James Alexander,davidhernandez@example.org,2025-03-26,REGULAR
824,Shawn Hicks,mary30@example.org,2022-07-26,REGULAR
825,Brittany Andrews,michaelmiller@example.org,2026-04-05,REGULAR
826,Melissa Anderson,kurt63@example.org,2022-10-04,PREMIUM
827,Aaron Price,gchung@example.net,2024-07-15,REGULAR
829,Olivia Franco,deleonkenneth@example.org,2023-10-25,PREMIUM
830,Mr. John Francis,samanthathomas@example.net,2025-10-01,REGULAR
831,David Bowers,gonzalezlarry@example.net,2022-12-15,REGULAR
832,Karen Miller,rochanicole@example.com,2025-06-16,REGULAR
833,Kathleen Freeman,allenyoung@example.net,2026-05-11,REGULAR
834,Debbie Villanueva,jacquelinewilkinson@example.com,2024-07-28,REGULAR
835,Ronald May,bridgetroberson@example.net,2026-02-27,REGULAR
836,Ryan Anderson,kylewilson@example.net,2024-09-25,VIP
837,Kathleen Frazier,kgardner@example.net,2026-04-24,PREMIUM
838,Kayla Davis,oconnellsteven@example.com,2025-05-12,VIP
839,John Jones,ssantiago@example.org,2021-07-27,REGULAR
840,Charles Wood,strongmonica@example.org,2023-06-16,REGULAR
841,Diane King,jonathan10@example.com,2023-04-20,REGULAR
842,Mr. Duane Tucker,jreynolds@example.com,2025-10-14,REGULAR
843,Gregory Greene,anthonyhernandez@example.com,2024-07-28,REGULAR
844,Jacob Howard,coxcasey@example.org,2025-12-25,REGULAR
845,Lisa Johnson,molly68@example.com,2022-01-11,REGULAR
846,Dylan Nielsen,eward@example.com,2024-08-30,PREMIUM
847,Lori Greene,ohernandez@example.net,2023-08-08,REGULAR
848,Renee Curry,qreed@example.org,2022-05-26,REGULAR
849,Nicole Davis,william88@example.net,2023-12-01,REGULAR
850,Donna Davis,lcalderon@example.org,2025-07-30,REGULAR
851,Nicholas Elliott,karendavis@example.org,2025-05-12,VIP
852,Tasha Salinas,sherrimccoy@example.com,2024-10-26,PREMIUM
853,Amy Hernandez,richardsonpatricia@example.net,2025-02-04,REGULAR
855,Nicole Thomas,amberblankenship@example.com,2026-05-21,VIP
856,Howard Ross,williamacosta@example.com,2021-08-24,REGULAR
857,Willie Jones,rgonzalez@example.net,2023-01-30,REGULAR
858,Priscilla Anderson,millsruth@example.net,2024-10-12,PREMIUM
859,Frank Johnson,watkinsrobin@example.net,2023-05-26,REGULAR
860,Tom Braun,pamela78@example.org,2023-03-22,REGULAR
861,Amanda Morrison,yolson@example.com,2026-06-11,PREMIUM
862,Kimberly Cook,davidrichardson@example.org,2022-03-13,REGULAR
863,William Gomez,richardbarnes@example.net,2022-08-22,REGULAR
864,Tina Turner,ethan16@example.net,2024-02-23,REGULAR
865,Michael Daugherty,jonesjennifer@example.net,2021-07-30,REGULAR
866,Paige Bennett,boltonstephanie@example.org,2026-06-18,PREMIUM
867,Ashley Mcdonald,phillip50@example.com,2022-09-13,REGULAR
868,Brett Reyes,rodriguezjeremy@example.net,2024-06-11,VIP
869,Jaclyn Mills,sherry58@example.org,2023-02-19,REGULAR
870,Devin Smith,ruizpenny@example.com,2023-12-16,REGULAR
871,Steven Allen,webblouis@example.com,2023-07-12,REGULAR
872,John Brown,glenn43@example.com,2025-02-23,PREMIUM
873,Michael Olson,christopherblanchard@example.org,2022-03-18,PREMIUM
874,Derek Graves PhD,rhondahutchinson@example.net,2022-12-24,REGULAR
875,Miguel Graham,haileyramsey@example.net,2021-09-04,REGULAR
876,Jennifer Martinez,robert22@example.com,2024-07-12,VIP
877,Bethany Hickman,kyle01@example.org,2024-10-17,PREMIUM
878,Kelly Holmes,garciachristopher@example.org,2023-03-16,REGULAR
879,Aaron Obrien,alexander80@example.com,2023-08-28,REGULAR
880,Brittany Gillespie,johngonzalez@example.com,2025-06-23,VIP
881,Jason Robbins,longcarl@example.com,2025-01-23,REGULAR
882,Jaclyn Becker,james85@example.net,2024-02-25,REGULAR
883,Shannon Simpson,nicolewilson@example.net,2025-07-13,REGULAR
884,William Lee,kaylaschwartz@example.com,2021-08-26,PREMIUM
885,Wayne Burke,perezpaul@example.org,2024-03-21,REGULAR
886,Miss Adriana Owens MD,alexanderheather@example.net,2024-05-28,REGULAR
887,Joseph Chambers,kimberly20@example.org,2021-10-30,REGULAR
888,Shelly Gomez,robert46@example.org,2023-08-30,REGULAR
889,Reginald Allen,wwaters@example.org,2022-03-11,REGULAR
890,Ethan Cooper,tylercarter@example.com,2023-11-12,REGULAR
891,Olivia Cordova,adamwilliams@example.org,2022-02-03,PREMIUM
892,Nicole Stephens,jennifer91@example.com,2023-04-11,REGULAR
893,Jennifer Hall,goodwinnicholas@example.net,2025-04-06,REGULAR
894,Charles Smith,cruzalexander@example.net,2022-05-15,REGULAR
895,Amy Lewis,djohnson@example.org,2025-12-31,REGULAR
896,Laura Johnson,fmoore@example.com,2026-04-30,REGULAR
897,Anthony Hernandez,amyjohnson@example.com,2024-06-20,VIP
898,Andrew Carter,omiller@example.com,2023-06-15,REGULAR
899,Amy Olsen,wpetersen@example.org,2024-04-04,REGULAR
900,Cynthia Cooper,sandra28@example.net,2026-07-09,PREMIUM
901,Richard Caldwell,patriciagraves@example.com,2023-02-04,REGULAR
902,Erin Anderson,jenningscody@example.net,2025-07-25,PREMIUM
903,Gary Roberts,denisemoses@example.net,2021-10-08,REGULAR
904,Frank Mcdonald,josescott@example.net,2021-09-06,PREMIUM
905,Jeffrey Hughes,davidroman@example.net,2022-12-31,VIP
906,Justin Hines,matthew29@example.org,2024-02-29,PREMIUM
907,Eric Williams,hwilson@example.org,2023-04-30,REGULAR
908,Amy Wright,kellydavis@example.com,2022-01-12,PREMIUM
909,Tina White,scott68@example.org,2022-07-18,PREMIUM
910,Terri Cross,melanieharvey@example.com,2022-09-19,REGULAR
911,Taylor Rivera,malik59@example.org,2021-08-02,REGULAR
912,Tammy Ellison,josephrobinson@example.net,2022-03-15,VIP
913,Rodney Duffy,tnorman@example.com,2022-06-06,REGULAR
914,Karen Johnson,nicolemedina@example.com,2024-07-29,REGULAR
915,Melanie Price,danielleweber@example.com,2021-09-23,REGULAR
916,Sarah Matthews,thomasmichelle@example.org,2022-03-02,REGULAR
917,Gary Wilkerson,justinbaxter@example.com,2026-03-08,REGULAR
918,Jessica Meyer,jjohnson@example.net,2024-03-28,REGULAR
919,Tyler Le,lewisnancy@example.org,2022-03-16,REGULAR
920,Christopher Cruz,tharris@example.com,2024-11-21,REGULAR
921,Laura Perkins,hmayo@example.org,2021-10-01,REGULAR
922,Charles Bowen,bennetttamara@example.org,2022-03-04,REGULAR
923,Charles James,priscillasmith@example.net,2024-10-23,REGULAR
924,David Hicks,marytate@example.org,2024-10-05,REGULAR
925,Adam Newton,ppatel@example.net,2021-08-07,VIP
926,Jennifer Caldwell,simsstephen@example.com,2023-03-01,VIP
928,Tammy Williams,nicholejohnson@example.net,2023-08-13,VIP
929,Carmen Hurley,scottcabrera@example.com,2024-10-15,PREMIUM
931,Phillip Rice,erika99@example.org,2024-03-08,REGULAR
932,Derek Buchanan,jack60@example.net,2025-10-25,REGULAR
933,Amy Murray,ashleygarcia@example.net,2025-12-20,VIP
934,Anthony Conrad,hwoods@example.com,2024-12-22,PREMIUM
935,Megan Johnson,atkinslaura@example.org,2025-05-29,REGULAR
936,Gabriel Washington,jameshart@example.net,2023-10-29,REGULAR
937,Diana Henderson MD,crobinson@example.com,2025-10-09,VIP
938,Cathy Clark,melvinroberts@example.org,2022-07-05,REGULAR
939,Sharon Miles,rle@example.org,2022-11-26,REGULAR
940,Paul Rodriguez,icastro@example.org,2021-08-03,VIP
941,Brianna Moore,kwallace@example.com,2025-07-12,PREMIUM
942,Cathy Robbins,reedmelissa@example.com,2025-07-02,PREMIUM
943,Jennifer Jackson,perrywilliam@example.org,2022-11-20,REGULAR
944,Jeffery Taylor,ramireztami@example.org,2025-06-30,REGULAR
945,James Gray,cannonrichard@example.net,2025-07-04,REGULAR
946,Pamela Merritt,hutchinsonanthony@example.net,2023-06-29,REGULAR
947,Caitlyn Fitzpatrick,josephgraham@example.org,2023-05-04,VIP
948,Benjamin Baker,olsensusan@example.org,2023-06-28,REGULAR
949,Wesley Murphy,amandahall@example.org,2024-04-06,PREMIUM
950,Ashley Riddle,alexanderjulia@example.net,2021-10-22,REGULAR
951,Joshua Gonzalez,ruthbaker@example.net,2023-01-06,REGULAR
952,Roberto Branch,mjimenez@example.net,2024-08-09,REGULAR
953,Robert Evans,carterwanda@example.com,2023-11-22,REGULAR
954,Gregory Thomas,nguyenjared@example.net,2024-03-01,REGULAR
955,Sheri Garcia,ericwatkins@example.net,2025-11-03,REGULAR
956,Emma Jenkins,jrojas@example.com,2022-02-06,REGULAR
957,Alexandria Stokes,lamjulia@example.com,2025-10-05,REGULAR
958,James Roberson,kphillips@example.net,2025-06-29,REGULAR
959,Bradley Jenkins,stevenwhite@example.com,2022-09-18,PREMIUM
960,Melissa Colon,elizabeth69@example.com,2024-05-26,REGULAR
961,Marcia Mooney,geraldjohnson@example.com,2023-11-09,VIP
962,Shari Goodman,diana60@example.com,2025-06-16,REGULAR
963,Sean Adams,melindawilliams@example.org,2025-08-14,REGULAR
964,Clinton Carter,bartlettjoshua@example.org,2025-06-17,PREMIUM
965,Mrs. Tanya Watts MD,cathy18@example.org,2024-01-22,REGULAR
966,John Velasquez,clarkvincent@example.com,2024-04-14,REGULAR
967,Olivia Lyons,llee@example.net,2022-03-18,REGULAR
968,Melissa Pearson,erinmueller@example.org,2021-07-12,VIP
969,Mr. Keith Farley MD,aaron30@example.org,2023-07-10,REGULAR
970,David Hancock,ksanchez@example.com,2021-11-19,REGULAR
971,Jean Oliver,sanchezjessica@example.com,2023-02-27,REGULAR
972,Joseph Gonzalez,kelly86@example.net,2024-03-13,VIP
973,Kathleen Ray,xavier47@example.net,2024-09-11,PREMIUM
974,Hector Coleman,crystal23@example.org,2022-06-06,REGULAR
975,Jeremy Norman,smithcatherine@example.org,2024-11-12,REGULAR
976,Maria Ball,connie09@example.org,2021-10-12,REGULAR
977,William Johnston,joseph65@example.org,2023-10-01,REGULAR
978,Daniel Villarreal,adriangarrison@example.net,2024-05-07,PREMIUM
979,Joe Singh,carmen64@example.org,2023-08-25,REGULAR
980,Kenneth Fields,faulknerrichard@example.org,2022-03-20,REGULAR
981,Brandon Costa,patricksaunders@example.org,2023-02-08,PREMIUM
982,Justin Ramirez,uspence@example.net,2026-06-17,REGULAR
983,Timothy Kaufman,ronald51@example.com,2024-03-25,REGULAR
984,Mr. Robert Ramirez,andreagarcia@example.org,2022-10-10,PREMIUM
985,Alison Waller,dawnlamb@example.org,2021-12-31,REGULAR
986,John Douglas,adiaz@example.com,2025-09-07,REGULAR
987,Craig Goodman,heatherluna@example.net,2021-11-18,PREMIUM
988,Brandon Love,pmoss@example.com,2025-12-10,VIP
989,John Martin,brianna56@example.com,2025-04-04,VIP
990,Shannon Vasquez,michael04@example.net,2022-09-22,REGULAR
991,Nathaniel Bautista,shawn10@example.net,2022-12-09,PREMIUM
992,Danielle King,paul37@example.com,2025-05-26,PREMIUM
993,Jonathan Hoover,hrodriguez@example.net,2026-03-05,REGULAR
994,Kevin Gonzalez,annejones@example.net,2021-08-30,REGULAR
995,Jocelyn Taylor,kristinklein@example.com,2022-06-27,REGULAR
996,John Villarreal,katiebrown@example.net,2026-04-24,REGULAR
997,Sarah Ford,whitecorey@example.org,2023-01-25,REGULAR
998,Larry Woods,wintersandrea@example.net,2022-08-12,REGULAR
999,Christopher Gordon,cathygeorge@example.net,2024-04-14,REGULAR
1000,Joel Hamilton,hallashley@example.org,2022-05-03,REGULAR
1001,Lisa Woodard,kenneth81@example.org,2025-09-27,REGULAR
1002,Thomas Moore,shawn78@example.com,2023-01-18,REGULAR
1003,Julie Taylor,smithrobert@example.net,2025-11-22,REGULAR
1004,Laura West,zgross@example.net,2025-11-11,REGULAR
1005,Jennifer Terrell,kmathews@example.com,2024-06-10,REGULAR
1006,Michelle Horn,rmccarthy@example.org,2023-12-02,REGULAR
1007,Jerry Edwards,luis88@example.net,2025-05-03,REGULAR
1008,Cynthia Martinez,suzanne38@example.net,2023-07-03,REGULAR
1009,Steven Moran,crystalharrington@example.com,2024-07-04,REGULAR
1010,Jonathan Dixon,hgalvan@example.net,2024-06-18,REGULAR
1011,Thomas Ortega,danielrobbins@example.net,2025-02-17,REGULAR
1012,Casey Newman,james20@example.net,2023-09-20,REGULAR
1013,Madeline Jarvis,williambryant@example.org,2025-01-22,REGULAR
1014,Keith Jackson,phillipsmary@example.net,2022-06-09,REGULAR
1015,Donald Stone,qgross@example.org,2023-03-01,REGULAR
1016,Antonio Knight,andersonmichael@example.net,2022-05-04,VIP
1017,Leslie Alexander,prattstacy@example.net,2024-05-18,VIP
1018,Beth Ramos,mmendez@example.org,2021-07-24,REGULAR
1019,Jonathan Diaz,varnold@example.com,2023-09-03,PREMIUM
1020,David Brown,deborah79@example.com,2023-07-23,VIP
1021,Frank Evans,larrywilson@example.net,2024-09-19,PREMIUM
1022,Anthony Smith,laura93@example.com,2023-05-05,REGULAR
1023,Lindsay Cruz,carriegardner@example.org,2022-04-14,REGULAR
1024,Jessica Rojas,garciakendra@example.com,2021-08-15,REGULAR
1025,Andrea Evans,lauren70@example.org,2026-05-20,REGULAR
1026,Catherine Ramirez,allenshannon@example.org,2022-10-07,REGULAR
1027,Mr. Matthew Rivera,hsmith@example.net,2023-02-03,PREMIUM
1028,Shannon Ruiz,tanner50@example.com,2025-10-13,REGULAR
1029,Cheryl Smith,tylerdavis@example.org,2026-03-08,REGULAR
1030,Lynn Neal,bballard@example.net,2024-12-27,PREMIUM
1031,Amber Monroe,chunter@example.net,2023-07-09,REGULAR
1032,Albert Le,crichardson@example.net,2025-06-14,REGULAR
1033,Susan Conley,derek71@example.net,2022-11-29,REGULAR
1034,Jose Riley,imorgan@example.net,2024-09-03,REGULAR
1035,Carl Miller,kimalexander@example.org,2026-05-02,REGULAR
1036,Susan Yang,trevorrivera@example.org,2025-04-22,VIP
1037,Kimberly Gonzales,christine35@example.net,2025-01-10,PREMIUM
1038,Jeff Church,kenneth43@example.com,2023-08-07,PREMIUM
1039,Christian Hernandez,jessicawhite@example.org,2022-02-28,REGULAR
1040,Thomas Mclaughlin,wwhite@example.com,2023-09-28,REGULAR
1041,Emily Brewer,qfoster@example.org,2025-05-25,REGULAR
1042,Jacob Evans,gabrielawheeler@example.net,2024-11-07,PREMIUM
1043,Victor Weaver MD,jhernandez@example.com,2024-08-25,VIP
1044,Colton Kelley,clarkkristen@example.org,2026-02-06,PREMIUM
1045,Maurice Stone,danielward@example.net,2025-03-09,PREMIUM
1046,Paul Adams,martinezclarence@example.com,2025-03-30,REGULAR
1047,Nicholas Watson,victoria38@example.org,2025-11-09,REGULAR
1048,Carlos Harrell,larry35@example.net,2025-11-30,REGULAR
1049,Daniel Wheeler,hallthomas@example.net,2022-10-20,REGULAR
1050,Gregory Edwards,lunakatelyn@example.com,2024-08-21,REGULAR
1051,Brian Potter,joelsolis@example.org,2024-10-03,VIP
1052,Mark Johnson,stewartmelinda@example.net,2025-02-24,REGULAR
1053,Nathaniel Davis,nbrown@example.net,2026-05-16,REGULAR
1055,Dr. Rhonda Watkins MD,campbelldavid@example.net,2026-04-19,REGULAR
1056,Kelsey Price,stonejennifer@example.org,2024-09-17,REGULAR
1057,Darlene Washington,vcook@example.com,2021-07-11,VIP
1058,Nathan Cooper,mark49@example.net,2023-05-31,REGULAR
1059,Nicholas Blevins,eric08@example.org,2026-06-30,REGULAR
1060,Kimberly King,cgarcia@example.com,2024-02-28,PREMIUM
1061,Frances Sparks,vanessa07@example.com,2021-12-18,REGULAR
1062,Laura Morris,amanda84@example.net,2025-05-28,REGULAR
1063,Robert Schmitt,schroederdavid@example.com,2024-02-28,VIP
1064,Zachary Fitzgerald,cruzkyle@example.org,2022-07-19,REGULAR
1065,Deborah Gordon,oobrien@example.com,2023-11-26,REGULAR
1066,Carrie Klein,xmullins@example.org,2024-09-23,PREMIUM
1067,Lucas Frye,paigehill@example.net,2022-04-20,REGULAR
1068,Jose Chen,fisherlarry@example.net,2024-11-23,REGULAR
1070,Emily Oconnell,lisa15@example.net,2025-06-14,REGULAR
1071,Trevor Sims,juanchristensen@example.net,2022-01-05,VIP
1072,Morgan Ross,isaacparker@example.net,2021-08-19,PREMIUM
1073,Kenneth Harrison,cookjoshua@example.org,2022-01-25,REGULAR
1074,Richard Baker,kenneth42@example.net,2025-02-23,REGULAR
1075,Brandi Thomas,dfoster@example.org,2026-05-11,REGULAR
1076,Noah Hudson,gphillips@example.org,2024-08-28,REGULAR
1077,Mrs. Angela Velasquez,afry@example.org,2024-06-22,REGULAR
1078,Daniel Rangel,whiteheadstephanie@example.com,2024-09-12,REGULAR
1079,Amanda Whitehead,valenzuelashawn@example.org,2023-08-08,REGULAR
1080,Beverly Bauer,rachelcolon@example.org,2024-09-14,REGULAR
1081,Kimberly Ochoa,lauren32@example.com,2023-11-01,PREMIUM
1082,Jonathan Shelton,vegastephanie@example.net,2025-07-26,REGULAR
1083,Aaron Olson,robertroberts@example.net,2021-10-02,REGULAR
1084,Joshua Gilmore,fherrera@example.org,2024-04-05,REGULAR
1085,Vickie Sutton,gcooper@example.org,2025-12-23,REGULAR
1086,Travis Miller,ashley78@example.org,2023-03-25,PREMIUM
1087,Ruth Ortiz,smoyer@example.org,2022-05-05,REGULAR
1088,Carol Davis,jennifer35@example.com,2022-10-18,REGULAR
1089,Carol White,dennis22@example.com,2024-01-16,REGULAR
1090,Joy Terry,masonrichard@example.com,2023-10-10,REGULAR
1091,Gary Johnson,stanleydavis@example.com,2021-12-17,REGULAR
1092,Kellie Gibson,edwardsjessica@example.org,2025-07-06,REGULAR
1093,Chelsea Sandoval,cmartin@example.net,2023-04-28,PREMIUM
1094,Traci Ho,katherine76@example.org,2023-08-15,REGULAR
1095,Cassandra Gonzalez,amber05@example.com,2023-07-19,REGULAR
1096,Joshua Sawyer,thomastiffany@example.com,2022-05-28,REGULAR
1097,Molly French,ytaylor@example.com,2023-09-18,PREMIUM
1098,Steven Miller,renee39@example.net,2025-05-01,REGULAR
1099,Leslie Branch,haynescindy@example.com,2024-02-05,REGULAR
1100,Amanda Lopez,uhunt@example.org,2025-08-20,PREMIUM
1101,Christopher Barber,raymondhill@example.net,2024-07-01,REGULAR
1102,Rachel Thomas,chelsea83@example.com,2024-12-15,REGULAR
1103,Lisa Garcia,mgrant@example.org,2025-08-18,REGULAR
1104,Jessica Austin,charvey@example.org,2023-04-02,REGULAR
1105,Christian Green,scottwatts@example.net,2021-10-20,REGULAR
1106,Cynthia Hogan,qriddle@example.net,2023-11-26,REGULAR
1107,Jason Munoz,eric73@example.com,2025-08-21,REGULAR
1108,Jodi Johnston,nathanielsmith@example.com,2022-04-08,REGULAR
1109,Melissa Frye,nancycastaneda@example.net,2021-12-15,PREMIUM
1111,Cynthia Parks,ecampbell@example.com,2023-05-05,VIP
1112,Susan Hernandez,clarkbrooke@example.com,2023-08-21,VIP
1113,Steven Griffin,brookeblake@example.com,2024-10-14,REGULAR
1114,Kevin Garner,achavez@example.com,2023-01-03,REGULAR
1115,Joseph Bates,christopher05@example.net,2024-03-29,REGULAR
1116,Ian Jenkins,fisherjody@example.org,2025-05-11,REGULAR
1117,Anthony Spencer,sarah70@example.com,2022-08-08,REGULAR
1118,Victor Zavala,steven76@example.org,2021-08-03,REGULAR
1119,Lindsay Smith,halllisa@example.com,2025-01-16,REGULAR
1120,Carlos Castaneda,ramseychristy@example.com,2022-07-19,REGULAR
1121,David Ashley,nicholejohnson@example.net,2021-11-28,REGULAR
1122,Charles Hale,glennhoffman@example.org,2023-07-17,REGULAR
1123,Sharon Eaton,ffields@example.com,2024-06-13,PREMIUM
1124,John Yates,carolgarcia@example.org,2026-05-11,REGULAR
1125,Darren Russell,jason47@example.com,2022-12-26,PREMIUM
1126,Julia Ford,samantha34@example.net,2024-09-08,REGULAR
1127,Michael Edwards,timothy50@example.net,2024-06-01,VIP
1128,Kevin Bell,ryan59@example.org,2021-11-28,REGULAR
1129,Daniel Sanders,jeffreykelly@example.net,2021-07-19,VIP
1130,Matthew Russell,amandaayala@example.net,2024-08-14,REGULAR
1131,Sonya Harding MD,lroach@example.org,2026-04-04,REGULAR
1132,Jean Foster,lauraruiz@example.net,2023-07-15,REGULAR
1133,Marie Jones,ashley98@example.com,2024-11-10,REGULAR
1134,Tiffany Park,samantha32@example.com,2025-10-27,REGULAR
1135,Laura Clark,deanna72@example.org,2024-05-26,REGULAR
1136,Leroy Walker,patricia25@example.net,2021-12-13,REGULAR
1137,Vanessa Rios,foxchristy@example.com,2026-05-11,REGULAR
1138,Timothy Carlson,johnsonronald@example.com,2022-03-10,REGULAR
1139,Sophia Bennett,traceycrosby@example.net,2024-07-28,REGULAR
1140,Bethany Sparks,mark97@example.com,2024-10-01,PREMIUM
1141,Edwin Johnson,shannon04@example.com,2023-02-02,REGULAR
1142,Michelle Gonzalez,allen50@example.com,2022-06-11,REGULAR
1143,Jacob Hernandez,mary01@example.com,2023-05-21,PREMIUM
1144,David Nelson,edward99@example.com,2024-04-30,REGULAR
1145,Alicia Smith,james74@example.org,2023-09-06,REGULAR
1146,Benjamin Yoder,dustin33@example.org,2022-05-24,REGULAR
1147,Joanne Anderson,gregory02@example.org,2022-12-16,REGULAR
1148,Gabriel Greene,elliottalyssa@example.org,2025-02-20,PREMIUM
1149,Nicole Lee,michaelmontgomery@example.com,2026-02-26,PREMIUM
1150,Monica Silva MD,jonathancampbell@example.net,2025-10-19,REGULAR
1151,Steven Wood,jamie11@example.org,2025-10-05,PREMIUM
1152,Robert Patterson,stephanie37@example.com,2023-07-17,REGULAR
1153,Scott Rice,owilliams@example.net,2021-09-10,REGULAR
1154,Travis Edwards,tanyawilliams@example.net,2022-05-28,REGULAR
1155,Daniel Hall,justin68@example.com,2025-05-18,PREMIUM
1156,Jonathan Duran,antonio14@example.org,2023-12-16,REGULAR
1158,Matthew Gordon,joseph33@example.com,2022-11-09,REGULAR
1159,Rebecca Schultz,leonmitchell@example.org,2021-10-01,REGULAR
1160,Michelle Meyers,molly16@example.org,2024-09-01,REGULAR
1161,Dustin West,mariewilliams@example.net,2022-08-28,REGULAR
1162,Ryan Thomas,turnermichael@example.net,2026-04-19,VIP
1163,Steven Williams,jacobriley@example.net,2026-05-09,REGULAR
1164,Robert Johnson,dyermary@example.net,2021-12-29,REGULAR
1165,Andres Mitchell,matthewbaldwin@example.com,2023-07-24,PREMIUM
1166,Kelly Stevens,antoniolong@example.com,2023-06-27,REGULAR
1167,Jamie Jones,mvargas@example.net,2024-04-11,REGULAR
1168,Samantha Stanley,ltorres@example.org,2023-07-14,REGULAR
1169,Matthew Brown,dalemorris@example.net,2024-09-16,REGULAR
1170,Kelly Williams,charlesbell@example.net,2022-12-27,REGULAR
1171,Daniel Schneider,chaddickerson@example.net,2024-05-15,REGULAR
1172,Patricia Oconnell,xhill@example.org,2025-05-31,REGULAR
1173,Tracey Crosby,seanray@example.com,2025-09-30,VIP
1174,Joseph Neal,angelacameron@example.com,2024-07-29,REGULAR
1175,Angela Curry,bbenson@example.net,2022-09-09,REGULAR
1176,David Chang,agallegos@example.net,2022-10-30,REGULAR
1177,Philip Mcintosh,privera@example.net,2024-04-30,REGULAR
1178,Leslie Flynn,amy01@example.net,2024-01-29,REGULAR
1179,Kimberly Lopez,smithfrank@example.com,2022-06-14,PREMIUM
1180,Mike Fernandez,steventorres@example.net,2025-02-27,REGULAR
1181,Breanna Knox,qday@example.org,2022-09-05,REGULAR
1182,Sharon Chen,richardsontammy@example.org,2022-03-17,REGULAR
1183,David Martinez,rebecca87@example.org,2025-10-11,PREMIUM
1184,Alyssa Guerrero,david59@example.com,2024-11-25,PREMIUM
1185,Dr. Paul Wilson,richard99@example.org,2022-10-20,REGULAR
1186,Jessica Gay,phillipscindy@example.com,2024-08-02,REGULAR
1187,Pamela Smith,kaitlyn23@example.net,2021-07-30,REGULAR
1188,Sara Cook,norriskenneth@example.org,2021-12-06,REGULAR
1189,Gary Rodriguez,shawngarza@example.com,2024-04-04,REGULAR
1190,Shannon Johnson,ktucker@example.com,2025-12-29,REGULAR
1191,Melanie Smith,nataliesellers@example.com,2024-04-27,REGULAR
1192,Christine Ramos,stoneelizabeth@example.org,2025-12-14,PREMIUM
1193,Yvette Friedman,laurajackson@example.org,2025-05-29,REGULAR
1194,Kimberly Robertson,andrewthomas@example.org,2025-03-01,REGULAR
1195,Xavier Irwin,alexander83@example.net,2024-01-11,REGULAR
1196,Natasha Huber,garciamark@example.org,2023-06-30,REGULAR
1197,Jared Thomas,josephbuchanan@example.org,2022-03-18,REGULAR
1198,Christopher Johnson,williamsdebra@example.com,2026-03-16,REGULAR
1199,Melvin Pittman,melissabrown@example.org,2025-11-21,REGULAR
1200,Susan Ramirez,lewisaimee@example.net,2022-04-15,VIP
1201,Meredith Nguyen,rfranco@example.com,2023-05-14,REGULAR
1202,Jason Sanchez,holly07@example.com,2024-04-21,REGULAR
1203,Laurie Noble,costabrittany@example.com,2023-09-08,REGULAR
1204,Brian Robbins,christopher53@example.net,2026-03-18,VIP
1205,Hannah Bowman,steven60@example.net,2025-09-07,REGULAR
1206,Alexander Edwards,denisesmith@example.com,2021-07-23,REGULAR
1207,Ronald Pena,mcdanielpaul@example.org,2022-02-11,REGULAR
1208,Paul Vaughn,natalie89@example.net,2025-01-10,PREMIUM
1209,Sara Moore,fordcurtis@example.org,2025-08-22,REGULAR
1210,Bianca Willis,uchandler@example.org,2022-07-05,PREMIUM
1211,Daniel Williams,samuel47@example.net,2022-09-21,REGULAR
1212,Rebecca Pitts DDS,jeremy17@example.org,2023-09-13,REGULAR
1213,James Bird,sarahreid@example.net,2022-11-24,REGULAR
1214,Elizabeth Beltran,brittany50@example.org,2022-08-06,REGULAR
1215,Karen Santana,kimberly01@example.net,2022-01-12,REGULAR
1216,Diana Munoz,greendavid@example.org,2025-03-03,REGULAR
1217,Ryan Sanchez,judymcdonald@example.org,2023-01-12,REGULAR
1218,Mary Kelley,jeffrey35@example.org,2021-12-16,PREMIUM
1219,Lisa Goodman,nicolebaker@example.org,2022-08-10,REGULAR
1220,Brian Odonnell,christopher22@example.org,2026-06-08,PREMIUM
1221,Lori Evans,jonathanhodge@example.com,2025-07-18,REGULAR
1222,Johnathan Galloway,wilsonsean@example.com,2024-09-12,REGULAR
1223,Christopher Campbell,silvamatthew@example.net,2021-12-28,PREMIUM
1224,Justin Brooks,michael47@example.com,2023-07-09,PREMIUM
1225,Hannah Taylor,thomascarla@example.org,2021-09-17,PREMIUM
1226,Emily Bennett,rachel03@example.org,2021-10-08,PREMIUM
1227,Cheryl Murphy,randerson@example.net,2026-01-06,PREMIUM
1228,Robert Bowen,woodardricardo@example.net,2026-06-27,REGULAR
1229,Mrs. Lisa Cole,skaiser@example.org,2024-04-17,PREMIUM
1230,John Armstrong,gaillewis@example.org,2024-09-19,PREMIUM
1231,Sheryl Brown,edwinrodriguez@example.org,2022-06-09,REGULAR
1232,Stacy Cohen DDS,qmurray@example.net,2025-02-18,REGULAR
1233,John Doyle,lindsey92@example.com,2022-09-11,REGULAR
1234,Anthony Malone,michaelpeters@example.com,2024-01-13,VIP
1235,Marcus Walsh,cponce@example.org,2023-04-04,VIP
1236,Jorge Ball,adamschelsea@example.net,2023-01-07,REGULAR
1237,Dustin Ochoa,lindsay67@example.com,2023-03-20,REGULAR
1238,Kim Henderson,jordanchristopher@example.net,2024-08-20,REGULAR
1239,Rachel Berry,jennifer99@example.com,2025-06-02,PREMIUM
1240,Fernando Trevino,qwebb@example.org,2023-03-19,REGULAR
1241,April Davis,reedsarah@example.org,2023-02-19,REGULAR
1242,Melissa Norton,rcruz@example.net,2023-10-27,REGULAR
1243,Angela Crawford,tammie08@example.net,2024-12-10,REGULAR
1244,Mary Hutchinson,dawnstone@example.org,2026-02-18,REGULAR
1245,Eric Valencia,lorisloan@example.net,2024-10-30,PREMIUM
1246,Melanie Green,zacharychapman@example.net,2021-10-31,REGULAR
1247,Alexander Martin,davisthomas@example.net,2022-02-16,REGULAR
1248,Patrick Arias,enelson@example.org,2024-05-31,REGULAR
1249,Laura Porter,bmoran@example.org,2024-10-22,REGULAR
1250,Jacob Young,agomez@example.net,2025-03-01,PREMIUM
1251,Spencer Trujillo,fclark@example.org,2025-11-19,VIP
1252,Elaine Bishop,mcontreras@example.com,2024-05-15,REGULAR
1253,Tommy Turner,moraleseric@example.net,2025-08-20,PREMIUM
1254,Alexandra Hamilton,mlynch@example.net,2023-04-15,VIP
1255,Jeff Stephens,allisonnoble@example.com,2024-02-12,REGULAR
1256,Teresa Brown,michael43@example.com,2023-04-26,REGULAR
1257,Raymond Strickland,fallen@example.net,2021-12-17,REGULAR
1258,Patrick Giles,iwright@example.net,2025-12-01,PREMIUM
1259,Anna Alexander,angelaortega@example.net,2023-02-16,PREMIUM
1260,Nathan Norris,whitekellie@example.com,2024-05-30,REGULAR
1261,Charles Bishop,angela32@example.org,2025-07-16,REGULAR
1262,Joseph Sims,joe09@example.com,2023-05-03,REGULAR
1263,Sandra Li,mterry@example.org,2021-08-24,VIP
1264,Debbie Dudley,millercharlene@example.org,2022-04-18,VIP
1265,Samuel Garcia,flee@example.org,2023-05-14,PREMIUM
1266,Jamie Diaz,jacqueline39@example.org,2023-06-05,PREMIUM
1267,Stacey Taylor,theresa32@example.com,2024-03-24,REGULAR
1268,Amy Lin,tonya06@example.net,2025-03-06,REGULAR
1269,Jessica Salazar,christinafrazier@example.net,2023-05-19,REGULAR
1270,Kerry Burns,duffystephen@example.com,2024-02-25,REGULAR
1271,Linda Gaines,twolf@example.org,2022-09-11,PREMIUM
1272,Melissa Andrews,linda02@example.net,2023-03-05,REGULAR
1273,Diana Davis,lblack@example.org,2022-11-02,REGULAR
1274,William Wolfe,xhernandez@example.net,2023-04-11,REGULAR
1275,Tony Alexander,carpenternathan@example.org,2024-12-30,REGULAR
1277,Jamie Gibbs,spierce@example.net,2023-05-19,REGULAR
1278,Richard Thompson,jennifernelson@example.net,2021-08-19,REGULAR
1279,Brittany Johnson,benjaminwright@example.com,2024-06-19,PREMIUM
1280,Mark Ramos,tnelson@example.net,2025-01-20,REGULAR
1281,Charles Hawkins,reeveswillie@example.com,2026-01-02,REGULAR
1282,Kent Reynolds,wallison@example.org,2025-08-21,PREMIUM
1283,Joyce Shields,dfernandez@example.net,2025-04-19,VIP
1284,Heather Ramirez,vjames@example.org,2021-10-09,REGULAR
1286,Brandy Oconnor,williamsshelly@example.net,2021-08-21,REGULAR
1287,Nathan Henderson,davisjulia@example.net,2023-11-13,VIP
1288,Erin Watson,christopher69@example.net,2023-08-06,REGULAR
1289,Joel Avila,sierrajimenez@example.com,2026-04-02,PREMIUM
1290,Gary Arnold,grantkevin@example.org,2025-12-25,REGULAR
1291,Catherine Foster,drew27@example.org,2025-06-14,REGULAR
1292,Elizabeth Rosales,bensonjessica@example.net,2025-08-23,PREMIUM
1293,Elizabeth Brown,sarawilkinson@example.net,2023-05-20,REGULAR
1294,Evan Banks,cmiller@example.net,2025-02-25,REGULAR
1295,Jerry Rice,davidfleming@example.org,2026-04-24,REGULAR
1296,Amanda Walton,ronaldbarnes@example.org,2022-10-27,REGULAR
1297,Sierra Gentry,andrew95@example.com,2022-07-03,PREMIUM
1298,Steven Curry,kgarner@example.net,2025-01-02,REGULAR
1299,Scott Williams,nicholaswagner@example.com,2024-05-10,REGULAR
1300,Jeremy Greer,xharris@example.com,2023-01-23,PREMIUM
1301,Elizabeth Lamb,marvin91@example.com,2025-12-26,REGULAR
1302,Julia Oliver,amandakennedy@example.net,2024-08-08,REGULAR
1303,Kimberly Miller,karennguyen@example.com,2021-12-08,REGULAR
1304,Elizabeth Adams,john23@example.com,2023-07-13,REGULAR
1305,Jennifer Miller,christopher59@example.org,2026-03-01,REGULAR
1306,Kathy Russell,parkkaitlyn@example.net,2025-05-13,PREMIUM
1307,Lisa Valencia,twagner@example.org,2023-08-16,REGULAR
1308,Jesus Kaufman,johnmorales@example.org,2022-06-20,REGULAR
1309,Katherine Nguyen,williamconway@example.org,2022-05-30,REGULAR
1310,Thomas Owens,kyle27@example.org,2021-10-18,REGULAR
1311,James Gilbert,sanchezsarah@example.com,2022-03-07,VIP
1312,Brian Chaney,claytoncarrie@example.net,2023-04-25,REGULAR
1313,Angela Sullivan,alvarezcarol@example.org,2025-04-20,PREMIUM
1314,Kristen Mcdonald,johnsonsally@example.net,2025-01-05,REGULAR
1315,Nancy Jones,melanie56@example.org,2024-08-24,REGULAR
1316,Susan Collins,kbrown@example.com,2025-01-10,REGULAR
1317,Charles Spence,brittany70@example.net,2022-07-18,REGULAR
1318,Steve Ray,vaughnalexander@example.org,2026-03-28,VIP
1319,Kimberly Harrell,erosales@example.net,2021-11-17,REGULAR
1320,Austin Hodge,allisonmejia@example.org,2024-03-26,PREMIUM
1321,John Taylor,juliemaxwell@example.com,2025-01-26,REGULAR
1322,Elizabeth Anderson,terri72@example.org,2022-07-17,REGULAR
1323,Patricia Jackson,tracy26@example.net,2022-08-28,REGULAR
1324,Thomas Wiley,cynthia54@example.org,2023-06-20,VIP
1325,Rachel Santiago,marysmith@example.com,2023-03-17,REGULAR
1326,Pamela Dunn,vsoto@example.org,2023-10-19,REGULAR
1327,Jeffrey Reynolds,rrodriguez@example.com,2024-01-06,REGULAR
1329,Carol Shaw,pereztony@example.org,2021-09-05,VIP
1330,Stephanie Bond,serranojanice@example.com,2023-08-05,PREMIUM
1331,Misty Barnes,nicholas30@example.net,2023-08-02,REGULAR
1332,Sarah Mcclain,nicholsdonald@example.org,2025-03-07,PREMIUM
1333,Joseph Shepard,bbell@example.net,2024-08-25,PREMIUM
1334,Sonia Kennedy,ohenson@example.org,2023-12-11,REGULAR
1335,Anna Nunez,diana59@example.org,2023-07-06,REGULAR
1336,Toni Smith,amay@example.net,2024-02-04,PREMIUM
1337,David Chapman,ifisher@example.org,2022-12-15,REGULAR
1338,Christina Clark,rsmith@example.org,2024-12-11,REGULAR
1339,Ronnie Hodge,kaitlin93@example.org,2023-02-04,REGULAR
1340,Mrs. Diana Patel DDS,drodriguez@example.org,2024-02-06,REGULAR
1341,Brian Sharp,slynn@example.net,2024-02-29,REGULAR
1342,Elizabeth Adams,nshaffer@example.org,2023-09-26,REGULAR
1343,Cheryl Moore DVM,rachelfrost@example.org,2022-02-20,REGULAR
1344,Micheal Rodriguez,martintimothy@example.net,2022-04-14,REGULAR
1345,Roger Garcia,singletoncrystal@example.com,2023-08-07,REGULAR
1346,Gary Boyer,amysilva@example.com,2023-04-24,VIP
1347,Jacqueline Gonzalez,adamskatrina@example.com,2024-03-10,REGULAR
1348,Michele Savage,pmathews@example.com,2025-04-27,PREMIUM
1349,Emily Smith,websternicole@example.org,2022-11-03,REGULAR
1350,Rachel Ruiz,ivega@example.org,2025-05-09,PREMIUM
1351,Zachary Long,unelson@example.com,2024-11-25,REGULAR
1352,Deborah Rodriguez,markjohnson@example.org,2022-05-26,REGULAR
1353,Jennifer Cochran,monicaschneider@example.net,2023-02-03,REGULAR
1354,Jamie Baker,mlarson@example.com,2025-11-03,VIP
1355,Patrick Wood,jeffrey95@example.net,2022-04-19,REGULAR
1356,Jack Carpenter,alexander77@example.net,2021-07-17,REGULAR
1357,Rachel Hardy,ubrandt@example.org,2021-09-23,REGULAR
1358,Lisa Richardson,steven99@example.org,2022-07-11,REGULAR
1359,Isabella Williams,michaelpayne@example.net,2022-02-11,REGULAR
1360,Erik Bailey,anthony91@example.com,2025-08-26,REGULAR
1361,Logan Walker,jessehall@example.org,2023-09-05,REGULAR
1362,Zachary Hall,lchurch@example.com,2023-09-29,PREMIUM
1363,Meghan Brown,bowens@example.net,2024-02-17,VIP
1364,Jesse Frost,mauriceallen@example.org,2025-05-02,REGULAR
1366,Luis Hughes,jasonmoore@example.net,2023-02-12,REGULAR
1367,Amanda Sutton,matthew30@example.org,2025-05-21,REGULAR
1368,Leslie Terry,munozcameron@example.net,2024-10-04,PREMIUM
1369,Olivia Conner,moorematthew@example.net,2022-06-09,PREMIUM
1370,Gregory Martinez,lucasdavid@example.com,2023-03-02,REGULAR
1371,Michelle Hardin,karen16@example.org,2023-02-10,REGULAR
1372,Jose Brown,melissagarcia@example.net,2022-01-23,VIP
1373,Rickey Pittman,heather23@example.net,2023-02-02,REGULAR
1374,Nancy Johnson,cervanteskimberly@example.net,2022-04-24,REGULAR
1375,Logan Moore,tracey98@example.net,2024-09-26,REGULAR
1376,Gavin Martin,lroth@example.org,2022-05-09,REGULAR
1377,John Jenkins,jimenezthomas@example.net,2023-01-08,REGULAR
1378,Jeremy Mitchell,mmcdonald@example.net,2023-07-21,REGULAR
1379,Daniel Lopez,collinsbarbara@example.org,2023-01-18,REGULAR
1380,Haley Ross,victoria07@example.com,2025-01-27,REGULAR
1381,Joseph Williams,vanessa65@example.org,2025-04-30,REGULAR
1382,Jose Carroll,aaroncochran@example.com,2021-10-27,VIP
1383,Peter Thompson,candacepayne@example.net,2022-03-15,PREMIUM
1384,Nicole Brown,imorales@example.com,2026-03-19,REGULAR
1385,Erica Johnson,pspencer@example.com,2022-03-25,VIP
1386,David Peters,jordanpatrick@example.com,2025-10-27,PREMIUM
1387,Christopher Howell,christine94@example.net,2026-06-21,REGULAR
1388,Cheryl Campbell,teresa75@example.com,2022-12-31,REGULAR
1389,Dale Hernandez,emilyjohnson@example.net,2022-08-09,REGULAR
1390,Mark Jensen,waltersjaclyn@example.com,2021-11-03,REGULAR
1391,Janet Taylor,kayla98@example.org,2024-07-20,PREMIUM
1392,Jeffrey Flores,torresjacob@example.org,2025-04-19,PREMIUM
1393,Tammy Doyle,pwilson@example.net,2025-05-15,PREMIUM
1394,Morgan Williams,owensmary@example.com,2023-10-01,REGULAR
1395,Kristina Zavala,badkins@example.org,2022-09-28,REGULAR
1396,Amanda Mills,oliviamiller@example.com,2023-03-14,VIP
1397,John Velez,nicolecohen@example.net,2023-05-22,REGULAR
1398,Stephen Peters,jennifer09@example.net,2022-03-06,PREMIUM
1399,Sean Fitzgerald,mary00@example.com,2024-07-18,VIP
1400,Michael Riggs,robertvillanueva@example.org,2023-08-23,REGULAR
1401,Tonya Sutton,gcopeland@example.com,2024-03-07,REGULAR
1402,Willie Anderson,jilltucker@example.net,2024-01-15,PREMIUM
1403,Jeanette Holt,jray@example.com,2022-03-14,REGULAR
1404,Brett Turner,timothy89@example.org,2021-09-18,REGULAR
1405,Whitney Cline,blanchardpaul@example.org,2023-01-21,REGULAR
1406,Scott Lane,michael84@example.com,2021-11-24,VIP
1407,Richard Howard,george26@example.com,2024-01-15,REGULAR
1408,Andrew Williams,cooperanthony@example.org,2022-07-03,REGULAR
1409,Victoria Mercer,gsmith@example.com,2025-10-22,REGULAR
1410,Paul Williams,abigail01@example.org,2024-02-10,PREMIUM
1411,Susan Lyons,snydersuzanne@example.org,2023-08-23,PREMIUM
1412,Michelle Dalton,colton98@example.net,2024-05-14,REGULAR
1413,Philip Ramos,john36@example.com,2024-11-23,REGULAR
1414,Misty Webb,phurley@example.net,2022-07-12,REGULAR
1415,Kimberly Campbell,jonesshaun@example.org,2024-03-05,REGULAR
1416,Cheryl Stone,marvinlopez@example.com,2022-04-22,REGULAR
1417,Tamara Walsh,cherylgarcia@example.com,2024-10-15,VIP
1418,Kimberly Ross,joshua86@example.com,2024-03-04,REGULAR
1419,Brian Mosley,thomasvega@example.com,2026-05-05,REGULAR
1420,Jordan Hardy,jrichardson@example.net,2025-12-25,REGULAR
1421,Angelica Obrien,zsanders@example.net,2025-05-02,PREMIUM
1422,David Carrillo,sallyhall@example.org,2023-02-26,REGULAR
1423,Joseph Frazier,zshepard@example.org,2024-03-09,REGULAR
1424,Julie Chavez,rreynolds@example.com,2026-05-27,PREMIUM
1425,Miranda Greene,robertsjonathan@example.net,2023-12-27,VIP
1426,Andrew Hernandez,woodandrew@example.org,2024-01-02,REGULAR
1427,Danielle Gomez,loganschwartz@example.org,2023-10-08,PREMIUM
1428,Brittney Martin,scott85@example.org,2025-03-19,PREMIUM
1429,Michael Smith,ashley63@example.com,2021-10-28,REGULAR
1430,Brady Tanner,michaelbentley@example.net,2022-06-20,REGULAR
1432,Bryan Haynes,bakerangela@example.com,2025-05-27,PREMIUM
1433,Natalie Fowler,timothygallagher@example.net,2024-04-15,VIP
1434,Melinda Wright,arthur08@example.com,2025-08-20,PREMIUM
1435,Brian Bullock,yateseugene@example.com,2024-04-18,VIP
1436,Austin May,fmason@example.org,2021-11-19,REGULAR
1437,Robert Fitzpatrick,kennedyjason@example.net,2022-04-30,PREMIUM
1438,John Barnes,pattersondeanna@example.net,2022-05-24,REGULAR
1439,Christine Keller,torresryan@example.org,2025-12-15,REGULAR
1440,Clayton Neal,william15@example.com,2021-11-04,PREMIUM
1441,Ann Bryant,lawsontina@example.com,2023-10-19,PREMIUM
1442,Jessica Smith MD,lucasforbes@example.org,2024-02-23,REGULAR
1443,Kim Smith,cory01@example.com,2022-12-19,PREMIUM
1444,Michael Chavez,nhughes@example.org,2026-06-01,VIP
1446,Martin Erickson,sherijohnson@example.org,2025-09-10,REGULAR
1447,Daniel Miller,wilsonmark@example.org,2021-11-02,PREMIUM
1448,Robert Ortiz,hayesjacob@example.com,2025-06-08,VIP
1449,Casey Hayes,jenniferbowman@example.com,2025-02-02,REGULAR
1450,Cheryl Hoover,dwalker@example.com,2025-06-18,REGULAR
1451,Julian Marshall,baldwinelizabeth@example.com,2024-02-19,REGULAR
1452,Cynthia Tran,huffmancarolyn@example.com,2022-11-07,REGULAR
1453,Kristin Williamson,martinsean@example.net,2026-06-11,PREMIUM
1454,Joseph Hartman,gilberttammy@example.org,2023-05-23,REGULAR
1455,Brittney Sherman,michael86@example.net,2023-08-02,PREMIUM
1456,Zachary Williams,nicholsalejandro@example.net,2022-12-05,REGULAR
1457,Stefanie Wang,wolflinda@example.org,2022-03-19,REGULAR
1458,Julie Small,qjordan@example.com,2026-02-23,REGULAR
1459,William Johnson,david39@example.org,2026-04-12,REGULAR
1460,Mark Davidson,xpoole@example.com,2025-01-23,REGULAR
1461,Samantha Evans,cathy05@example.net,2024-06-29,REGULAR
1462,Lawrence Clark,ymartinez@example.com,2022-11-27,VIP
1463,Amanda Martinez,huberdenise@example.net,2026-01-14,REGULAR
1464,Mary Bennett,tracypoole@example.org,2023-12-23,REGULAR
1465,Dominic Johnson,joshua67@example.net,2024-07-14,PREMIUM
1466,Dennis Park,njordan@example.com,2022-03-10,PREMIUM
1467,Mary West,leonardbrittany@example.com,2022-01-19,REGULAR
1468,Brent Reynolds,kathryn72@example.com,2023-03-01,PREMIUM
1469,Jacob Phillips,brownronald@example.org,2022-06-29,PREMIUM
1470,Jose Bowers,andersonallison@example.org,2022-12-08,REGULAR
1472,Marie Kim,claire76@example.org,2024-02-22,VIP
1473,James Everett,carrtrevor@example.net,2023-03-13,REGULAR
1474,Stephanie Bailey,imeyer@example.net,2023-04-02,VIP
1475,Danny Shaffer,millerblake@example.net,2023-12-21,REGULAR
1476,Karen Lee,andrewsims@example.com,2025-07-16,VIP
1477,Mrs. Anne Murphy,brian16@example.net,2022-05-04,PREMIUM
1478,Nicholas Robertson,stevencochran@example.com,2023-12-17,VIP
1479,Samantha Pennington,millermargaret@example.com,2026-01-27,PREMIUM
1480,Linda Lewis,stephaniepittman@example.org,2026-04-18,PREMIUM
1481,Kevin Shaw,cooktristan@example.org,2026-01-08,PREMIUM
1482,Rachel Williams,castilloevelyn@example.net,2023-12-19,REGULAR
1483,Jeffrey Anderson,lawrence25@example.net,2026-01-24,REGULAR
1484,Sean Stevens,kimberly30@example.org,2023-06-22,REGULAR
1486,Kelly Rose,andersondaniel@example.com,2024-09-28,REGULAR
1487,Amy Henry,reedmark@example.org,2024-10-23,PREMIUM
1488,Ian Cisneros,rachelsmith@example.com,2025-11-04,REGULAR
1489,James Thomas,christineharris@example.com,2021-10-17,PREMIUM
1490,Anthony Herring,tschmidt@example.net,2022-12-29,PREMIUM
1491,Nicholas Ramsey,ymccarthy@example.com,2023-02-09,REGULAR
1492,Samuel Kramer,tim42@example.org,2022-04-01,REGULAR
1494,Garrett Gutierrez,jamessalazar@example.net,2025-05-19,REGULAR
1495,Michael Mcdonald,colleen46@example.net,2024-09-16,PREMIUM
1496,Amanda Olson,staciejackson@example.org,2021-08-04,PREMIUM
1497,Valerie Soto,hughesalec@example.org,2022-09-12,REGULAR
1498,Tiffany Johnson,keitheric@example.org,2026-01-08,REGULAR
1499,Alan Adams,daviserica@example.net,2021-07-22,VIP
1500,Holly Patrick,jessicabarr@example.net,2021-09-06,PREMIUM
1501,Johnathan Walker,ewilliams@example.org,2022-08-09,REGULAR
1502,Andrea Stewart,ericabeltran@example.com,2024-06-10,REGULAR
1503,Richard Moreno,seanparks@example.net,2025-10-02,PREMIUM
1504,Diane Pacheco,gsmith@example.net,2025-08-06,REGULAR
1505,Dylan Rogers,burtonanthony@example.com,2024-05-21,REGULAR
1506,Daniel Sellers,rodriguezrobert@example.com,2024-04-05,REGULAR
1507,Sandra Thompson,lisamunoz@example.org,2026-06-03,REGULAR
1508,Derrick Austin,patricia77@example.com,2025-12-12,REGULAR
1509,Bruce Williams,shannonvazquez@example.net,2023-11-26,REGULAR
1510,Angela Nichols,gsharp@example.com,2025-12-25,REGULAR
1512,Preston Curtis,luke73@example.com,2024-06-02,REGULAR
1513,Rachel Daniels,ismith@example.net,2025-09-02,PREMIUM
1514,Ashley Perez,karen46@example.org,2022-10-21,PREMIUM
1515,Alyssa Harding,stevensmith@example.com,2025-05-12,REGULAR
1516,Matthew Osborn,sarah11@example.net,2025-02-01,REGULAR
1517,Lori Johnson,toddsmith@example.org,2025-10-28,REGULAR
1518,Marilyn Green,uparker@example.org,2026-04-12,REGULAR
1519,Christian Hoffman,tuckerbradley@example.org,2025-12-14,PREMIUM
1520,Keith Owens,ronaldjimenez@example.com,2024-09-12,REGULAR
1521,Jonathan Arellano,jamesmiles@example.org,2026-01-18,REGULAR
1522,Jonathon Perez,candacehudson@example.net,2026-04-24,PREMIUM
1523,David Edwards,bbooth@example.com,2021-12-07,PREMIUM
1524,Michael Daniels,jillgraham@example.net,2025-03-15,REGULAR
1525,Justin Manning,shirley45@example.com,2023-12-28,REGULAR
1526,Karen Bonilla,rebecca99@example.org,2022-08-11,REGULAR
1527,Timothy Flores,ravenmiller@example.net,2024-05-04,REGULAR
1528,Alice Charles,jesse76@example.com,2024-06-06,REGULAR
1529,Nicholas Douglas,smoran@example.com,2026-04-10,PREMIUM
1530,Susan Olsen,brett35@example.org,2022-03-01,REGULAR
1531,Whitney Jones,wkelly@example.net,2023-04-28,REGULAR
1532,Michael Griffin,lynn25@example.org,2022-11-11,REGULAR
1533,Tina Vaughn,daytimothy@example.com,2022-09-22,REGULAR
1534,Patricia Lynn,heathjennifer@example.net,2026-04-05,REGULAR
1535,Kevin Delgado,mcortez@example.net,2022-08-21,REGULAR
1536,Jerry Simmons,lmaxwell@example.com,2023-09-07,REGULAR
1537,Christina Jones,erinfrank@example.com,2021-07-24,REGULAR
1538,Travis Reed,toddhaley@example.org,2026-03-13,REGULAR
1539,Deborah Miller,stevensmith@example.org,2022-11-08,REGULAR
1540,Alec Taylor,delgadochristopher@example.org,2025-08-31,PREMIUM
1541,Jennifer Lopez,hillsteven@example.com,2024-12-28,REGULAR
1542,Clinton Bennett,alyssahartman@example.net,2023-05-28,PREMIUM
1543,Benjamin Francis,gregorythomas@example.org,2022-03-29,VIP
1545,Karen Powers,reeserobert@example.org,2025-04-28,REGULAR
1546,Sharon Hall,nathanielmendoza@example.net,2022-11-28,REGULAR
1547,Todd Bray,coopernathaniel@example.net,2022-12-31,PREMIUM
1548,Mrs. Traci Lee MD,vgay@example.org,2023-10-01,VIP
1549,Anthony Galloway,aaron82@example.net,2024-11-21,REGULAR
1550,Michelle Wilson,anita18@example.org,2024-09-03,REGULAR
1551,Kevin Boyd,nathan72@example.com,2023-12-23,REGULAR
1552,Zachary Torres,amartin@example.com,2024-12-25,REGULAR
1553,Theresa Miranda,farrellcatherine@example.org,2025-11-03,REGULAR
1554,Lisa Ortiz,martincarol@example.org,2022-02-25,REGULAR
1555,Karen Ross,myersalyssa@example.org,2024-09-16,REGULAR
1556,Chase Brown,geraldbradley@example.net,2025-05-30,PREMIUM
1557,Steven Jackson,thomas49@example.net,2024-02-10,REGULAR
1558,Erin Smith,bradleyyesenia@example.com,2024-05-22,VIP
1559,Nancy Serrano,oobrien@example.net,2024-04-30,REGULAR
1560,Randy Hardy,brianamueller@example.com,2024-10-21,REGULAR
1561,Timothy Torres,carterlawrence@example.com,2025-01-07,REGULAR
1562,Jill Hogan,garypeterson@example.net,2023-07-07,REGULAR
1563,Dawn Fischer,knightlauren@example.org,2022-10-13,REGULAR
1564,Daniel Houston,sierraberry@example.net,2022-10-14,REGULAR
1565,Caleb Carter,ithomas@example.net,2025-05-27,REGULAR
1566,Stanley Thompson,taylorkimberly@example.org,2022-02-14,REGULAR
1567,Amy Marquez,xmccarthy@example.org,2023-07-03,REGULAR
1568,Matthew White,hcalderon@example.net,2024-11-09,PREMIUM
1569,Bruce Vargas,christopherbrock@example.net,2025-08-22,PREMIUM
1570,Marisa Flores,joseph37@example.org,2022-10-24,REGULAR
1571,Frederick White,pkaufman@example.org,2025-01-16,REGULAR
1572,Alexis Cooper,shawn05@example.org,2024-10-18,REGULAR
1573,James Phillips,davidmatthews@example.com,2022-04-15,PREMIUM
1575,Larry Gonzales,samuelcummings@example.com,2024-09-30,REGULAR
1576,Amanda Moreno,melissa07@example.com,2024-10-02,REGULAR
1577,Michael Evans,shannon64@example.org,2025-04-13,REGULAR
1578,Angela Johnson,sanchezjoseph@example.net,2024-10-23,REGULAR
1579,Sharon Henderson,cheryl82@example.net,2026-05-08,VIP
1580,Kevin Arellano,jsteele@example.com,2023-05-30,REGULAR
1581,Dawn Collins,rebekah08@example.org,2022-02-20,REGULAR
1582,Isaiah Watkins,vanderson@example.com,2023-05-14,REGULAR
1583,Brittany Schwartz,xdavis@example.com,2025-08-24,REGULAR
1584,Nicole Williams,felicia28@example.net,2022-01-20,REGULAR
1585,Jonathan Doyle,maria86@example.net,2021-09-28,REGULAR
1587,Heather Wilson,gonzalezjustin@example.com,2022-05-19,VIP
1588,Emily Dougherty,ericacarter@example.net,2024-01-05,REGULAR
1589,Kristen Smith,parkmargaret@example.net,2024-11-04,REGULAR
1590,Anna Marsh,laurendoyle@example.com,2022-04-26,REGULAR
1591,Timothy Johnson,bramirez@example.com,2022-09-04,PREMIUM
1593,Ariel Robinson,diana03@example.org,2022-12-12,REGULAR
1594,Heather Thompson,hendersondarlene@example.net,2021-08-31,PREMIUM
1595,Juan Hall,doyleleah@example.org,2021-12-24,VIP
1596,Jose Vincent,felicia70@example.net,2025-07-03,REGULAR
1597,Jennifer Smith,whitekevin@example.com,2022-10-07,REGULAR
1598,Peter Hamilton,heidi46@example.com,2022-12-23,REGULAR
1599,Glenn Lewis,nicole01@example.com,2022-06-29,PREMIUM
1600,Thomas Chandler,edward61@example.com,2023-03-18,REGULAR
1601,Bryan Warren,johnbarron@example.com,2023-06-23,REGULAR
1602,David Carroll,youngmichael@example.net,2021-12-19,REGULAR
1603,Juan Wright,emilythompson@example.org,2026-02-10,REGULAR
1604,Rebecca Martinez,srusso@example.com,2026-05-01,REGULAR
1605,Helen Pratt,ulopez@example.com,2025-12-18,VIP
1606,David Thompson,jessebrown@example.net,2025-12-22,PREMIUM
1607,Wanda Ramirez,lisapark@example.com,2025-12-18,PREMIUM
1608,Holly Bauer,dawn83@example.com,2024-09-08,REGULAR
1609,William Lindsey,gavin24@example.com,2025-03-31,PREMIUM
1610,Summer Bennett,davisrebecca@example.org,2023-03-23,PREMIUM
1611,Sharon Huerta,greenjamie@example.org,2023-02-28,REGULAR
1612,Samantha Smith,cantukristen@example.net,2024-05-23,REGULAR
1613,James Ibarra,scummings@example.net,2022-05-16,REGULAR
1614,Shannon Lynn,leslieortiz@example.org,2022-10-19,REGULAR
1615,Lori Smith,smithian@example.org,2022-12-06,REGULAR
1616,Kelsey Wolf,bernardalexander@example.org,2023-06-02,PREMIUM
1617,Donna Kane,mitchelleric@example.org,2022-06-08,REGULAR
1618,Shawn Armstrong,benjamin61@example.org,2021-07-31,REGULAR
1619,Sara Fletcher,jodigray@example.com,2022-08-26,PREMIUM
1620,Rebecca Shah,brooksjulia@example.com,2022-12-27,REGULAR
1621,Regina Sullivan,xrush@example.com,2022-04-12,PREMIUM
1622,Paul Brooks,rachel22@example.net,2023-03-19,PREMIUM
1623,Nicholas Stephens,lferguson@example.net,2026-03-23,REGULAR
1624,Susan Lee,whitemichael@example.com,2021-10-31,REGULAR
1625,William Stewart,douglaskatherine@example.net,2024-05-21,PREMIUM
1626,Kenneth Cuevas,singhkevin@example.net,2023-02-15,REGULAR
1627,Heidi Wong,ihorton@example.org,2024-12-25,REGULAR
1628,Bonnie Hurley,wsalinas@example.net,2022-01-07,PREMIUM
1629,Matthew Moore,uleon@example.org,2023-06-13,PREMIUM
1630,Adam Paul,santiagoveronica@example.com,2022-10-29,REGULAR
1631,John Evans,djones@example.com,2021-11-16,PREMIUM
1632,Jonathan Taylor,vanessaparker@example.com,2025-11-12,PREMIUM
1633,Laurie Taylor,qhill@example.net,2025-12-23,VIP
1634,Danielle Ortiz,pwaller@example.org,2021-11-12,PREMIUM
1635,Janice Edwards,ltaylor@example.net,2025-01-07,PREMIUM
1636,Jennifer Smith,arobinson@example.net,2025-12-13,REGULAR
1637,Luke Velasquez,sherrievans@example.com,2024-11-20,PREMIUM
1638,Jessica Harvey,david34@example.org,2026-02-19,REGULAR
1639,Jonathan Murphy,elizabethwhite@example.com,2021-10-11,REGULAR
1640,Sean Curry,gary19@example.org,2023-06-13,REGULAR
1641,Jessica Huff,kgalloway@example.com,2023-11-05,PREMIUM
1642,Fernando Hunter,ryanhoffman@example.net,2024-04-10,REGULAR
1643,Matthew Watts,aolsen@example.org,2026-06-25,REGULAR
1644,Alyssa Pacheco,mphillips@example.org,2025-01-22,REGULAR
1645,Ashley Phillips,kevinbrown@example.com,2025-08-19,PREMIUM
1646,Carol Barber,jacksonedward@example.org,2023-10-10,PREMIUM
1647,Tara Bryant,zparks@example.org,2025-06-20,PREMIUM
1648,Darrell Rodriguez,sherinelson@example.com,2021-10-21,REGULAR
1649,Aaron Brown,salazaraaron@example.com,2023-03-25,REGULAR
1650,Patricia Johnson,uhawkins@example.com,2023-01-31,REGULAR
1651,Steven Sanders,annjohnson@example.net,2021-09-11,REGULAR
1652,John Maddox,mrocha@example.org,2024-02-29,REGULAR
1653,Jenna Rosario,njohnson@example.org,2024-01-04,PREMIUM
1654,Thomas Garcia,jamesatkinson@example.com,2026-06-07,REGULAR
1655,James Moore,dennis20@example.org,2024-08-31,REGULAR
1656,Mitchell Johnson,gnelson@example.com,2026-01-02,REGULAR
1657,Danny Sharp,vflores@example.org,2021-09-12,REGULAR
1658,Colin Graham,dmoore@example.com,2023-07-03,REGULAR
1659,Sabrina Smith,lisa24@example.net,2021-10-26,REGULAR
1660,Jessica Jones,tony08@example.net,2022-12-21,PREMIUM
1661,Daniel Shaw,wharris@example.com,2022-08-05,REGULAR
1662,Christopher Coleman,natalie72@example.org,2021-12-01,VIP
1663,Jessica Lawson,thomas61@example.com,2025-07-14,VIP
1664,Michael Henry,tammyhardy@example.net,2025-06-13,REGULAR
1665,Sean Perez,iflores@example.net,2024-04-11,VIP
1666,David Baker,paulwong@example.net,2026-07-08,REGULAR
1667,Mark Shepherd,mlee@example.com,2021-10-02,REGULAR
1668,Shane Donovan,reedjames@example.org,2021-09-18,REGULAR
1669,Lisa Green,dwilliamson@example.com,2022-11-24,REGULAR
1670,Michael Larsen,daniel98@example.org,2025-06-26,REGULAR
1671,Courtney Hernandez,laurenlewis@example.org,2024-09-06,REGULAR
1672,Lisa Johnson,cdawson@example.org,2022-08-25,REGULAR
1673,Derek Nguyen,eanderson@example.com,2026-02-06,REGULAR
1674,Timothy Johnson,cwhite@example.net,2023-10-07,REGULAR
1675,Catherine Greene,ajohnson@example.org,2025-12-30,REGULAR
1676,Emily Johnson,hmitchell@example.org,2022-07-12,REGULAR
1677,Marissa Diaz,grahamshari@example.net,2022-01-18,REGULAR
1678,Marvin Houston,dfloyd@example.com,2022-05-25,REGULAR
1679,Patricia Melton,paul10@example.org,2025-05-26,REGULAR
1680,Edwin Rodriguez,michael20@example.com,2025-11-12,REGULAR
1681,Maria Miller,ronald07@example.net,2026-03-24,REGULAR
1682,Benjamin Thomas,thompsonalexander@example.net,2022-11-24,REGULAR
1683,Michael Turner,lindsey07@example.com,2022-04-08,REGULAR
1684,Kenneth Price,mary91@example.net,2025-07-11,REGULAR
1685,James Weaver,kimberlymurphy@example.net,2025-01-13,REGULAR
1686,Karen Collins,brett16@example.com,2025-02-01,REGULAR
1687,Jill Espinoza,ibuck@example.org,2023-03-14,PREMIUM
1688,Richard White,brady30@example.com,2022-11-22,REGULAR
1689,Ryan Douglas,iwilliams@example.com,2024-08-01,REGULAR
1690,Joseph Kennedy,hannah82@example.org,2022-05-08,REGULAR
1692,Christopher Atkins,kennethcarlson@example.com,2022-04-24,REGULAR
1693,Kristen Edwards,rachael14@example.net,2022-10-20,VIP
1694,Andrew Taylor,lindawilson@example.com,2022-06-19,REGULAR
1695,Jaclyn Vasquez,william34@example.com,2023-09-21,VIP
1696,Sara Brown,nwalker@example.com,2022-06-29,REGULAR
1697,Brenda Lawson,steven69@example.com,2026-05-17,REGULAR
1698,Shelby Bradley,nholloway@example.org,2023-08-06,PREMIUM
1699,Christopher Franklin,rfuller@example.com,2023-07-10,PREMIUM
1700,Ann Gomez,sara00@example.com,2022-06-22,REGULAR
1701,Bryan Hardy,mary84@example.org,2024-12-02,REGULAR
1702,Curtis Price,youngelizabeth@example.com,2026-03-25,PREMIUM
1704,Doris Morales,ashley70@example.net,2026-05-28,REGULAR
1705,Anthony Calderon,msmith@example.org,2025-09-23,REGULAR
1706,Amanda Mills,sullivanwilliam@example.net,2024-07-30,REGULAR
1707,Christina Hill,zpatterson@example.org,2025-06-08,REGULAR
1708,Robert Potter,johnsonwalter@example.com,2023-11-29,VIP
1709,Donna Thompson,dsimmons@example.org,2021-08-07,REGULAR
1710,Mary Bernard,nichole36@example.org,2024-06-22,PREMIUM
1711,Bethany Contreras,hannahdavidson@example.net,2026-02-20,PREMIUM
1712,Samuel Ross DVM,smithpaul@example.org,2023-01-25,REGULAR
1713,Sarah Osborn,danielmitchell@example.com,2024-09-12,VIP
1714,Elizabeth Weaver,joneschristian@example.net,2023-01-17,REGULAR
1715,Christopher Lewis,whiteheaddanielle@example.com,2025-11-03,PREMIUM
1716,Vincent Bailey,bhunter@example.net,2022-01-19,REGULAR
1717,Gary Hernandez,kennedyrodney@example.org,2023-12-15,REGULAR
1719,Shawna Schultz,annascott@example.org,2023-06-09,PREMIUM
1720,Tammy Byrd,cjones@example.org,2024-01-15,REGULAR
1721,Robert Navarro,oholmes@example.net,2022-11-18,REGULAR
1722,Michelle Brown,amanda37@example.com,2024-01-18,REGULAR
1724,William Lewis,chandlerlinda@example.com,2022-11-19,PREMIUM
1725,Anthony Myers,mrichards@example.org,2023-02-09,VIP
1726,Amy Blanchard MD,carolyn85@example.net,2023-07-22,REGULAR
1727,Jacqueline Houston,thomas96@example.com,2025-10-01,REGULAR
1728,Suzanne Sanchez,garciaandrea@example.org,2022-09-19,PREMIUM
1729,Joshua David,nathan55@example.net,2023-07-26,REGULAR
1730,Jason Brown,mercedesdiaz@example.net,2023-10-20,REGULAR
1731,Robert Vang,richardblevins@example.org,2022-04-15,PREMIUM
1732,Ricky Obrien,gonzalezelizabeth@example.org,2026-07-10,REGULAR
1733,Kimberly Walker,oclements@example.net,2024-05-31,REGULAR
1734,Robert Cortez,jenningsterri@example.net,2024-12-04,REGULAR
1735,David Moore,codyprice@example.org,2023-09-19,PREMIUM
1736,Terry Barry,frankvaldez@example.org,2024-01-02,REGULAR
1737,Willie Thornton,nicholedavis@example.org,2025-07-30,REGULAR
1738,James Mitchell,wdavis@example.net,2022-07-30,REGULAR
1739,Erin James,jonesfrederick@example.org,2025-01-29,REGULAR
1740,Tina Carter,michellelewis@example.com,2023-02-23,REGULAR
1741,Brian Lopez,martinezjesse@example.com,2025-07-18,REGULAR
1742,Nicole Castillo,jeffreyaustin@example.net,2025-12-25,VIP
1743,Cathy Wheeler,lcummings@example.org,2026-01-20,REGULAR
1744,Jeffrey Keller,eperez@example.org,2026-04-13,REGULAR
1745,Elizabeth Williamson,kevinsmith@example.org,2024-11-20,PREMIUM
1746,Kylie Nguyen,johnmartinez@example.com,2024-06-27,VIP
1747,Douglas Robinson,martha04@example.net,2021-12-20,PREMIUM
1748,Anna Herman,gchapman@example.org,2022-01-29,REGULAR
1749,Donald Mcguire,anthonytiffany@example.org,2026-05-27,REGULAR
1750,Megan Campbell,corr@example.com,2022-12-28,PREMIUM
1751,Cristina Evans,timothy57@example.com,2022-09-23,REGULAR
1752,Rhonda White,davidellis@example.com,2022-03-26,REGULAR
1753,Andre Rivera,rduran@example.com,2025-03-07,REGULAR
1754,Jimmy Walker,irangel@example.com,2022-10-23,REGULAR
1755,Scott Randall,ambermoore@example.net,2022-10-12,REGULAR
1756,Roger Parker,julia47@example.net,2023-06-24,REGULAR
1757,Judith Munoz,hamiltonbrian@example.net,2022-09-08,REGULAR
1758,Nicole Stephens,gordontrevor@example.org,2021-07-12,REGULAR
1759,Yvette Martinez,elizabeth42@example.com,2023-05-15,REGULAR
1760,Andrew Mccormick,ugrant@example.org,2024-03-16,PREMIUM
1761,Joseph Bush,fisherallison@example.org,2023-07-23,REGULAR
1762,Jenna Snyder,nzimmerman@example.org,2022-08-28,REGULAR
1763,Jessica White,hudsonzachary@example.org,2025-05-14,REGULAR
1764,Troy Harrison,gregoryyoung@example.org,2023-01-15,REGULAR
1765,Tammy Smith,whitesamantha@example.com,2024-09-16,PREMIUM
1766,Peter Mills,stevensmith@example.net,2025-10-31,REGULAR
1767,Donna Anderson,kingmandy@example.net,2023-11-06,REGULAR
1768,Mrs. Allison Lee,fgardner@example.org,2022-07-12,REGULAR
1769,Michael Bates,woodsteresa@example.com,2025-10-28,REGULAR
1770,Briana Hill,taylor32@example.com,2026-01-08,REGULAR
1771,Annette Francis,williamsjustin@example.org,2024-09-19,REGULAR
1772,Charles Hayes,lindahughes@example.net,2023-07-18,REGULAR
1773,Robert Anderson,bkerr@example.net,2021-12-11,PREMIUM
1774,Lisa Lewis,chad26@example.org,2023-03-09,REGULAR
1775,Robert Nelson,zkim@example.org,2023-06-11,PREMIUM
1776,Cheryl Hickman,jamesdustin@example.com,2022-10-29,REGULAR
1777,Jessica Wade,vcollins@example.com,2023-07-06,REGULAR
1778,Jeanette Vang,vhansen@example.org,2025-01-14,REGULAR
1779,Patrick Perez,sheilahurst@example.org,2024-12-17,REGULAR
1780,Thomas Montgomery,phayes@example.net,2023-11-08,REGULAR
1781,Ricardo Hayden,uanderson@example.org,2022-08-25,REGULAR
1782,Patricia Herrera,ibanks@example.net,2022-10-09,REGULAR
1783,Kimberly Mack,thompsonjoel@example.com,2024-01-13,PREMIUM
1784,Lori Ramirez,ryanmichael@example.org,2025-10-29,PREMIUM
1785,Daniel Robles,briancook@example.com,2022-05-08,REGULAR
1786,Yvette Morrow,sandycarson@example.com,2025-08-19,REGULAR
1787,Jaime Valdez,oconnordavid@example.com,2023-10-06,REGULAR
1788,John Scott,aaroncurtis@example.org,2023-10-13,REGULAR
1789,Melissa Smith,paigeramos@example.com,2025-06-26,REGULAR
1790,Justin Wang,paulmoody@example.com,2024-03-04,VIP
1791,William Harrell,melinda86@example.org,2023-07-29,REGULAR
1792,Austin Lutz,johnathan52@example.org,2024-06-25,PREMIUM
1793,Lisa Guerra,shelbyjohnson@example.org,2022-02-13,REGULAR
1794,David Hess,edwardsmeghan@example.org,2026-01-07,VIP
1795,Jared Ortiz,paula08@example.net,2026-05-09,REGULAR
1796,Ian Benson,stephanie98@example.net,2024-05-22,REGULAR
1797,Jeffery Young,johnsonian@example.net,2025-12-26,REGULAR
1799,Scott Mcdaniel,rhorton@example.net,2022-07-09,REGULAR
1800,Paul Robinson,bnewton@example.net,2026-01-13,PREMIUM
