customer_id,customer_name,email,registration_date,customer_type
1,Desiree Rodriguez,erikahughes@example.net,2022-03-01,REGULAR
2,Robert Jimenez,susanreid@example.net,2024-07-04,REGULAR
3,Barbara Burnett,steven40@example.com,2022-01-06,REGULAR
4,Shelly Farley,austingeorge@example.com,2022-06-05,REGULAR
5,Christopher Vaughn,sarah39@example.org,2025-01-24,REGULAR
6,Michelle Thomas,mmccoy@example.org,2023-12-22,VIP
7,Joseph Watson,ctrujillo@example.org,2022-12-31,PREMIUM
8,Jordan Daniels,james05@example.org,2024-04-25,REGULAR
9,Nicole Garcia,andreahawkins@example.net,2025-03-11,PREMIUM
10,Cynthia Moore,robertramos@example.net,2024-02-14,PREMIUM
11,Brandy Henderson,arnoldamy@example.org,2025-06-09,REGULAR
12,Michael Carpenter,jeffreyhenry@example.net,2026-02-21,PREMIUM
13,Gabriel May,george70@example.org,2026-01-06,PREMIUM
14,Cody Ford,peter31@example.net,2025-03-10,VIP
15,Latasha Hughes,drodriguez,2025-04-15,REGULAR
16,Lynn Smith,yvonnewright@example.com,2025-01-25,REGULAR
17,Kevin Chavez,wilsonstephanie@example.net,2022-10-12,REGULAR
18,Michael Nichols,candiceclark@example.com,2025-11-18,REGULAR
19,Michael Ford,kimmichael@example.net,2022-04-24,PREMIUM
20,Jorge Garcia,vscott@example.net,2021-08-04,VIP
21,Angela Green,leslieeverett@example.com,2021-12-06,REGULAR
22,Devon Austin,christopherware@example.com,2023-04-03,REGULAR
23,Tracie Lee,taylorharris@example.org,2022-12-06,REGULAR
24,Danny Thompson,jeremyperez@example.net,2023-06-12,REGULAR
25,Donna Warren,jennifergallagher@example.org,2022-10-09,PREMIUM
26,Rachel Cooper,lancemartinez@example.org,2021-12-06,REGULAR
27,Amy Garcia,stacy26@example.com,2023-08-05,REGULAR
28,Colton Richardson,browningzachary@example.com,2024-10-10,REGULAR
29,Ernest Frey,robert50@example.net,2024-01-04,REGULAR
30,George Johnson,singhhannah@example.net,2021-11-15,REGULAR
31,Jacqueline Rodriguez,xmills@example.org,2024-12-05,REGULAR
32,Katie Douglas,albertmartin@example.com,2025-04-28,REGULAR
33,Charles Wright,robertkirk@example.com,2026-04-13,REGULAR
34,Matthew Mckay,bettykirk@example.net,2023-08-09,REGULAR
35,Justin Mclean,patriciaknight@example.net,2024-02-21,REGULAR
36,Yvonne Reese,bclark@example.org,2023-11-21,PREMIUM
37,Ronald Lynch,dmorris@example.org,2026-06-10,REGULAR
38,Robert Lambert,oprice@example.com,2022-04-08,PREMIUM
39,Jeffery Garcia,ericlittle@example.com,2024-10-20,REGULAR
40,Theresa Taylor,lawrence08@example.com,2025-06-17,REGULAR
41,Frederick Davis,schwartzanthony@example.net,2025-02-11,REGULAR
42,Rachel Benton,christine12@example.org,2021-11-30,REGULAR
43,Matthew Moore,travisalan@example.net,2023-09-09,REGULAR
44,Darrell Sullivan,mendezcarol@example.net,2024-06-14,REGULAR
45,Amber Zuniga,yduncan@example.org,2024-10-28,REGULAR
46,Frank Cole,tyler72@example.com,2025-04-05,PREMIUM
47,Jonathan Morgan,jason23@example.org,2024-09-16,PREMIUM
48,Kim Parks,ericamayer@example.net,2025-04-01,PREMIUM
49,Nicholas Powell,steeleamber@example.org,2025-09-12,PREMIUM
50,Summer Hood,ethomas@example.com,2023-04-26,PREMIUM
51,Kirk Edwards,marisa85@example.net,2025-06-15,PREMIUM
52,Tonya Stewart,uhartman@example.net,2022-05-17,REGULAR
53,Robert Diaz,qlawson@example.org,2023-11-19,PREMIUM
54,Alexander Davila,albert56@example.com,2024-06-20,REGULAR
55,Beth Mccarthy,stuart23@example.net,2023-08-17,REGULAR
56,Tracy Mays,ashley59@example.com,2023-11-22,REGULAR
57,Timothy Brown MD,kyle96@example.com,2025-09-28,REGULAR
58,Patricia Cox,krystal93@example.net,2021-11-10,REGULAR
59,Brandy Sullivan,murphylisa@example.com,2025-01-22,REGULAR
60,Dr. John Fitzgerald,ilewis@example.net,2024-10-03,VIP
61,Kelly Williams,oweaver@example.org,2022-07-01,REGULAR
62,Joshua Adkins,karlaguerra@example.net,2022-01-07,REGULAR
63,Alan Alexander,hgarcia@example.net,2025-05-13,REGULAR
64,Casey Cruz,mayoalbert@example.com,2026-03-20,PREMIUM
65,Elizabeth Hamilton,eparks@example.com,2024-05-08,PREMIUM
66,Karen Hendricks,patricia94@example.org,2021-10-17,REGULAR
67,Alex Jimenez,kaylaquinn@example.com,2024-07-20,REGULAR
68,Tiffany Edwards,hcowan@example.org,2024-06-29,REGULAR
69,Stephanie Conrad,john22@example.com,2026-02-15,REGULAR
70,Brandon Baldwin,amandahill@example.com,2024-05-25,REGULAR
71,Donna Wong,lcarter@example.net,2026-04-20,PREMIUM
72,Jason Mills,christian44@example.com,2022-11-04,REGULAR
73,Robert Carrillo,oyates@example.net,2025-10-15,VIP
74,Angela Lyons,cweaver@example.net,2026-02-11,REGULAR
75,Carla Little,darrylbrown@example.com,2025-03-18,REGULAR
76,Regina Carter,tracy40@example.net,2022-07-27,REGULAR
77,Jared Mercado,mhale@example.net,2024-08-11,REGULAR
78,Carol Brown,james64@example.com,2024-10-14,REGULAR
79,Jeffrey Brown,berryalexander@example.org,2025-03-28,VIP
80,Mark Mclaughlin,freemanmary@example.org,2023-06-14,REGULAR
81,Nicholas Green,johngomez@example.net,2022-12-31,REGULAR
82,Sara Thomas,amandamoore@example.org,2021-12-23,PREMIUM
83,Sharon Jones,seanmillerexample.net,2023-06-18,REGULAR
84,Johnny Rogers,anthonylambert@example.com,2022-12-10,REGULAR
85,Matthew Chapman,allisoneric@example.org,2023-08-18,REGULAR
86,Michael Walker,amandacaldwell@example.org,2023-02-03,REGULAR
87,Jessica Jones,johnsonshelby@example.org,2023-02-19,REGULAR
88,Jason Cox,nbarnes@example.net,2022-03-13,REGULAR
89,Jennifer Dodson,jeremy44@example.net,2025-01-15,REGULAR
90,Daniel Bennett,barbarawilliams@example.com,2021-12-02,REGULAR
91,Elijah Harmon,jeffrey23@example.com,2021-07-11,REGULAR
92,Sandra Vance,bergerjennifer@example.net,2024-01-16,REGULAR
93,Jessica Dawson,brownerin@example.net,2024-09-14,REGULAR
94,Dana Clarke,christinanunez@example.org,2023-08-31,PREMIUM
95,Megan Lucas,forbeslarry@example.org,2024-01-22,REGULAR
96,Molly Valenzuela,gregory09@example.com,2021-08-05,REGULAR
97,Sarah Wolfe,amy54@example.org,2022-11-12,VIP
98,Christopher Bates,robert74@example.com,2024-10-16,PREMIUM
99,Janet Jones,williamrodgers@example.org,2023-11-02,PREMIUM
100,Michael Gardner,gwendolyn47@example.com,2022-01-11,REGULAR
101,Melissa Wolfe,davistrevor@example.com,2024-07-02,REGULAR
102,Dawn Davis,porozco@example.com,2023-09-07,REGULAR
103,Margaret Ramsey,kellyedward@example.com,2021-10-05,REGULAR
104,Elizabeth Hall,stevelewis@example.org,2021-07-15,PREMIUM
105,Molly Archer,ppham@example.org,2021-09-01,REGULAR
106,Brittany Garcia,penashawn@example.org,2023-11-02,REGULAR
107,Mrs. Maria Davis MD,rparker@example.net,2023-02-26,REGULAR
108,Daniel Sharp,sadams@example.org,2025-01-04,REGULAR
109,Nicholas Swanson,thompsonwilliam@example.net,2023-09-07,REGULAR
110,Rebecca Bean,buchanansean@example.net,2022-05-18,VIP
111,Rachael Brown,christopher13@example.net,2023-08-30,PREMIUM
112,Gerald Rivera,carsonjacob@example.org,2025-09-05,REGULAR
113,Mckenzie Bernard,mmyers@example.net,2021-12-17,REGULAR
114,Wendy Hopkins,nelsonjon@example.com,2022-11-02,REGULAR
115,Jordan Vincent,huynhalan@example.com,2024-05-06,REGULAR
116,Elizabeth Mcdonald,singhandrew@example.org,2022-03-28,VIP
117,Alicia Thomas,timothy88@example.net,2023-08-01,REGULAR
118,Monica Allen,ashley00@example.com,2023-09-29,REGULAR
119,Alexander Carlson,james13@example.net,2025-08-11,REGULAR
120,Debra Fernandez,halljames@example.net,2022-03-12,REGULAR
121,Melissa Simmons,ronnie88@example.net,2026-04-10,VIP
122,Danielle Long,sandraperez@example.org,2023-06-19,PREMIUM
123,Tracy Brewer,quinntaylor@example.org,2025-12-27,PREMIUM
124,Stephanie Gonzalez,oromero@example.net,2023-05-13,PREMIUM
125,Tricia Miller,qtodd@example.net,2023-11-26,REGULAR
126,Jackie Jacobs,adavid@example.com,2023-05-03,PREMIUM
127,Jacqueline Smith,david72@example.org,2023-06-11,REGULAR
128,Thomas Rush,stevenmcfarland@example.net,2025-10-27,REGULAR
129,Terri Diaz,glee@example.com,2022-05-01,REGULAR
130,Nicole Smith,robertlevine@example.org,2024-08-15,REGULAR
131,Patricia Douglas,rosegeorge@example.org,2024-02-28,REGULAR
132,Donna Mason,hweaver@example.com,2023-04-22,REGULAR
133,Glenn Boyer,nfreeman@example.com,2026-02-27,REGULAR
134,Sarah Willis,hurleyjessica@example.com,2023-04-22,REGULAR
135,Patrick Perry,ramosbilly@example.net,2025-11-06,REGULAR
136,Timothy Mcfarland,morrisonstacey@example.net,2025-05-24,REGULAR
137,Adam Wagner,kglover@example.net,2024-06-20,VIP
138,Charles Martinez,adammoore@example.com,2022-04-27,REGULAR
139,Brooke Woodward,timothy79@example.com,2021-11-03,REGULAR
140,Mr. Robert Blanchard,vpark@example.org,2024-05-02,REGULAR
141,Vincent Garcia,yolanda65@example.com,2024-12-13,VIP
142,Michelle Rodriguez,brettball@example.net,2022-11-04,PREMIUM
143,Kyle Mack,joseph56@example.net,2023-01-13,REGULAR
144,Brian Clark,brookekim@example.org,2024-09-25,REGULAR
145,Jordan Sparks,daniel89@example.com,2023-05-12,PREMIUM
146,Eddie Lambert,spencersamantha@example.net,2023-10-04,REGULAR
147,Teresa Ortega,johnwright@example.com,2023-05-05,PREMIUM
148,Justin Erickson,charlesgonzalez@example.org,2024-07-31,REGULAR
149,Jonathon Ingram,matthew00@example.net,2021-08-24,REGULAR
150,Latoya Edwards,camposanthony@example.org,2025-04-18,REGULAR
151,Richard Perez,davidphillips@example.net,2023-11-06,PREMIUM
152,Charles Gill,ocobb@example.org,2024-02-22,REGULAR
153,Dawn Diaz,jacquelinecoleman@example.net,2023-07-19,REGULAR
154,Sean Smith,jason26@example.net,2022-02-02,REGULAR
155,Charlotte Lyons,mhubbard@example.org,2026-07-02,VIP
156,Latasha Williams,vanessa89@example.net,2026-02-03,REGULAR
157,Bridget Campbell,garciakeith@example.com,2021-10-08,VIP
158,Timothy Thomas,blacknicole@example.com,2026-03-19,PREMIUM
159,John Cox,antoniobarnett@example.net,2024-01-21,REGULAR
160,Jennifer Thompson,medwards,2022-01-05,VIP
161,Michelle Gardner,nglenn@example.com,2025-12-01,REGULAR
162,Kelly Daniels,davidrodriguez@example.org,2023-05-02,REGULAR
163,Christina Ford,kingalexandra@example.org,2025-07-06,REGULAR
164,Justin Farley,jonathanbailey@example.net,2024-06-19,REGULAR
165,Anthony Jones,alexandriawilliams@example.com,2021-09-25,VIP
166,Kaitlyn Ray,monroemelissa@example.org,2023-04-12,REGULAR
167,Darren Mendoza Jr.,xmorales@example.org,2026-04-02,REGULAR
168,Lisa Jackson,baustin@example.net,2022-04-14,REGULAR
169,Hunter Mason,orrkeith,2022-10-26,REGULAR
170,Christine Gallegos,ericsharp@example.org,2023-08-30,REGULAR
171,Mark Montes Jr.,andrew94@example.com,2023-08-15,VIP
172,Brian Levy,xwhite@example.net,2023-04-23,VIP
173,Jack Clements,steven47@example.net,2024-01-26,REGULAR
174,James Gregory,kirk49@example.org,2025-06-14,VIP
175,Diana Neal,kwarner@example.net,2021-12-27,REGULAR
176,Cassandra Gonzalez,sstout@example.com,2022-01-01,REGULAR
177,David Sanchez,dortiz@example.org,2024-12-13,REGULAR
178,Terry Osborne,carolynvaughn@example.net,2023-02-02,PREMIUM
179,Wendy Holt,livingstonanna@example.org,2024-04-20,PREMIUM
180,Sarah Wilson,oclarke@example.org,2025-08-03,REGULAR
181,Kathryn Rivera,bradleyroach@example.org,2021-12-31,VIP
182,Eric Ingram,maryfoster@example.org,2025-03-18,PREMIUM
183,Christopher James,georgeberry@example.net,2025-02-20,VIP
184,Lauren Smith,lisa72@example.net,2022-01-27,REGULAR
185,Allison Davis,rayryan@example.com,2025-11-11,REGULAR
186,Teresa Anderson,santostami@example.net,2023-04-22,REGULAR
187,Thomas Byrd,whitebrenda@example.com,2022-09-27,VIP
188,Bobby Sanchez,castillonicholas@example.org,2024-11-19,REGULAR
189,Jerome Wright,fhayes@example.com,2024-07-15,VIP
190,Suzanne Robinson,andrea69@example.com,2024-05-14,REGULAR
191,Marissa Williams,phillipchaney@example.org,2025-06-28,REGULAR
192,Brian Miller,betty25@example.com,2022-01-12,REGULAR
193,Heather Gray,rickygibson@example.org,2023-12-08,REGULAR
194,Nicholas Jones,grantdon@example.org,2022-07-09,REGULAR
195,Amanda Myers,joseph63@example.net,2022-03-16,PREMIUM
196,Linda Hawkins,vwoodard@example.net,2023-10-22,VIP
197,Kelsey Roman,mark11@example.org,2025-05-16,VIP
198,Dr. Franklin Miller,karengonzales@example.net,2022-01-13,REGULAR
199,Robert Young,hayleyprice@example.org,2026-03-21,PREMIUM
200,Adam Garcia,smithgary@example.com,2024-12-05,REGULAR
201,Erin Scott,ryanstafford@example.net,2022-05-09,REGULAR
202,Tiffany Burton,joannaclark@example.org,2022-05-22,REGULAR
203,Rachel Smith,hilljames@example.com,2022-11-15,REGULAR
204,Richard Lawrence,andrewjackson@example.net,2024-04-29,REGULAR
205,Michael Burns,martinsean@example.net,2023-10-05,REGULAR
206,Melanie Smith,murrayangela@example.org,2022-01-05,REGULAR
207,Jesus Ellis,ywoods@example.net,2025-04-21,REGULAR
208,Christopher Johnson,sergio36@example.net,2021-10-08,PREMIUM
209,William Jacobs,jennifergray@example.net,2024-01-13,REGULAR
210,Brandon Scott,danielsjoseph@example.org,2026-07-04,VIP
211,Luke Dillon,dana36@example.org,2023-03-26,REGULAR
212,Kelsey Wilson,richardmartin@example.com,2024-01-05,REGULAR
213,John Meadows,henrymiller@example.org,2023-04-12,REGULAR
214,Crystal Mccoy,richardsonchristopher@example.net,2025-01-26,REGULAR
215,Gina Wilkinson,fchapman@example.net,2021-11-24,REGULAR
216,Brian Johnson,rhonda26@example.org,2022-12-06,VIP
217,Jessica White,phiggins@example.org,2026-04-22,REGULAR
218,Trevor Martin,alec88@example.com,2026-04-07,REGULAR
219,Jennifer Robinson,ssmith@example.org,2022-06-08,REGULAR
220,April Evans,zrosales@example.com,2024-04-04,REGULAR
221,Tommy Flores,ericaanderson@example.org,2021-08-10,REGULAR
222,Michael Dominguez,tcampbell@example.net,2023-09-24,REGULAR
223,Luis Manning,jayclarke@example.org,2026-05-15,REGULAR
224,William Mcintyre,smcgee@example.org,2021-11-12,REGULAR
225,Pamela Robinson,navarrorichard@example.org,2022-11-16,REGULAR
226,Kim Parker,doughertyjames@example.net,2025-05-09,REGULAR
227,Kevin Maldonado,urobertson@example.org,2023-11-12,REGULAR
228,Justin Williams,david49@example.net,2025-03-13,REGULAR
229,Gary Torres,katherine25@example.com,2023-01-11,REGULAR
230,Kimberly Rivera,robert86@example.com,2023-10-17,REGULAR
231,Patricia Haney,jnichols@example.net,2022-05-12,REGULAR
232,Leah Snow MD,scottmartinez@example.net,2023-06-03,REGULAR
233,Sandra Harris,gdavis@example.com,2024-09-20,REGULAR
234,David Camacho,ayoung@example.org,2023-08-27,VIP
235,Caleb Adams,leonmichael@example.net,2025-02-19,REGULAR
236,Kristen Jackson,andrewdiaz@example.com,2025-01-08,PREMIUM
237,Angela Glover,ywilliams@example.com,2021-12-09,REGULAR
238,Craig Clark,hunterwilson@example.org,2026-02-21,REGULAR
239,Juan Richardson,marthathomas@example.com,2022-01-07,REGULAR
240,Sydney Parsons,christian84@example.net,2023-03-28,REGULAR
241,Deborah Scott,prestonnicole@example.org,2025-09-29,REGULAR
242,Ernest Ward,youngwilliam@example.net,2025-03-16,REGULAR
243,Emily Chandler,xmason@example.com,2022-04-25,VIP
244,Susan Anderson,pearsonbryan@example.org,2021-10-09,REGULAR
245,Sara Ward,douglasstrickland@example.net,2022-05-01,PREMIUM
246,Stacy Mathis,mccoyrobert@example.net,2021-12-01,REGULAR
247,Jose Chang,sandra75@example.net,2024-10-11,REGULAR
248,Nicole Jones,brandonrodriguez@example.org,2022-07-07,PREMIUM
249,Denise Spencer,alex07@example.com,2022-09-26,REGULAR
250,Anthony David,allisoncameron@example.org,2022-06-23,PREMIUM
251,Charles Boyd,oquinn@example.net,2023-11-10,REGULAR
252,Jennifer Wilson,farleyronald@example.net,2023-11-08,REGULAR
253,Lauren Ellis,jillian52@example.org,2024-08-30,REGULAR
254,Monica Anthony,ricky37@example.com,2025-08-21,REGULAR
255,Jessica Salinas,mendozasarah@example.net,2023-04-20,REGULAR
256,Emma Bennett,campbellleslie@example.com,2026-06-19,REGULAR
257,Claudia Banks,timothy74@example.org,2024-02-02,REGULAR
258,Kelly Long,elizabethroach@example.org,2024-03-02,REGULAR
259,Tricia Dawson,jason50@example.org,2021-10-15,REGULAR
260,Henry Mcgee,stokestyler@example.org,2024-09-04,REGULAR
261,Melissa Pruitt,carlawilliams@example.net,2022-02-06,REGULAR
262,Darryl Barton,jacksonalexandra@example.org,2022-09-21,VIP
263,Jasmine Harrell,tracieallen@example.net,2021-11-10,REGULAR
264,Zachary Baker,megan16,2025-07-23,REGULAR
265,Rebecca Guerra,darinkent@example.com,2024-07-25,PREMIUM
266,Mary Strong,william83@example.net,2024-02-22,REGULAR
267,William Villarreal,blakesmith@example.net,2024-02-24,REGULAR
268,Maria Flores,michaelphillips@example.org,2025-11-18,REGULAR
269,Ashley Hurst,dianadavenport@example.org,2025-11-29,PREMIUM
270,Elizabeth Hoffman,george50@example.net,2021-12-31,VIP
271,Barbara Huynh,michaelkelley@example.com,2025-10-10,REGULAR
272,Amy Whitney,gflores@example.net,2025-12-14,VIP
273,Lindsey Jenkins,ycarter@example.net,2026-05-25,REGULAR
274,Justin Jones,bishopdarrell@example.com,2023-03-21,REGULAR
275,Brianna Stone,delacruzsamantha@example.com,2024-09-01,REGULAR
276,Charles Fields,upotts@example.com,2024-05-26,REGULAR
277,Tricia Hoover,gholt@example.org,2022-07-20,VIP
278,Tiffany Lowe,jameswashington@example.net,2021-10-15,REGULAR
279,Matthew Munoz MD,thomas88@example.com,2022-02-07,VIP
280,Karina Griffin,tpearson@example.org,2023-04-09,REGULAR
281,Dr. Matthew Colon,travisstephanie@example.org,2024-06-07,REGULAR
282,Ryan Vang,brenda04@example.com,2022-10-20,REGULAR
283,Wendy Todd,fvillegas@example.com,2023-01-10,PREMIUM
284,Lisa Alexander,ymoore@example.net,2023-01-03,REGULAR
285,Jose Hoffman,jenniferhernandez@example.com,2023-01-28,VIP
286,Allison Foster,richardsonjacqueline@example.net,2024-12-02,REGULAR
287,Jason Reyes,arthur17@example.net,2023-02-26,REGULAR
288,Allison Bruce,xrodriguez@example.com,2025-04-21,REGULAR
289,Mrs. Tammy Hernandez,johnny00,2022-07-01,PREMIUM
290,Kim Garcia,anthonyshaw@example.net,2023-12-01,REGULAR
291,Amy Simon,sarah76@example.org,2022-04-28,REGULAR
292,Ryan Bradford,bporter@example.com,2021-10-13,VIP
293,Sally Wright,steven31@example.com,2024-07-09,REGULAR
294,Mitchell Richard,ariel11@example.org,2024-09-19,REGULAR
295,Shaun Fuller,craig66@example.net,2022-12-16,REGULAR
296,Patricia Fritz,matthew64@example.net,2023-03-23,REGULAR
297,Stephanie Roberts,lingram@example.net,2022-06-14,REGULAR
298,Jacob Williams,richard51@example.com,2022-11-13,PREMIUM
299,Paul Murphy,susanrice@example.net,2025-07-08,REGULAR
300,Darrell Williams,fosterkevin@example.com,2026-03-20,REGULAR
301,Kayla Davis,bailey56@example.com,2024-09-19,PREMIUM
302,Alisha Allen,christopher29@example.net,2025-08-18,PREMIUM
303,Sharon Miller,timothygonzalez@example.org,2025-07-08,REGULAR
304,Anthony Carter,campbelljustin@example.com,2024-09-28,PREMIUM
305,Laurie Wilcox,tuckersierra@example.org,2024-03-06,PREMIUM
306,John Jordan,lewissusan@example.org,2024-02-06,REGULAR
307,Dr. Alejandro Harris,williambrown@example.org,2021-12-28,REGULAR
308,Ryan Browning,rhicks@example.org,2021-10-22,REGULAR
309,Eric Chavez,bautistakaren@example.net,2025-07-04,REGULAR
310,Alexis Stanley,ryancasey@example.net,2023-08-06,REGULAR
311,Lisa Friedman,fboone@example.net,2026-01-28,REGULAR
312,Erica Martinez,mitchellnicole@example.com,2026-02-19,PREMIUM
313,Julia Lloyd,wesleymoran@example.com,2025-05-04,REGULAR
314,Alice Alexander,brettduffy@example.org,2026-05-15,REGULAR
315,Joseph Welch,edwardsbrooke@example.org,2022-04-23,REGULAR
316,Deanna Davis,sanchezlauren@example.com,2025-06-18,VIP
317,Kaylee Ramsey,eric81@example.net,2023-02-03,PREMIUM
318,Laurie Spencer,joshuabest@example.com,2021-12-07,PREMIUM
319,John Dixon,samantha29@example.com,2022-10-25,REGULAR
320,Karen Nguyen,dannybishop@example.net,2023-10-31,REGULAR
321,Scott Rodriguez,garciaruth@example.com,2024-02-16,REGULAR
322,Jennifer Shepherd,smithandrea@example.org,2021-12-08,PREMIUM
323,Nicole Obrien,hjones@example.net,2023-07-12,REGULAR
324,Laurie Mcdonald,jonesrobin@example.org,2023-06-11,REGULAR
325,Alyssa Howard,clinescott@example.com,2026-06-21,REGULAR
326,Jeanette Walls,mgrimes@example.net,2026-04-19,REGULAR
327,Linda Leonard,amandadavis@example.org,2023-06-20,PREMIUM
328,James Ortiz,livingstondonald@example.net,2021-10-20,VIP
329,Amanda Robinson,aarondeleon@example.net,2021-10-13,REGULAR
330,Brandon Calhoun,qlee@example.com,2022-01-07,REGULAR
331,Jacqueline Lee,amypatterson@example.org,2022-08-25,REGULAR
332,Robert Forbes,rmanning@example.net,2024-01-22,REGULAR
333,James Baker,melanie12@example.org,2022-07-01,REGULAR
334,Stephanie Allen,nguyentheresa@example.com,2023-07-07,PREMIUM
335,Miss Jessica Logan,robert33@example.net,2024-02-22,REGULAR
336,Diane White,beckydennis@example.org,2024-04-12,REGULAR
337,Angela Brooks,joannbecker@example.net,2024-10-31,REGULAR
338,David Erickson,robertbanks@example.org,2024-12-22,REGULAR
339,Michael Shaffer,kyle86@example.net,2022-10-02,REGULAR
340,Kenneth Ingram,kmiller@example.com,2022-10-04,PREMIUM
341,Kristina Lewis,josephpaul@example.net,2023-08-05,REGULAR
342,Debra Sharp,jacobwolf@example.com,2022-02-07,REGULAR
343,Allen Love,caroline97@example.com,2026-06-10,REGULAR
344,Kathryn Rivera,rthomas@example.org,2026-04-21,VIP
345,Kelly Nelson,rodriguezjack@example.org,2023-11-18,REGULAR
346,Leslie Baker,owensaustin@example.net,2026-03-29,REGULAR
347,Casey Mendez,robinsonthomas@example.com,2023-05-06,PREMIUM
348,Shelly Welch,gabriel44@example.net,2024-06-18,REGULAR
349,James Wood,emily59@example.com,2022-07-23,PREMIUM
350,Todd Blanchard,patrickcruz@example.org,2024-07-17,PREMIUM
351,David Christian,stoutrobin@example.net,2021-09-26,REGULAR
352,April Weiss,ubrady@example.net,2021-10-06,REGULAR
353,Nina Sims,nwebb@example.org,2023-01-12,PREMIUM
354,James Lamb,kellykristin@example.org,2023-07-14,REGULAR
355,Mr. Jason Horn,carterashley@example.org,2024-02-25,REGULAR
356,Sandra Spencer,xanderson@example.org,2023-01-17,REGULAR
357,Mrs. Robin Scott,amberchurch@example.net,2026-05-26,PREMIUM
358,Mark Copeland,blawrence@example.com,2024-03-09,PREMIUM
359,Jeff Barrett,kimberly07@example.com,2023-09-15,REGULAR
360,Danielle Hines,tonibaker@example.net,2023-06-06,REGULAR
361,Sean Peterson,beverlyherman@example.net,2022-06-21,REGULAR
362,Brooke Marquez,rosssarah@example.com,2024-04-23,REGULAR
363,Jeff Garcia,rachel68@example.net,2026-06-21,REGULAR
364,Alan Valenzuela,steven45@example.org,2022-04-30,REGULAR
365,Manuel Hanson,johnjones@example.net,2022-12-31,PREMIUM
366,Amy Hernandez,skim@example.com,2021-12-02,PREMIUM
367,Lisa Oneill,johngross@example.com,2023-04-08,REGULAR
368,Lindsey Hudson,christian78@example.com,2022-08-28,REGULAR
369,Christopher Stephens,rebeccamack@example.org,2022-02-16,REGULAR
370,Laura Parker MD,xstone@example.org,2025-07-25,REGULAR
371,Robert Adkins,jason28@example.org,2022-07-31,REGULAR
372,Melissa Thompson,vickijones@example.com,2023-02-04,REGULAR
373,Richard Hopkins,hoffmanwilliam@example.net,2021-09-03,REGULAR
374,Michael Suarez,monroeamanda@example.net,2024-05-02,REGULAR
375,Mr. Jonathan Vincent III,cpatterson@example.org,2022-01-04,REGULAR
376,Curtis Harris,martinezchristine@example.net,2023-09-04,PREMIUM
377,Tiffany James,ibrady@example.net,2021-12-06,REGULAR
378,Aaron Bennett,lindsey89@example.org,2025-04-11,REGULAR
379,David Lee,angelahansen@example.org,2025-01-29,REGULAR
380,Samantha Walker,tricia67@example.net,2025-07-03,VIP
381,Jennifer Andrews,melanie95@example.net,2025-11-13,REGULAR
382,Erin Cummings,cindy58@example.org,2026-03-04,REGULAR
383,Jennifer Garcia,danielsjonathan@example.org,2025-12-11,REGULAR
384,Eric Santos,anthonyjohnson@example.net,2024-02-17,VIP
385,Karen Brown,weaverbrittany@example.com,2023-10-28,REGULAR
386,Melissa Reed,sullivanmelissa@example.com,2024-06-14,PREMIUM
387,Cheryl Thomas,cramirez@example.com,2025-11-27,REGULAR
388,Martha Saunders,virginiajones@example.org,2022-01-01,REGULAR
389,Adam Williams,jacksonjill@example.net,2026-06-02,VIP
390,Joseph Torres,mthomas@example.com,2025-10-10,PREMIUM
391,Mary Clark,bhansen@example.net,2025-12-09,REGULAR
392,Lori Allen,halljennifer@example.net,2025-12-24,REGULAR
393,Jill Harris,martinrobinson@example.com,2026-04-26,REGULAR
394,Amy Smith,randymarks@example.net,2023-02-25,REGULAR
395,Kelli Jackson,sarahbryan@example.org,2024-01-03,REGULAR
396,Jill Austin,williamsonwilliam@example.net,2024-06-20,REGULAR
397,Jeffrey Ramirez,robert55@example.com,2022-11-08,PREMIUM
398,Dean Salinas,pdonovan@example.net,2023-11-04,REGULAR
399,Leslie Edwards,petersenkimberly@example.org,2026-02-18,REGULAR
400,Amanda Yates,toddsarah@example.com,2023-09-17,VIP
401,Ryan Jordan,tmay@example.com,2025-06-26,REGULAR
402,Lisa Davis,schultzjonathan@example.org,2023-07-17,VIP
403,Travis Glenn,gwilson@example.com,2021-07-14,REGULAR
404,Mark Cooper,kimberly79@example.com,2024-10-04,REGULAR
405,Meredith Knox,jillstanley@example.net,2023-09-27,REGULAR
406,Christine Rodriguez,guerrathomas@example.net,2021-09-18,REGULAR
407,Jeremy Crosby,caitlyn51@example.net,2022-12-09,VIP
408,Misty Jordan DVM,jacobsjustin@example.com,2023-03-10,VIP
409,Kristen English,ubrown@example.org,2025-03-28,REGULAR
410,Jeffrey Mays,angelastevenson@example.org,2024-04-09,VIP
411,Amanda Pittman,maryevans@example.net,2024-08-17,REGULAR
412,Michelle Guzman,vanessa32@example.net,2024-09-17,REGULAR
413,Alejandra Hunt,thomas94@example.com,2023-05-15,REGULAR
414,Christopher Fisher,jramirez@example.com,2024-11-10,REGULAR
415,Sarah Perez,valerieparker@example.com,2022-01-25,REGULAR
416,Christian Carr,jeremy01@example.org,2025-02-02,REGULAR
417,Alexis Robinson,annacox@example.org,2026-07-11,VIP
418,Thomas Lewis,gregory80@example.com,2023-08-10,REGULAR
419,Amanda Santos,smithmichelle@example.com,2025-12-31,REGULAR
420,Angel Torres,christophervillarreal@example.org,2022-08-30,REGULAR
421,Sharon Townsend,nichole54@example.org,2021-12-26,PREMIUM
422,Nathan Perez,brenda27@example.org,2023-07-16,REGULAR
423,Nicole Gonzalez,washingtonheather@example.com,2023-01-28,PREMIUM
424,Stephen Dunn,smithbrandon@example.org,2023-01-23,PREMIUM
425,Johnny Weaver,allisonmccormick@example.org,2026-05-11,PREMIUM
426,Sarah Flores,macdonaldlori@example.com,2023-01-07,REGULAR
427,Katherine Ramirez,ramosheather@example.net,2024-02-22,REGULAR
428,Donald Morris,jamesmary@example.com,2022-01-16,PREMIUM
429,Catherine Wilson,danielbush@example.com,2023-11-07,REGULAR
430,Catherine Smith,roberthayes@example.com,2025-10-19,PREMIUM
431,Misty Cain,bfrazier@example.org,2023-05-13,PREMIUM
432,Maria Sanchez,jonesveronica@example.net,2021-09-12,PREMIUM
433,Joseph Young,christopher82@example.org,2023-10-14,REGULAR
434,George Walters,hahncraig@example.net,2024-07-13,REGULAR
435,April Collins,danielkennedy,2023-01-16,REGULAR
436,Ana Williams,sbaker@example.net,2022-10-18,REGULAR
437,Ralph Walker,lthomas@example.net,2024-10-28,REGULAR
438,Tiffany Moss,cranemaureen@example.org,2022-10-01,REGULAR
439,Michelle Jensen,rduncan@example.net,2021-09-16,PREMIUM
440,Steven Jones,pattonronald@example.com,2024-04-18,REGULAR
441,Leslie Smith,kallen@example.com,2023-10-02,REGULAR
442,Richard Joseph,rgoodman@example.org,2024-11-03,REGULAR
443,Christopher Wilson,nadams@example.net,2025-04-09,REGULAR
444,Peggy Andrews,morrowamanda@example.org,2022-06-03,REGULAR
445,Jonathan Camacho,mark97@example.org,2026-05-30,REGULAR
446,Andrew Chapman,frasmussen@example.org,2021-09-10,REGULAR
447,Melissa Miller,amytaylor@example.org,2025-03-19,REGULAR
448,Lori Little,jill40@example.com,2025-06-13,REGULAR
449,Anthony Chung,qreed@example.net,2023-03-09,REGULAR
450,Laura Johnson,simmonstiffany@example.net,2026-06-05,REGULAR
451,Jennifer Alvarez,jason46@example.org,2025-11-19,REGULAR
452,Amy Glass,quinntyler@example.com,2021-07-17,PREMIUM
453,Amanda Shah,baileyscott@example.net,2023-11-27,VIP
454,Victoria Little,cassandrahammond@example.com,2024-12-08,REGULAR
455,Hayley Arnold,framirez@example.com,2022-01-21,REGULAR
456,Mr. Joel Patel,tracey24@example.net,2026-06-20,REGULAR
457,John Stein DDS,rebeccahancock@,2022-07-17,REGULAR
458,Rachel Frost,matthew95@example.org,2024-04-28,PREMIUM
459,Patrick White,fmartinez@example.net,2022-06-12,REGULAR
460,Travis Schwartz,trodriguez@example.org,2024-05-17,VIP
461,Julie Kerr,slewis@example.net,2022-02-03,REGULAR
462,Jennifer Mccullough,erik67@example.net,2025-07-24,PREMIUM
463,Erika Williams,harrisdenise@example.com,2025-11-18,PREMIUM
464,David Fischer,joseph00@example.com,2024-12-10,REGULAR
465,Charles Williams,parkermolly@example.org,2022-11-25,PREMIUM
466,Gail Rodriguez,nicholascarter@example.org,2021-07-30,REGULAR
467,Samantha Shaw,williamsshelley@example.com,2022-12-15,REGULAR
468,Mr. John Bautista,pzimmerman@example.net,2021-07-31,REGULAR
469,Jermaine Hart,robert55@example.com,2023-12-21,REGULAR
470,Brandon Tucker,lauraadkins@example.net,2023-11-10,PREMIUM
471,Raymond Burton,michaelhiggins@example.net,2025-03-28,REGULAR
472,Terrence Wood,gregory19@example.com,2025-09-21,REGULAR
473,Jill Herrera,josephkelly@example.net,2022-06-21,REGULAR
474,James Garcia,edwinmyers@example.com,2023-09-17,REGULAR
475,Julie Rosales,summerskendra@example.com,2023-05-16,REGULAR
476,Theresa Ray,kevinjohnson@example.org,2025-08-02,REGULAR
477,Donna Johnston,chanmatthew@example.com,2022-10-05,REGULAR
478,Jesus Anderson,bevans@example.com,2024-08-23,REGULAR
479,Marco Cox,taylorcarolyn@example.com,2025-11-12,REGULAR
480,Tina Johnson,carlmejia@example.com,2023-03-23,REGULAR
481,Rebecca Garrison,vincentmiller@example.net,2025-03-31,REGULAR
482,Joshua Martinez,gregoryburgess@example.org,2024-02-27,REGULAR
483,Jason Walker,josedavis@example.com,2022-09-24,REGULAR
484,Nicholas Williams,dwall@example.net,2024-04-27,VIP
485,Nathan Stanley,markskristopher@example.com,2025-06-20,REGULAR
486,Angela Johnson,wiseangela@example.com,2021-12-24,REGULAR
487,Adrian Hernandez,robertsutton@example.net,2022-12-05,REGULAR
488,Kristin Powell,christinelee@example.com,2024-04-30,REGULAR
489,Yolanda Mcconnell,masonguzman@example.com,2022-12-16,REGULAR
490,Karen Riley,djackson@example.com,2023-05-26,PREMIUM
491,Jennifer Clark,nathanielrhodes,2023-05-21,REGULAR
492,Kathleen Rich,matthewschwartz@example.com,2024-01-19,REGULAR
493,Joel Romero,traviswatkins@example.org,2026-05-04,REGULAR
494,Karen Powers,yjones@example.org,2023-05-06,REGULAR
495,Jon Gardner,simmonssteven@example.org,2023-09-01,PREMIUM
496,Samantha Banks,qwoods@example.net,2023-11-22,REGULAR
497,Margaret Miller,mcneilcrystal@example.com,2022-10-04,REGULAR
498,Juan Contreras,lisa87@example.com,2023-11-22,PREMIUM
499,Katherine Brown,hobbsheather@example.com,2021-12-13,REGULAR
500,Anne Green,fjones@example.com,2024-11-28,VIP
501,Alexander Romero,coreywalsh@example.org,2026-06-08,REGULAR
502,Heather Allen,lorraineromero@example.com,2023-03-23,REGULAR
503,James Powers,smithgregory@example.com,2023-12-17,VIP
504,Katherine Wright,rmcguire@example.org,2022-10-24,REGULAR
505,Gregory Porter,campbelleric@example.com,2022-08-08,REGULAR
506,Chase Barnett,danieljulie@example.org,2026-02-13,REGULAR
507,Erica Sampson,theresaharrington@example.net,2023-01-24,PREMIUM
508,Aaron Yang,sharon36@example.net,2025-05-22,PREMIUM
509,Kevin Barnett,maria34@example.com,2024-12-12,REGULAR
510,Richard Rivera,jacob84@example.net,2022-12-10,VIP
511,Alan Crane,larsonlawrence@example.org,2023-08-29,VIP
512,Emily Thompson,john10@example.net,2024-08-17,REGULAR
513,Julie Mcknight,grant87@example.net,2025-01-01,VIP
514,Amy Butler,james25@example.com,2021-09-29,REGULAR
515,Jeff Bates,imiller@example.org,2022-09-09,PREMIUM
516,Lynn Gilbert,chambersemma@example.com,2023-04-13,PREMIUM
517,Amanda Fields,fwilson@example.net,2025-01-29,REGULAR
518,Peter Patel,michael99@example.net,2022-06-19,VIP
519,Natalie Wheeler,donald15@example.com,2025-11-07,VIP
520,Mrs. Vanessa Swanson,tara27@example.org,2024-09-28,PREMIUM
521,Mr. Chad Wright,samanthamcpherson@example.org,2022-12-21,REGULAR
522,Matthew Brown,rjames@example.net,2023-03-01,REGULAR
523,Timothy Collins,johnstonjoseph@example.net,2025-01-01,REGULAR
524,Anne Brooks,edean@example.org,2021-07-16,REGULAR
525,Lisa Mitchell,esmith@example.com,2022-02-28,REGULAR
526,Michele Pineda,debra04@example.org,2022-06-25,REGULAR
527,Stephanie King,robertsmackenzie@example.com,2025-10-12,REGULAR
528,Lisa Hale,matthew11@example.net,2022-08-11,REGULAR
529,Tiffany Schmidt,wbarrera@example.org,2022-06-05,REGULAR
530,Dorothy Jefferson,jonathon21@example.org,2023-01-25,REGULAR
531,Julie Meyer,morgankristina@example.com,2023-11-11,PREMIUM
532,William Young,iayers@,2023-06-22,VIP
533,Wesley Horne,danny87@example.org,2024-03-10,REGULAR
534,Amber Gaines,elizabethbrown@example.net,2022-11-03,REGULAR
535,Benjamin Meza,xsellers@example.org,2025-07-22,VIP
536,Harry Heath,campbellwhitney@example.net,2025-03-29,REGULAR
537,Kenneth Morrison,jkeller@example.com,2022-02-25,PREMIUM
538,Steven Moore,robinsonkristopher@example.net,2024-04-25,REGULAR
539,James Miller,nicole61@example.com,2023-11-06,REGULAR
540,Richard Owens,hicksabigail@example.org,2022-02-17,PREMIUM
541,Melissa Collins,michael35@example.org,2023-04-30,VIP
542,Emma Hall,kara24@example.net,2025-01-06,REGULAR
543,Nicole Griffin,becky01@example.org,2024-06-09,PREMIUM
544,Trevor Spencer,omack@example.org,2022-11-08,REGULAR
545,Brittany Williams,michelepatrick@example.org,2023-04-04,PREMIUM
546,Cassandra Huang,michaeltapia@example.com,2023-05-17,REGULAR
547,Austin Palmer,tjones@example.org,2023-11-13,VIP
548,Sarah Nguyen,belljason@example.net,2025-09-23,REGULAR
549,Michelle Banks,lbrown@example.com,2024-12-18,VIP
550,Travis Coleman,rachel79@example.com,2021-09-14,REGULAR
551,William Moreno,kimberlymorse@example.org,2023-01-04,PREMIUM
552,Randall Martin,georgewilliam@example.com,2024-06-06,REGULAR
553,Shawn Gilmore,thomas79@example.com,2026-03-17,VIP
554,Robert Stephens,dyercrystal@example.net,2025-08-25,VIP
555,Zachary Lam,tony14@example.org,2023-06-06,REGULAR
556,Mary Odonnell,tiffany29@example.com,2025-05-19,REGULAR
557,Joshua Miranda,vdoyle@example.net,2026-05-28,REGULAR
558,Martha Weber,albert41@example.com,2026-04-27,REGULAR
559,Melissa Patterson,castrorobert@example.org,2023-12-10,REGULAR
560,Kelsey Davis,robertcoleman@,2024-02-09,REGULAR
561,Alexandra Morris,wilsonmark@example.com,2026-06-28,REGULAR
562,Brittany Conway,wrightkaitlyn@example.com,2023-03-05,REGULAR
563,Samantha Morales,allisonhamilton@example.org,2025-10-11,VIP
564,Kelly Christian,kirkmichelle@example.org,2021-12-19,PREMIUM
565,Dennis Taylor,brendan26@example.org,2024-02-13,REGULAR
566,Michael Wilson,craigstevens@example.net,2025-01-04,REGULAR
567,David Mcmahon,renee85@example.org,2022-09-23,REGULAR
568,Andrea Berry,kenneth40@example.net,2025-11-03,REGULAR
569,Mark Turner,rodrigueznicole@example.net,2024-10-04,REGULAR
570,Donna Griffith,moorevincent@example.org,2026-05-30,PREMIUM
571,Donna Lopez,loweapril@example.net,2026-04-25,REGULAR
572,Dana Thomas,cruzjohn@example.com,2023-03-26,REGULAR
573,Desiree Murray,kleinrachel@example.net,2023-12-26,REGULAR
574,Luke Randolph,parkerkristin@example.net,2023-03-04,REGULAR
575,Steven Park,woodrobert@example.net,2024-03-14,PREMIUM
576,Adrian Lucas,ellissarah@example.net,2025-12-16,REGULAR
577,Cynthia Lowe,charles04@example.net,2025-07-01,REGULAR
578,Matthew Delacruz,john70@example.net,2024-05-14,REGULAR
579,Taylor Davis,ufrench@example.org,2025-10-07,REGULAR
580,Jenna Crawford,zhangsierra@example.org,2025-12-12,REGULAR
581,Karl Wong,qprice@,2022-04-18,REGULAR
582,Timothy Johnson,khenderson@example.org,2023-02-05,REGULAR
583,Michael Anthony,umarsh@example.net,2025-06-01,REGULAR
584,Joshua Joseph,bennetttimothy@example.com,2024-11-22,REGULAR
585,Adam Caldwell,ericbradley@example.net,2024-06-12,REGULAR
586,Amber Contreras,whitneyaguirre@example.net,2022-10-01,PREMIUM
587,Mary Christian,patrickrodriguez@example.org,2022-07-16,REGULAR
588,Molly Jensen,brian73@example.net,2025-01-25,REGULAR
589,Paul Jefferson,lisasmith@example.org,2025-10-10,REGULAR
590,Morgan Cross,karen61@example.com,2025-12-28,REGULAR
591,Tammy Thomas,hubbardjacqueline@example.org,2022-01-27,REGULAR
592,Donna Mcdaniel,destiny99@example.net,2024-09-03,REGULAR
593,Susan Frye,jennifersmith@example.net,2023-06-22,REGULAR
594,Leslie Petty,brandon41@example.net,2025-01-17,REGULAR
595,Todd Owens,daniel04@example.com,2022-01-26,REGULAR
596,Michael Christian,nataliejohnson@example.com,2026-02-03,REGULAR
597,Caitlyn Wells,ismith@example.org,2022-09-06,REGULAR
598,Linda Johnson,delgadoscott@example.net,2021-11-04,REGULAR
599,Angela Vincent,lambjoshua@example.com,2023-03-11,REGULAR
600,Melissa Johnson,briancolon@example.com,2023-08-22,REGULAR
601,Raymond Figueroa,qquinn@example.net,2023-11-22,REGULAR
602,Timothy Hawkins,kristitorres@example.net,2026-02-16,REGULAR
603,Michael Walker,meltonmatthew@example.com,2022-05-18,REGULAR
604,Angel Jackson,justin36@example.net,2021-09-24,REGULAR
605,Terri Fernandez,isaacstanley@example.com,2024-10-04,PREMIUM
606,Barbara Potts,lisamelton@example.org,2024-09-05,VIP
607,Melissa Harper,yhughes@example.net,2025-01-15,REGULAR
608,Christopher Williams,edwardjohnson@example.org,2023-05-08,VIP
609,Gary Martin,aharris@example.net,2024-01-18,REGULAR
610,Marissa Kennedy,martinchristopher@example.org,2022-07-21,REGULAR
611,John Durham,franklinlawson@example.com,2023-03-02,REGULAR
612,Kimberly Moore,vhutchinson@example.com,2024-05-08,REGULAR
613,Michelle Tate,brownamy@example.net,2024-07-30,REGULAR
614,Billy Estes,smithjoseph@example.org,2024-04-01,REGULAR
615,Dennis Parker,timothy88@example.com,2025-09-16,PREMIUM
616,Troy Cruz,brandon63@example.net,2023-09-23,REGULAR
617,Christopher Strickland,kbaldwin,2023-11-05,PREMIUM
618,Anna Johnson,charles76@example.net,2025-10-10,REGULAR
619,Victoria Jones,ywarren@example.com,2024-07-16,REGULAR
620,Larry Wiggins,jennifer74@example.com,2026-06-02,REGULAR
621,William Colon,oray@example.com,2021-11-08,REGULAR
622,Carmen White,brownjohn@example.net,2023-01-20,REGULAR
623,Donna Love,ryan40@example.net,2023-01-22,REGULAR
624,Timothy Pena,tpatel@example.org,2023-12-06,REGULAR
625,Melissa Jones,ashley93@example.org,2022-02-25,REGULAR
626,Megan George,matthew43@example.net,2025-02-03,REGULAR
627,Nicholas Jefferson,martinchase@example.net,2022-08-25,VIP
628,Adrian Chaney,ashields@example.com,2024-01-05,REGULAR
629,Joshua Hall,raven79@example.com,2025-05-04,VIP
630,Kayla Russell,sgeorge@example.org,2025-10-10,REGULAR
631,Jennifer Rich,padams@example.net,2025-01-09,REGULAR
632,James Adams,fchung@example.net,2022-08-21,REGULAR
633,John Burnett,sarah47@example.net,2024-04-03,PREMIUM
634,Erin Osborne,srussell@example.net,2021-09-29,PREMIUM
635,Brian Turner,jasmine80@example.org,2023-12-11,REGULAR
636,Ryan Perez,piercesharon@example.org,2026-02-26,REGULAR
637,Misty Werner,torresbrandon@example.net,2021-12-01,REGULAR
638,Joseph Warner,fjohnson,2021-07-30,REGULAR
639,Carrie Henderson,benjaminjames@example.com,2025-07-15,PREMIUM
640,Sharon Horne,bmay@example.net,2023-01-29,VIP
641,Audrey Hughes,gonzalezlee@example.com,2024-07-17,REGULAR
642,Jacob Gonzalez,dean09@example.net,2025-02-28,REGULAR
643,Joseph Lawson,dudleyjennifer@example.com,2024-05-12,REGULAR
644,Matthew Baker,hurleyrandy@example.org,2023-08-31,REGULAR
645,Tiffany Castillo,qlindsey@example.com,2023-12-08,PREMIUM
646,Amy Figueroa,sarabowers@example.com,2026-05-03,REGULAR
647,Richard Wade,phillipsjennifer@example.org,2023-04-13,REGULAR
648,Stephanie Smith,xsmith@example.net,2025-08-18,REGULAR
649,Christopher Morrison,xsmith@example.com,2022-05-05,VIP
650,Jonathan Lopez,mary58@example.net,2024-03-17,REGULAR
651,Brandon Wright,frank29@example.org,2024-11-09,PREMIUM
652,Joel Johnson,martinwilliam@example.net,2022-03-28,VIP
653,Alexander Bush,rharvey@example.net,2024-07-15,REGULAR
654,Don Dixon,briannaward@example.com,2022-08-27,REGULAR
655,Brittney Kramer,ray58@example.com,2022-10-01,VIP
656,Brian Rodriguez,wesley67@example.org,2026-01-01,REGULAR
657,Dennis Lara,ybradley@example.net,2021-09-07,REGULAR
658,Timothy Lewis,matthewchapman@example.net,2022-06-27,PREMIUM
659,Natalie Chen,savagefaith@example.net,2022-10-03,REGULAR
660,Patricia Hays,walkerdavid@example.com,2021-12-10,PREMIUM
661,Sharon Colon,nicholaswallace@example.org,2024-05-22,PREMIUM
662,Samantha Gonzalez,howardsantiago@example.org,2023-10-05,REGULAR
663,Lisa Thomas,woodapril@example.org,2021-08-14,REGULAR
664,Christopher Gentry,nhowell@example.net,2021-08-22,REGULAR
665,Manuel Simmons,frankjohnson@example.net,2023-09-21,REGULAR
666,Lauren Harvey,patrickjeffrey@example.net,2021-10-09,REGULAR
667,Johnny Nelson,uhogan@example.org,2022-06-12,REGULAR
668,Tonya Roach,mullinsthomas@example.net,2022-12-19,PREMIUM
669,Mrs. Lisa Jones,brian75@example.org,2023-11-04,REGULAR
670,Juan Davis,ismith@example.com,2022-02-24,REGULAR
671,Nicholas West,brandy19@example.org,2026-05-19,REGULAR
672,Lindsay Moss,michaeljohnson@example.net,2021-07-28,REGULAR
673,Joseph Hinton,wboyd,2022-02-24,REGULAR
674,Lauren Coffey,millerdawn@example.org,2024-08-24,REGULAR
675,Michael Erickson,mindy67@example.org,2025-11-19,REGULAR
676,Candice Johnson,miguelknapp@example.com,2024-01-19,PREMIUM
677,Ashley Martin,perezkelly@example.net,2024-05-01,REGULAR
678,John Sanders,kristen57@example.net,2024-08-24,PREMIUM
679,Donald Torres,brian89@example.com,2024-05-06,REGULAR
680,Ashley Alvarez,jennifer45,2026-05-06,REGULAR
681,Heather Trujillo,michaelmurphy@example.net,2024-10-13,REGULAR
682,Erin Roberts,kimberly70@example.com,2023-06-14,PREMIUM
683,Julie Turner,howellangela@example.com,2023-02-27,REGULAR
684,Denise Stevens,ozimmerman@example.net,2025-02-03,REGULAR
685,Christine Brown,dpoole@example.net,2023-04-28,REGULAR
686,Mario Ho,btaylor@example.net,2022-06-08,PREMIUM
687,Thomas Parker,markmccann@example.com,2026-05-03,REGULAR
688,Mathew Hart,christopherreynolds@example.org,2023-07-03,PREMIUM
689,Mr. Brian Moore,alicia02@example.org,2023-09-01,REGULAR
690,Janet Mcknight,vsutton@example.org,2023-07-06,REGULAR
691,Colin Martin,garnerpriscilla@example.org,2026-01-19,REGULAR
692,Gina Miller,latoya71@example.org,2022-02-23,PREMIUM
693,Jeremy Knapp,thughes@example.org,2022-02-28,VIP
694,Thomas Frank,thomassmith@example.com,2022-08-13,PREMIUM
695,Karen Moran,anthonygentry@example.org,2023-03-11,REGULAR
696,Anthony Turner,drakesamantha@example.org,2022-08-10,VIP
697,Mrs. Sarah Garza MD,seaton@example.net,2026-07-04,PREMIUM
698,Michelle Douglas,tracey78@example.net,2023-03-12,REGULAR
699,Debbie Young,websterdanielle@example.org,2022-07-12,REGULAR
700,Kristina Owens,gloria41@example.net,2024-10-21,PREMIUM
701,Sandra Allen,jonathonjames@example.com,2025-11-12,REGULAR
702,Kimberly Taylor,thompsonholly@example.net,2022-08-18,REGULAR
703,Omar Preston,timothy70@example.com,2024-12-19,PREMIUM
704,Angela Smith,russellbradley@example.org,2024-02-07,REGULAR
705,Henry Harrison,qgray@example.net,2022-02-21,REGULAR
706,Dr. Paul Miller Jr.,mcdonaldmichael@example.com,2021-10-27,REGULAR
707,Ricky Collins,campbelljenna@example.org,2025-05-05,REGULAR
708,Jennifer Mullen,garrettdavis@example.net,2023-07-16,REGULAR
709,Michael Kane,rpowell@example.net,2026-01-30,REGULAR
710,Jeffrey Lawrence,andrew41@example.org,2025-11-03,REGULAR
711,Hannah Chavez,whitakerlarry@example.com,2022-10-30,REGULAR
712,Abigail Smith,nbennett@example.com,2024-11-17,REGULAR
713,Kristina Davis,brian85@example.net,2026-03-03,REGULAR
714,Katrina Jenkins,hsmith@example.org,2022-07-24,PREMIUM
715,Tracey Rice,nbennett@example.com,2025-06-01,REGULAR
716,Anna Butler,morrisonlee@example.com,2026-03-19,REGULAR
717,Andrea Moore,taylormorales@example.com,2021-09-18,REGULAR
718,Laurie Estrada,grahamanna@example.net,2023-03-11,REGULAR
719,Tracey White,aclark@example.com,2022-12-26,REGULAR
720,Christopher Melendez,zscott@example.com,2023-08-08,PREMIUM
721,Katherine Ramos,nguyenbradley@example.net,2023-10-08,REGULAR
722,Mikayla Baker,jasminebrown@example.com,2022-11-10,REGULAR
723,Catherine Smith,mwallace@example.com,2025-11-04,REGULAR
724,Christopher Lee,kylie87@example.com,2026-05-26,PREMIUM
725,Anthony Sutton,jwoods@example.org,2022-06-25,REGULAR
726,Steven Stevens,larry87@example.com,2025-08-06,REGULAR
727,Valerie Byrd,danderson@example.net,2022-09-10,REGULAR
728,Shannon Robles,dean21@example.com,2025-01-03,PREMIUM
729,Denise James,sean76@example.com,2024-07-05,PREMIUM
730,Julie Noble,justinmartinez@example.com,2022-03-14,VIP
731,Michelle Stewart,ssmith@example.net,2021-11-06,PREMIUM
732,George Young,tuckerhaley@example.com,2022-10-08,VIP
733,Steven Moyer,smiller@example.com,2022-10-11,REGULAR
734,Kelsey Collier,patricksmith@example.com,2023-05-20,PREMIUM
735,Kristi Hancock,cbarnett@example.net,2021-12-22,REGULAR
736,Annette Flowers,scottwilson@example.com,2022-02-01,VIP
737,Pamela Rogers,andersonsusan,2024-08-08,PREMIUM
738,Theresa Wood,bryan80@example.com,2023-10-06,PREMIUM
739,Jeremy Carroll,karenharris@example.net,2022-01-05,REGULAR
740,Misty Vega,fporter@example.org,2024-01-08,REGULAR
741,Brandy Miller,amyabbott@example.org,2025-08-31,REGULAR
742,Scott Kim,shannon45@example.org,2024-03-06,REGULAR
743,Stephen Ward,mariajohnson@example.net,2024-11-16,REGULAR
744,Emily Floyd,duarteashley@example.com,2023-10-26,REGULAR
745,Lisa Gibson,mayojames@example.com,2023-04-09,PREMIUM
746,Andrea Fox,jchambers@example.com,2025-02-15,VIP
747,Raymond Brooks,hubbardgeorge@example.com,2025-12-17,REGULAR
748,George Adams,sscott@example.net,2026-07-09,REGULAR
749,Mr. Anthony Smith,iwest@example.org,2023-03-19,REGULAR
750,Terry Osborne,meagan61@example.net,2021-09-20,VIP
751,Elizabeth Butler,wowens@example.org,2025-03-27,REGULAR
752,Alexis Lopez,qhansen@example.com,2022-11-09,REGULAR
753,Jasmine Stein,ronaldfrancis@example.net,2021-10-16,REGULAR
754,Brenda Garcia,holtcarrie@example.org,2025-10-16,REGULAR
755,Michael Fuentes,dwheeler@example.org,2022-03-18,REGULAR
756,Catherine Lang,deborahlong@example.net,2022-06-28,REGULAR
757,Daniel Alvarado,derrick78@example.org,2021-09-21,REGULAR
758,Louis Yang,smendoza@example.com,2023-12-19,PREMIUM
759,Francis Bass,darlene36@example.org,2025-03-04,REGULAR
760,Lisa Cruz,jameswilliams@example.net,2023-06-14,REGULAR
761,Rachael Cooke,herreramonique@example.org,2023-09-16,VIP
762,Michael Swanson,leekenneth@example.com,2025-11-03,PREMIUM
763,Ashley Quinn,hortonchristopher@example.org,2025-12-14,REGULAR
764,Scott Pacheco,natasha83@example.com,2022-06-19,REGULAR
765,Timothy Fletcher,uforbes@example.org,2022-07-22,VIP
766,Donald Roberts,kylemarshall@example.org,2026-03-02,PREMIUM
767,Megan Murray,markmorgan@example.net,2025-03-22,REGULAR
768,Bobby Moore,opollard@example.net,2024-01-02,REGULAR
769,Joshua Pearson,harrisallen@example.com,2023-06-29,PREMIUM
770,Tyler Barnes,mark77@example.net,2023-05-10,REGULAR
771,Amber Roberts,ronaldedwards@example.org,2025-12-17,PREMIUM
772,Amy Martin,rickey38@example.net,2025-12-23,REGULAR
773,Donna Williams,nwhite@example.net,2022-09-15,PREMIUM
774,Kevin Thomas,andrewthompson@example.org,2021-07-13,REGULAR
775,April Wolf,igoodwin@example.org,2021-11-11,PREMIUM
776,Nathan Harper,vanessa84@example.com,2025-11-14,VIP
777,Rebecca Gray,smithjoy@example.com,2024-08-04,REGULAR
778,Dawn Walker,penningtonjohn@example.net,2023-07-06,VIP
779,Alejandro Rodriguez,ericrussell@example.com,2026-06-10,PREMIUM
780,Alisha York,cbanks@example.org,2024-02-10,REGULAR
781,Dr. Samantha Dean,reyesjennifer@example.com,2023-03-06,REGULAR
782,Willie Green,jessica86@example.org,2022-09-11,VIP
783,Stephanie Walker,davidhunt@example.org,2025-06-27,REGULAR
784,Jonathan Bryan,robertbates@example.org,2022-12-25,REGULAR
785,Susan Barrera,erin44@example.com,2024-03-01,PREMIUM
786,Richard Nunez,lesterwalter@example.com,2024-10-12,REGULAR
787,Andrew Daniels,davidsonlori@example.com,2024-04-11,PREMIUM
788,Robert Collins,wmitchellexample.org,2023-03-06,REGULAR
789,Jennifer Elliott,gary53@example.com,2025-11-13,PREMIUM
790,William Bernard,ashleygriffin@example.com,2021-12-26,REGULAR
791,Tyler Rocha,tayloranna@example.net,2023-02-09,PREMIUM
792,Brittany Ingram,tchavez@example.org,2025-08-14,REGULAR
793,Benjamin Morgan,martinezvictoria@example.org,2024-07-23,REGULAR
794,Meredith Jordan,nicolerose@example.org,2024-10-11,VIP
795,Elizabeth Willis,wallacevictoria@example.org,2026-01-21,PREMIUM
796,Kimberly Ryan,holly63@example.org,2022-09-18,PREMIUM
797,Abigail Lopez,angela22@example.org,2022-04-12,REGULAR
798,Patrick Kelley,aaron57@example.org,2023-04-03,PREMIUM
799,Stacey Rose,mchang@example.net,2026-06-21,REGULAR
800,Devin Knight,clarkjody@example.net,2023-09-05,REGULAR
801,Erica Rodgers,andrew40@example.com,2024-08-23,PREMIUM
802,Rachel Hamilton,wcoffey@example.org,2025-03-21,REGULAR
803,Kenneth Barrett,wilsonjohn@example.net,2022-05-25,REGULAR
804,Kyle Greer,sstevens@example.net,2023-12-10,VIP
805,Mr. Albert Davis,meyeradrian@example.com,2022-10-15,REGULAR
806,Bradley Wagner,heather86@example.net,2026-03-16,REGULAR
807,Brian Estes,woodardvicki@example.com,2026-05-29,REGULAR
808,Jordan Sanders,brittanyedwards@example.net,2024-12-15,PREMIUM
809,Rebecca Murphy,wilsonkristie@example.com,2025-01-06,REGULAR
810,Elizabeth Price,campbellteresa@example.com,2023-08-21,VIP
811,Joseph Powers,wcooper@example.net,2021-12-15,REGULAR
812,Paul Williams,tina83@example.org,2026-07-05,PREMIUM
813,Jerry Roberts,simonconnie@example.com,2022-09-23,REGULAR
814,Zachary Miller,alicemaldonado@example.net,2024-07-30,REGULAR
815,Chad Smith,jonesjoshua@example.org,2023-07-04,REGULAR
816,Tyler Lewis,adamsmith@example.net,2024-01-28,REGULAR
817,Ashley Little,melissabailey@example.org,2026-01-16,REGULAR
818,Courtney Long,christinemoyer@example.com,2025-01-02,PREMIUM
819,Paul Thomas,nathan38@example.org,2021-08-15,REGULAR
820,Yolanda Mason,tarareed@example.com,2025-05-24,REGULAR
821,Laura Morgan,griffinericexample.org,2026-01-30,PREMIUM
822,Dawn Gonzalez,thomaschristineexample.org,2024-07-13,REGULAR
823,Jennifer Bishop,espinozafelicia@example.org,2022-08-10,REGULAR
824,Jason Nolan Jr.,wpatel@example.net,2023-05-21,REGULAR
825,Cody Barker,uchristian@example.net,2025-11-17,REGULAR
826,Daniel Elliott,uwilson@example.net,2021-12-05,REGULAR
827,David Huber,scameron@example.org,2022-05-21,REGULAR
828,David Scott,leeingram@example.org,2026-05-05,REGULAR
829,Logan Hampton,josephhampton@example.net,2022-01-19,REGULAR
830,Victoria Fitzgerald,michaelwright@example.net,2026-04-05,REGULAR
831,Billy Romero,brianking@example.com,2024-04-07,REGULAR
832,Timothy Coleman,bradmitchell@example.net,2025-08-30,REGULAR
833,Tammy Fuentes,epham@example.org,2024-01-02,REGULAR
834,Robert Golden,ubaker@example.net,2023-09-29,REGULAR
835,Lisa Farrell,stephen09@example.net,2023-02-23,REGULAR
836,Sierra Howell,kristy11@example.com,2025-04-04,PREMIUM
837,Donna Martin,thomas69@example.com,2021-08-27,REGULAR
838,Peter Cameron,terryadrienne@example.com,2021-11-22,REGULAR
839,Tricia Chapman,scott06@example.org,2023-06-19,REGULAR
840,Andrew Hancock,sergiolarson@example.com,2024-09-16,REGULAR
841,William Wright,louissmith@example.com,2021-11-05,REGULAR
842,Bryan Grant,xstone@example.com,2022-11-24,REGULAR
843,Holly Rivera,collinscassandra@example.com,2022-08-09,VIP
844,Leroy Ellison,thomasbrooke@example.com,2024-06-08,REGULAR
845,Brian Wallace,chavezdavid@example.org,2026-03-29,REGULAR
846,Alexander Bishop,danarivers@example.net,2022-06-01,REGULAR
847,Monica Campos,jeffreyhunt@example.com,2024-07-10,REGULAR
848,Amy Mills,lozanogregory@example.net,2023-11-21,REGULAR
849,Michael Smith,jacobthomas@example.org,2026-03-16,REGULAR
850,Wayne Eaton,jessica98@example.net,2024-11-16,PREMIUM
851,Gregory Thompson,lcook@,2025-07-28,REGULAR
852,Kristin Murray,pballard@example.net,2025-12-08,VIP
853,Chelsea Leach,ryan73@example.com,2023-01-17,REGULAR
854,Alexa Cunningham,chadcole@example.com,2025-03-23,VIP
855,Angela Brown,yolandaflores@example.net,2025-11-19,REGULAR
856,Lisa Ruiz,nmiller@example.com,2021-08-11,REGULAR
857,Ricardo Day,jessicamoon@example.net,2023-09-21,PREMIUM
858,Brent Bryant,alexis88@example.org,2026-01-19,PREMIUM
859,Mark Miller,kimberly70@example.net,2025-01-31,REGULAR
860,Eric Leonard,adamsmith@example.org,2024-04-19,PREMIUM
861,Mallory Fischer MD,russellchristine@example.com,2022-11-12,REGULAR
862,Rhonda Braun,lauren02@example.com,2026-03-28,REGULAR
863,Jennifer Gill,pamela00@example.org,2021-07-27,REGULAR
864,Jeff Anderson,jthomas@example.org,2025-04-06,VIP
865,Alexa Chan,patriciastafford@example.org,2022-01-18,REGULAR
866,Dr. Megan Bennett,richard42@example.org,2024-05-18,REGULAR
867,Mark Peters,kdawson@example.org,2022-06-23,PREMIUM
868,James Ray,aparks@example.com,2024-07-17,REGULAR
869,Darren Hughes,irwinbrandon@example.net,2023-12-09,REGULAR
870,Michael Contreras,harrisondaniel@example.net,2025-02-02,REGULAR
871,Jose Ray,ianlee@example.com,2025-04-20,REGULAR
872,James Carter,megan39@example.net,2023-03-29,REGULAR
873,Manuel Brown,baldwinalyssa@example.net,2025-02-04,PREMIUM
874,Nathan Hudson,stevenmann@example.com,2024-08-18,REGULAR
875,Ethan Poole,angela70@example.net,2024-01-20,REGULAR
876,Christine Randall,thernandez@example.org,2024-08-31,REGULAR
877,Michelle Gonzalez,gabriel40@example.net,2022-05-17,REGULAR
878,John Haynes,cmanning@example.org,2022-03-04,PREMIUM
879,Kelly Simmons,reeveskendra@example.org,2023-10-27,VIP
880,Mary Whitehead,carla39@example.net,2022-07-25,REGULAR
881,Anna Anderson,rproctor@example.org,2025-11-20,REGULAR
882,Melissa Hamilton,prestonsteele@example.net,2023-06-11,PREMIUM
883,Jason Warner,wwagner@example.org,2024-10-22,REGULAR
884,Margaret Nolan,samantha37@example.com,2022-01-27,PREMIUM
885,Michael Hernandez,edwardskelly@example.net,2023-09-06,REGULAR
886,Susan Olson,bingram@example.org,2025-04-27,REGULAR
887,Alicia Craig,valentinestephen@example.org,2024-09-27,REGULAR
888,David Fitzgerald,qcurtis@example.org,2024-06-08,VIP
889,Jessica Barker,susan55@example.net,2023-05-06,PREMIUM
890,Alicia Robinson,lisamartinez@example.com,2026-03-22,REGULAR
891,Yvonne Hunter,zthomas@example.net,2024-05-06,REGULAR
892,Jerome Gamble,goodmanpenny@example.org,2023-05-09,REGULAR
893,Lisa Gilmore,brianwheeler@example.org,2025-08-28,REGULAR
894,Daniel Martinez,carolroberts@example.org,2023-03-08,REGULAR
895,Brian Powell,georgeglass@example.com,2021-10-27,PREMIUM
896,Kristine Black,ymiles@example.net,2022-08-13,PREMIUM
897,James Chambers,brianliu@example.net,2022-02-18,PREMIUM
898,Jacob Chavez,ooliver@example.net,2025-07-18,REGULAR
899,Christopher Mclaughlin,thomasbenjamin@example.net,2024-01-12,VIP
900,Cassandra Lamb,qwelch@example.org,2022-11-01,REGULAR
901,Michele Gray,tcopeland@example.net,2026-03-12,PREMIUM
902,Brenda Rollins,james46@example.com,2021-11-14,REGULAR
903,Andrew Bradshaw,daniel27@example.org,2023-01-09,REGULAR
904,Christopher Weber,xevans@example.com,2026-05-05,REGULAR
905,Aaron Hunt,robertsmith@example.com,2026-06-07,REGULAR
906,Alyssa Ryan DDS,stewartpatricia@example.net,2023-05-27,VIP
907,Robert White,tgray@example.com,2022-06-13,REGULAR
908,Patrick Porter PhD,prush@example.com,2025-01-10,REGULAR
909,Brittany Fernandez,howardwesley@example.org,2025-03-19,REGULAR
910,Jeanette Whitehead,xgomez@example.com,2026-02-03,REGULAR
911,Barry Kelly,nrobbins@example.net,2022-07-20,REGULAR
912,James Miller,tracy12@example.net,2024-07-04,PREMIUM
913,Robert Zimmerman,samantha89@example.net,2022-10-22,PREMIUM
914,Daniel Andersen,vmitchell@example.org,2025-09-19,REGULAR
915,Kathleen Thomas,kimberly68@example.net,2021-09-01,REGULAR
916,Kara White,benjamin17@example.com,2026-03-20,REGULAR
917,Charlotte Moss,ocannon@example.com,2022-11-02,REGULAR
918,Stephen Vasquez,victorialong@example.net,2021-09-12,REGULAR
919,Jordan Mccarthy,amandatorres@example.net,2022-12-03,VIP
920,Alexandra Wallace,evansxavier@example.org,2022-04-26,PREMIUM
921,Patrick Arias,jeffrey91@example.org,2026-02-04,REGULAR
922,Jesse Fitzgerald,afisher@example.org,2023-02-01,REGULAR
923,Stacy Rivera,daniel66@example.net,2022-02-08,REGULAR
924,Todd Jones,smithjoshua@example.net,2025-06-13,PREMIUM
925,Thomas Lopez,johnsonmichelle@example.org,2024-10-29,REGULAR
926,Miguel Valentine,racheljenkins@example.com,2024-09-26,REGULAR
927,Autumn Velasquez,kellydaniel@example.com,2024-01-08,REGULAR
928,Edward Walsh,samantha35@example.org,2023-05-03,REGULAR
929,Michelle Thomas,ryangibson@example.com,2025-07-26,REGULAR
930,Wendy Allen,pbrown@example.net,2022-02-02,REGULAR
931,Jacqueline Wallace,spencer47@example.net,2022-06-09,REGULAR
932,Brittney Perez,daniel25@example.com,2024-02-13,REGULAR
933,Alex Brown,wwalter@example.org,2024-04-20,PREMIUM
934,Stephanie Acevedo,krista69@example.net,2023-01-11,REGULAR
935,Sheila Skinner,zmiller@example.org,2024-08-12,VIP
936,Nancy Lane,boltonpamela@example.net,2023-04-22,PREMIUM
937,David Duke,zholt@example.com,2026-06-02,REGULAR
938,Juan Hodge,egallegos@example.net,2023-10-02,PREMIUM
939,Anna Lee,vtanner@example.com,2023-09-17,REGULAR
940,Judy Miller,paulwu@example.net,2022-05-09,REGULAR
941,Ronald Jensen,ashley82@example.net,2022-05-31,PREMIUM
942,Victoria Huber,amyjames@example.net,2025-01-25,REGULAR
943,David Garza,james73@example.org,2022-10-27,PREMIUM
944,Molly Sanchez,williamfrank@example.net,2026-06-29,REGULAR
945,Ethan Jackson,gonzaleztina@example.org,2025-12-14,REGULAR
946,Shannon Ward,laurasaunders@example.net,2021-12-28,REGULAR
947,Eric Perez,ptucker@example.net,2026-02-25,REGULAR
948,Scott Martinez,jerrypruitt@example.com,2023-09-30,REGULAR
949,David Stone,perezjulie@example.net,2024-01-02,REGULAR
950,Cheryl Rogers,austinbrian@example.net,2022-05-02,REGULAR
951,Megan Lee,hailey48@example.net,2024-10-14,REGULAR
952,Eric Mcconnell,davidlauren@example.com,2024-06-25,REGULAR
953,Haley Gonzales,brentjohnson@example.com,2022-05-16,REGULAR
954,Beth Smith,carlosdiaz@example.org,2023-11-16,REGULAR
955,Alejandro Reese,daisy72@example.com,2025-03-05,REGULAR
956,Joseph Murphy,mcurtis@example.net,2023-03-02,REGULAR
957,Marie Fox,john57@example.org,2024-10-21,REGULAR
958,Laurie Webb,mdunlap@example.org,2025-11-27,PREMIUM
959,Brad Shields,stricklandtammy@example.org,2025-06-30,PREMIUM
960,David Moss,mejiadanny@example.net,2022-02-16,VIP
961,Michael Williams,christopherdalton@example.net,2022-04-02,PREMIUM
962,Tyler Cantrell,butleralexis@example.net,2025-05-12,PREMIUM
963,Laurie Barajas,jonathanmacdonald@example.org,2025-08-28,REGULAR
964,Michael Allen,ann23@example.org,2025-11-13,REGULAR
965,Jessica Ramirez,uvalentine@example.org,2025-09-27,REGULAR
966,Justin Glenn,robert03@example.net,2022-11-27,REGULAR
967,Anthony Smith,gabriella33example.com,2024-05-27,REGULAR
968,Stephen Garrison,zacharyharrington@example.org,2026-01-17,PREMIUM
969,Steven Williams,johnsonaudrey@example.com,2026-03-27,REGULAR
970,Terry Duran,cmerritt@example.net,2021-10-24,PREMIUM
971,Wendy Williams,johnzimmerman@example.com,2022-04-21,REGULAR
972,Julia Jones,brianstone@example.com,2021-09-19,REGULAR
973,Douglas Mason,knoxemily,2024-03-21,REGULAR
974,Dale Adams,william90@example.org,2022-09-20,REGULAR
975,Michael Gillespie,emily77@example.org,2022-05-24,VIP
976,Adam Wilson,whuber,2023-06-29,REGULAR
977,Jennifer Gray,kevinbrown@example.com,2022-01-20,PREMIUM
978,Briana Mercer,melissa53@example.com,2024-03-26,REGULAR
979,Bradley Peters,gcastillo@example.net,2025-10-05,PREMIUM
980,Dr. Christopher Adams,bstevens@example.net,2025-04-06,REGULAR
981,Mark Kline,sharon94@example.com,2022-06-22,REGULAR
982,Christopher Green,antoniocobb@example.org,2024-02-23,REGULAR
983,Ryan Mclaughlin,dukejoseph@example.org,2024-04-05,REGULAR
984,Amanda Galloway,cynthiamartin@example.com,2023-10-25,REGULAR
985,Meagan King,torresparker@example.net,2024-02-11,REGULAR
986,Lisa Anderson,jmoore@example.org,2024-08-15,VIP
987,Kevin Good,hansenconnor@example.com,2025-12-07,PREMIUM
988,Ricardo Simpson,ihernandez@example.net,2021-11-20,REGULAR
989,Tina Harris,lori48@example.net,2023-10-22,PREMIUM
990,Todd Erickson,stephen23@example.net,2024-05-30,VIP
991,Erin Miller,fisherjennifer@example.com,2023-12-06,PREMIUM
992,Debbie Guerra,zcochran@example.net,2021-11-11,REGULAR
993,Deanna Johnson,xjennings@example.com,2021-11-02,REGULAR
994,Melissa Hall,taylorbrenda@example.com,2021-12-22,REGULAR
995,Ashley Munoz,adambond@example.net,2024-11-05,PREMIUM
996,Benjamin Edwards,moorewarren@example.net,2025-02-12,VIP
997,Vanessa Nash,rnelson@example.com,2024-08-17,REGULAR
998,Courtney Blair,benjamin00@example.org,2026-06-22,VIP
999,Eric Decker,anna92@example.org,2021-12-03,VIP
1000,William Jones DDS,jessicawallace@example.com,2021-08-11,PREMIUM
1001,Joel Carpenter,jessica38@example.org,2021-08-10,REGULAR
1002,Shelly Robertson,bradleytodd@example.net,2026-04-03,REGULAR
1003,Michelle Barnes,mckeemichael@example.com,2024-03-27,REGULAR
1004,Eddie Stewart,peckaustin@example.org,2026-01-10,REGULAR
1005,Jason Davis,robertkennedy@example.net,2024-10-10,REGULAR
1006,Karen Adams,nataliejohnson@example.net,2021-09-05,REGULAR
1007,Tamara Roberts,webbkenneth@example.org,2024-09-03,REGULAR
1008,Whitney Mitchell DDS,kelsey79@example.net,2023-02-25,PREMIUM
1009,Amanda Valencia,jason80@example.com,2026-01-04,PREMIUM
1010,Brittany White,fandrews@example.org,2022-08-23,REGULAR
1011,Ruth Martinez,joshuawu@example.com,2022-06-06,REGULAR
1012,Peter Santiago,brucecohen@example.org,2022-03-07,PREMIUM
1013,Samantha Collins,potterlori@example.org,2024-01-08,VIP
1014,Thomas Scott,jrosario@example.com,2024-02-04,REGULAR
1015,Sarah Kelly,michellemason@example.org,2023-05-21,REGULAR
1016,Brandon Walker,pamela86@example.org,2021-09-30,REGULAR
1017,Christopher Snyder,rsullivan@example.com,2023-04-21,REGULAR
1018,Mary Welch,mitchellstephanie@example.com,2024-09-13,REGULAR
1019,Meghan Henderson,mosleykyle@example.com,2022-09-23,REGULAR
1020,Ronald Estrada,wjohnson@example.net,2023-02-09,REGULAR
1021,Scott Garcia,mooreshane@example.com,2026-06-16,REGULAR
1022,Michael Aguilar,troy67@example.org,2021-07-30,REGULAR
1023,Cynthia Garcia,meadowsjohn@example.net,2026-01-10,REGULAR
1024,Sarah Odonnell,ytran@example.com,2021-08-09,REGULAR
1025,Kenneth Barrera,smithpaul@example.com,2024-05-24,REGULAR
1026,Alyssa Mueller,frank59@example.com,2023-07-16,REGULAR
1027,Eric Reed,sampsonpatrick@example.net,2021-12-10,REGULAR
1028,Nancy Mclaughlin,paultucker@example.com,2024-05-17,REGULAR
1029,Heather Brown,chavezalexis@example.net,2021-10-15,REGULAR
1030,Jennifer Dominguez,christina17@example.com,2023-11-04,REGULAR
1031,Molly Patterson,wwilliams@example.org,2024-08-26,PREMIUM
1032,Theresa Gonzalez,rodgersmichelle@example.net,2024-12-07,REGULAR
1033,Cassandra Cook,erica61@example.org,2021-09-19,REGULAR
1034,Sally Dunlap,michelle49@example.net,2024-10-10,PREMIUM
1035,David Murray,ryan70@example.com,2021-10-19,VIP
1036,Ronald Lopez,eevans@example.com,2025-05-06,REGULAR
1037,Mark Myers,ythomas@example.org,2025-09-19,REGULAR
1038,Melanie Herring,cadams@example.com,2022-07-30,REGULAR
1039,Robert Perez,usmith@example.net,2026-05-24,REGULAR
1040,Thomas Berger,veronicalivingston@example.com,2024-02-20,REGULAR
1041,Joshua Clark,martinmichelle@example.org,2023-03-21,REGULAR
1042,Trevor Smith,emata@example.org,2023-06-10,REGULAR
1043,Cheryl Kidd,aowen@example.org,2025-05-27,REGULAR
1044,George Clark,rmoore@example.com,2022-06-26,REGULAR
1045,Luke Holloway,brianallison@example.org,2023-03-05,REGULAR
1046,Kyle Wilcox,richardsummers@example.com,2025-05-24,REGULAR
1047,Brenda Hall,christina56@example.net,2023-08-10,REGULAR
1048,Jerry Thompson,ericlee,2026-02-23,REGULAR
1049,Joyce Salas,eringill@example.org,2021-10-06,REGULAR
1050,Brian Cruz,dspencer@example.org,2024-02-27,PREMIUM
1051,John Rush,conniekirby@example.com,2025-02-18,PREMIUM
1052,Devon Day,kramirez@example.org,2025-09-22,REGULAR
1053,James Mcgee,parsonsmichael@example.org,2024-12-11,PREMIUM
1054,Katherine Wilson,yholland@example.com,2021-11-08,REGULAR
1055,Clinton Morales,kyle45@example.com,2025-01-23,REGULAR
1056,Brittany Duncan,kennethgarcia@example.org,2022-05-11,REGULAR
1057,Mr. Thomas Nguyen MD,quinndennis@example.com,2024-08-13,REGULAR
1058,Sydney Curtis,bryantbrandon@example.net,2023-01-31,REGULAR
1059,Danielle Wise,phelpsmary@example.org,2026-06-06,REGULAR
1060,Christopher Lee,blankenshipaudrey@example.net,2022-11-01,REGULAR
1061,Victoria Perry,brian89@example.org,2026-02-06,PREMIUM
1062,Victoria Cross,adamssarah@example.com,2022-07-07,REGULAR
1063,Sarah Harrison,michaeldiaz@example.org,2023-01-14,PREMIUM
1064,Christian Carr,alexander68@example.com,2024-04-27,VIP
1065,Alicia Mathis,tara32@example.net,2021-07-20,REGULAR
1066,Isabella Holland,kirbyantonio@example.net,2024-09-28,REGULAR
1067,Jeffrey Jensen,maxking@example.net,2025-06-17,REGULAR
1068,Lisa Hart,lejames@example.com,2022-03-09,REGULAR
1069,Brittany Ray,csmith@example.org,2021-08-30,REGULAR
1070,Barbara Howard,iburgess@example.com,2021-12-11,REGULAR
1071,Jeremy Phillips,speterson@example.com,2021-12-09,REGULAR
1072,Julie Edwards,leeandrew@example.com,2025-05-03,REGULAR
1073,Paula Lewis,rasmussenkatherine@example.com,2025-06-02,PREMIUM
1074,Martin Simpson,royeric@example.org,2025-03-02,REGULAR
1075,Jason Ford,goldenjordan@example.net,2021-09-14,REGULAR
1076,Marcus Hopkins,rosemichael@example.com,2022-03-01,PREMIUM
1077,Laurie Boyd,jeffreythomas@example.net,2025-05-27,REGULAR
1078,Stacy Edwards,paula73@example.com,2024-12-30,REGULAR
1079,Megan Estrada,erodriguez@example.org,2024-04-29,REGULAR
1080,Isaac Perez,perry93@example.org,2025-12-06,REGULAR
1081,Grant May,jackking@example.com,2022-05-30,VIP
1082,Andrea Pierce,hannah50@example.org,2025-03-13,REGULAR
1083,Michael Ball,uperez,2023-03-31,VIP
1084,Shannon Lewis,ashleymcknight@example.net,2025-07-01,REGULAR
1085,Cathy Gomez,blewis@example.org,2026-05-17,PREMIUM
1086,Candice Thomas,kyle45@example.net,2025-05-02,REGULAR
1087,Teresa White,brianrollins@example.com,2021-10-24,REGULAR
1088,Regina Hernandez,plittle@example.org,2025-07-03,PREMIUM
1089,Joseph Black,bartongary@example.net,2025-02-04,REGULAR
1090,Rachel Boone,padillarobert@example.net,2021-08-25,REGULAR
1091,Natalie Bridges,ggonzalezexample.com,2023-11-24,REGULAR
1092,Michaela Frye,twilliams@example.com,2024-03-07,REGULAR
1093,Edward Graham,benderholly@example.com,2022-07-04,REGULAR
1094,Joseph Lewis,territaylor@example.com,2025-02-24,REGULAR
1095,Bradley Castillo,ysmith@example.org,2023-09-09,VIP
1096,Daniel Jones,kingcassandra@example.com,2026-05-27,REGULAR
1097,Jeremy Hawkins,samuel95@example.com,2022-05-26,REGULAR
1098,Jon Riley,wpatel@example.com,2024-07-28,REGULAR
1099,Cheryl Sharp,xgarrett@example.org,2024-03-05,REGULAR
1100,Nancy Alexander,donald84@example.net,2025-11-06,REGULAR
1101,Gabriel Davis,robin28@example.com,2026-04-17,VIP
1102,Dylan Chapman,smithedward@example.net,2025-05-27,REGULAR
1103,Bruce Valdez,ronaldhamilton@example.net,2025-01-20,REGULAR
1104,Angel Evans,bkennedy@example.org,2023-12-10,REGULAR
1105,Jeff Bates,alexharvey@example.net,2025-07-01,REGULAR
1106,Jodi Villanueva,rodriguezjordan@example.com,2022-08-08,REGULAR
1107,Dr. Briana Wilcox,tmcclure@example.org,2023-09-22,REGULAR
1108,Lauren Richards,jenniferjacobs@example.net,2025-12-18,VIP
1109,Kelly Cervantes,shannon38@example.com,2024-01-19,REGULAR
1110,Robin Adams,frankarnold@example.com,2022-07-15,REGULAR
1111,Mark Carey,pdiaz@example.com,2023-01-31,REGULAR
1112,Monica Hernandez,matthewlee@example.com,2023-07-12,REGULAR
1113,Kenneth Cook,nosborn@example.net,2025-11-04,REGULAR
1114,Timothy Fritz,toddcollins@example.org,2022-09-22,PREMIUM
1115,Nathan Jones,michelle38@example.com,2025-05-04,REGULAR
1116,Kelsey Gonzalez,jwilliams@example.com,2022-11-18,REGULAR
1117,Chelsea Jones,christina34@example.net,2024-12-16,REGULAR
1118,Joshua Marquez,longcody@example.org,2025-07-26,REGULAR
1119,Edward Galloway,pricejessica@example.com,2022-01-17,PREMIUM
1120,Robin Vasquez,smithlarry@example.net,2024-08-12,VIP
1121,Brenda Richardson,wattsshelby@example.net,2025-09-01,REGULAR
1122,Ryan Martin,ndiaz@example.org,2023-05-06,PREMIUM
1123,Caleb Ball,jamiewalker@example.com,2025-04-17,REGULAR
1124,Kathleen Jackson,wwilliams@example.org,2025-06-21,VIP
1125,Michael Bowers,brownandrew@example.com,2022-03-04,PREMIUM
1126,Mark Lewis,johnsonalexander@example.net,2021-08-21,PREMIUM
1127,Edward Lee,leejonathan@example.net,2022-05-20,VIP
1128,Gina Henry,julianlee@example.org,2025-03-30,REGULAR
1129,Luke Boyer,scottfrancis@,2022-12-06,REGULAR
1130,Bailey Sosa,harmondawn@example.org,2025-05-23,PREMIUM
1131,Angel Horn,marcia81@example.com,2024-02-19,REGULAR
1132,Katherine Smith,idawson@example.org,2025-12-28,REGULAR
1133,Nicholas Norris,phillipsandrew@example.net,2021-08-27,REGULAR
1134,Shannon Caldwell,jeremy82@example.org,2022-07-10,REGULAR
1135,Mary Wilson,nicholsonjames@example.com,2025-04-24,REGULAR
1136,Bryan Wilson,jennifer48@example.org,2022-01-26,REGULAR
1137,Jennifer Molina,sanchezrichard@example.net,2021-08-05,REGULAR
1138,Robin Oconnor,adkinsmegan@example.net,2021-11-23,PREMIUM
1139,Dorothy Torres,aprilwilliams@example.net,2025-08-30,PREMIUM
1140,Brianna King,craig62@example.com,2022-06-25,REGULAR
1141,Kenneth Munoz,mitchellhale@example.com,2021-11-30,PREMIUM
1142,Brett Martin,mejiaashley@example.org,2023-12-28,REGULAR
1143,Rachel Hoffman,grahamchristy@example.net,2023-05-06,REGULAR
1144,Virginia Bush,holly10@example.org,2024-11-03,REGULAR
1145,Kyle Huff,alec84@example.org,2025-11-30,PREMIUM
1146,Christopher Conley,hbrown@example.net,2022-05-13,REGULAR
1147,Lauren Stevenson,carla88@example.org,2024-04-15,REGULAR
1148,Andrew Johnson,ncline@example.net,2023-03-20,REGULAR
1149,Melissa Gomez,thomasalexis@example.net,2022-05-04,VIP
1150,Hannah Peters MD,cody00@example.com,2022-11-28,REGULAR
1151,Amanda Johnson,shannon88@example.com,2022-12-18,REGULAR
1152,Stacy Stewart,uhill@example.net,2021-12-23,REGULAR
1153,Kendra Barber,batesjames@example.org,2024-09-29,REGULAR
1154,Robert Oconnell,sfrazier@example.net,2023-06-01,REGULAR
1155,Melissa Daniel,mmiller@example.net,2026-02-07,REGULAR
1156,Shannon Matthews,rmiller@example.com,2026-03-07,VIP
1157,Maureen Zuniga,sparksruth@example.org,2024-01-16,VIP
1158,Victoria Poole,portershane@example.com,2024-07-01,REGULAR
1159,Cheryl Carter,pittscaleb@example.net,2024-05-24,PREMIUM
1160,Barbara Adams,veronica43@example.net,2022-04-10,REGULAR
1161,Pamela Young,zrussell@example.net,2024-05-21,VIP
1162,Theresa Cole,steven04@example.org,2022-03-23,REGULAR
1163,Rachel Williams,perezshelby@example.com,2022-03-02,REGULAR
1164,Chase Richardson,larsonvincent@example.com,2026-02-07,REGULAR
1165,Amanda Miller,osullivan@example.org,2023-05-22,REGULAR
1166,Timothy Fitzgerald,roberthogan@example.org,2022-09-20,REGULAR
1167,Angelica Cooper,michaelramsey@example.org,2022-09-16,PREMIUM
1168,Anne Baker,gwood@example.org,2023-04-17,REGULAR
1169,Tammy Kelly,mary84@example.net,2023-11-03,REGULAR
1170,Charles Barr,rosariojason@example.net,2022-12-12,REGULAR
1171,Brooke Williams,kenneth54@example.com,2025-02-02,VIP
1172,Jacob Schultz,tayloradriana@example.net,2024-03-15,REGULAR
1173,Cynthia Ayala,april12@example.org,2021-10-20,PREMIUM
1174,Connie White,april98@example.com,2023-05-02,REGULAR
1175,Julia Cruz,gregorydawn@example.net,2024-06-10,REGULAR
1176,Julie Rivera,regina13@example.net,2023-05-10,REGULAR
1177,Gabriel Joyce,anna89@example.net,2024-04-18,REGULAR
1178,Lindsey Williamson,bassmatthew@example.com,2026-02-18,REGULAR
1179,John Gonzales,cheyenne93@example.net,2026-05-06,REGULAR
1180,Emily Hernandez,paulheath@example.org,2022-10-05,REGULAR
1181,Mark Powell,josewashington@example.com,2023-02-12,REGULAR
1182,Nancy Santiago,sean98@example.com,2025-09-04,VIP
1183,Walter Poole,annawalsh@example.com,2023-10-28,VIP
1184,Michelle Gates,steven85@example.net,2025-05-27,REGULAR
1185,Laura Ward,zadams@example.net,2025-12-08,REGULAR
1186,Joanne Humphrey,elizabeth37@example.org,2022-08-28,PREMIUM
1187,Alicia Thompson,joshuacook@example.com,2024-09-16,PREMIUM
1188,Robert Dennis,grimessonia@example.org,2026-05-21,REGULAR
1189,Kelly Lopez,anthonyjacobson@example.org,2022-07-28,REGULAR
1190,Dylan Vazquez,michael27@example.net,2022-01-20,REGULAR
1191,Kristen Brooks,claudia28@example.com,2024-06-14,REGULAR
1192,Anne Garza,rnichols@example.net,2022-01-30,REGULAR
1193,Sarah Anderson,lori89@example.net,2024-08-20,REGULAR
1194,Michael Francis,bradley05@example.org,2024-08-25,REGULAR
1195,Aaron Trevino,emily39@example.net,2025-08-13,REGULAR
1196,Amber Lyons,robertmoore@example.net,2023-05-28,REGULAR
1197,Tyler Murphy,jacksonjoseph@example.net,2022-01-01,REGULAR
1198,Alexis Bowers,nrich@example.com,2023-08-22,REGULAR
1199,William Wilson,dbutler@example.org,2023-09-09,REGULAR
1200,Jamie Davis,stanleyamanda@example.com,2024-02-05,REGULAR
1201,Tasha Love,reedsarah@example.org,2022-12-01,PREMIUM
1202,Dr. Timothy Miller,jeremiah25@example.net,2022-04-23,PREMIUM
1203,Michael Williams,brewermary@example.org,2022-01-05,REGULAR
1204,Chelsea Smith,wilsondanielle@example.com,2025-11-18,REGULAR
1205,David Zimmerman,maria90@example.com,2022-08-07,PREMIUM
1206,Julie Chandler,davidrodriguez@example.org,2026-01-06,VIP
1207,Bianca Robinson,acarlson@example.net,2024-03-23,REGULAR
1208,Diana Duncan,blake75@example.org,2021-11-04,REGULAR
1209,Daniel Rose,deanscott@example.net,2024-03-07,REGULAR
1210,Jon Andersen,porozco@example.com,2025-03-01,REGULAR
1211,Brandon Ochoa,michelle43@example.com,2021-09-29,PREMIUM
1212,Michael Rogers,nmooney@example.net,2024-01-05,PREMIUM
1213,Edgar Wright,thomascasey@example.com,2021-07-23,REGULAR
1214,Ryan Martinez,veronicacollins@example.com,2026-06-10,REGULAR
1215,Mr. Michael Martin,stevenfranco@example.net,2024-04-11,REGULAR
1216,Jessica Allen,gabrielleballard@example.net,2026-05-17,REGULAR
1217,Matthew Fisher,hardymelissa@example.org,2023-08-26,REGULAR
1218,Amber Fisher,sharpchristian@example.net,2025-08-15,REGULAR
1219,Natasha Armstrong,stewartwarren@example.com,2022-11-04,REGULAR
1220,Amanda Hancock,alejandra02@example.com,2024-06-04,REGULAR
1221,Laurie Sharp,jacksonjesse@example.net,2025-03-24,VIP
1222,Anthony Shelton,hlane@example.net,2024-02-24,REGULAR
1223,Cheryl Williams,xthompson@example.org,2024-08-05,PREMIUM
1224,Robert Bryant,natalierodriguez@example.net,2025-03-01,PREMIUM
1225,Kimberly Stanton,ricky78,2022-06-11,REGULAR
1226,Lisa Mcdonald,millerjason@example.com,2023-09-13,REGULAR
1227,Matthew Wolf,edwardstristan@example.com,2023-10-07,REGULAR
1228,Stephen Curtis,pattondavid@example.com,2023-12-20,REGULAR
1229,Felicia Rasmussen,wcoleman@example.org,2024-07-01,REGULAR
1230,Alexander Kaufman,sarahgomez@example.org,2022-09-13,REGULAR
1231,Katherine Marshall,lynnwhitney@example.com,2022-06-27,REGULAR
1232,Jill Walker,kwashington@,2023-05-18,REGULAR
1233,Cynthia Floyd,susanturner@example.net,2023-10-22,REGULAR
1234,Angela Nichols,dustinclark@example.org,2022-08-12,REGULAR
1235,Lauren King,chelsea14@,2022-11-01,REGULAR
1236,Allison Atkinson,jamesstein@example.net,2022-02-10,REGULAR
1237,Catherine White,rgilbert@example.com,2026-06-18,REGULAR
1238,Diana Carter,samuel26@example.net,2025-06-09,REGULAR
1239,Chloe Pugh DDS,cindy36@example.org,2022-06-29,REGULAR
1240,Bryan Saunders,roybishop@example.com,2021-08-09,PREMIUM
1241,Jesus Yang,wmyers@example.net,2024-04-05,REGULAR
1242,Bridget May,shaneclark@example.org,2021-09-04,REGULAR
1243,Garrett Dominguez,murphybenjamin@example.net,2025-08-23,PREMIUM
1244,George Obrien,kdavis@example.com,2021-10-29,PREMIUM
1245,Jenny Simpson,ostewart@example.org,2022-02-09,REGULAR
1246,John Phillips,fisherdaniel@example.org,2025-04-12,VIP
1247,Kenneth Brown,carlawalker@example.net,2021-12-29,REGULAR
1248,Mary Barber,ggay@example.com,2022-10-21,REGULAR
1249,Stephen Bailey,briggsandrew@example.com,2025-10-17,REGULAR
1250,Kimberly Dawson MD,caroline74@example.org,2022-06-06,REGULAR
1251,Kenneth Garner,tcooper@example.com,2024-09-04,REGULAR
1252,Shane Bond MD,davidmartin@example.com,2024-12-02,PREMIUM
1253,Kathleen Thomas,carrie37@example.org,2021-12-11,REGULAR
1254,April Lyons,waltersstephanie@example.com,2025-10-22,REGULAR
1255,Catherine Johnson,isaiahwhite@example.net,2021-12-29,REGULAR
1256,Deborah Clarke,respinoza@example.net,2025-07-16,REGULAR
1257,Molly Mitchell,heather45@example.com,2026-04-20,PREMIUM
1258,Shannon Brown,bonniestevens@example.net,2023-10-06,REGULAR
1259,Michael Villarreal,kwells@example.net,2023-02-26,PREMIUM
1260,Sarah Hall,brianna48@example.com,2026-05-21,REGULAR
1261,Angela Kerr,kcampbell@example.com,2022-10-17,PREMIUM
1262,William Beck,glassjames@example.org,2022-05-06,VIP
1263,Andres Pham,owenstiffany@example.org,2026-05-14,REGULAR
1264,Emily Shepherd,pdavila@example.com,2022-09-03,REGULAR
1265,Jennifer Allen,mpearson@example.com,2026-04-20,REGULAR
1266,Tracy Goodwin,amandaduarte@example.org,2022-11-12,REGULAR
1267,Mrs. Donna Greer,david01@example.net,2026-02-20,REGULAR
1268,Lisa Khan,christophermueller@example.com,2023-10-04,REGULAR
1269,Stephen Gomez,gmedina@example.net,2022-12-09,REGULAR
1270,Gregory Smith,kristopher48@example.org,2024-01-01,REGULAR
1271,Leah Gutierrez,faith54@example.org,2023-02-28,REGULAR
1272,Stephanie Martinez,yhodges@example.com,2025-06-20,REGULAR
1273,Alexis Wilson,marissabeck@example.com,2025-10-27,REGULAR
1274,Casey Adams,nathan96@example.net,2021-12-13,REGULAR
1275,Jason Ellison,michaelsharp@example.com,2023-09-30,REGULAR
1276,Ashley Jackson PhD,carolynnguyen@example.net,2021-08-17,REGULAR
1277,Matthew Jefferson,zwilcox@example.com,2023-06-13,REGULAR
1278,Elijah Moreno,joshua36@example.net,2025-07-30,REGULAR
1279,Ian Valentine,brendabaker@example.org,2025-11-08,REGULAR
1280,Samantha Walton,ashley86@example.net,2023-10-12,PREMIUM
1281,Sharon Ramirez,frobinson@example.net,2024-06-14,REGULAR
1282,Debra Wilson,colonjason@example.org,2023-12-30,VIP
1283,Richard Howard,mosleyjacqueline@example.net,2023-08-17,REGULAR
1284,Colleen Alvarez,valerie14@example.com,2024-11-10,REGULAR
1285,Mark Cervantes,leslievillarreal@example.com,2023-02-06,PREMIUM
1286,Craig Sanchez,jjenkins@example.com,2021-10-19,REGULAR
1287,Rachel Carlson,ernest80@example.com,2022-08-16,REGULAR
1288,Jaclyn Ramirez,stevenmiller@example.com,2026-07-06,VIP
1289,Angel Hamilton,jacobbond@example.net,2026-01-05,REGULAR
1290,Dwayne Rodriguez,matthewgarcia@example.org,2025-11-05,PREMIUM
1291,Hailey Miller,jonesjames@example.org,2025-07-15,REGULAR
1292,Shawn Petersen,cassandra81@example.net,2024-04-10,VIP
1293,Kathryn Murphy,smithtraci@example.org,2021-11-21,REGULAR
1294,Gary Reed,brittanymcmahon@example.com,2025-08-04,REGULAR
1295,Dorothy Lewis,michellewebster@example.net,2022-08-24,PREMIUM
1296,Christy Sanchez,bowenalexa@example.net,2026-03-26,REGULAR
1297,Felicia Shaffer,jennifer93@example.com,2022-06-30,PREMIUM
1298,Jack Manning,amber84@example.org,2025-01-22,REGULAR
1299,Hailey King,staffordemily@example.com,2026-06-22,REGULAR
1300,John Tran,christinewatkins@example.com,2024-09-04,REGULAR
1301,Patrick Collier,tom05@example.net,2023-10-12,REGULAR
1302,James Armstrong,hsnow@example.net,2022-03-10,REGULAR
1303,Tyler Vaughn,coreyortiz@example.net,2022-08-26,REGULAR
1304,Michele Jackson,crystal67@example.net,2021-07-11,REGULAR
1305,Lisa Smith,melissa09@example.org,2026-06-13,PREMIUM
1306,Nicole Elliott,michaelwoodward@example.org,2022-03-28,REGULAR
1307,Emily Reynolds,cevans@example.org,2021-09-06,PREMIUM
1308,Maria Osborne,rogerfitzgerald,2025-10-28,REGULAR
1309,Linda Smith,wjackson@example.org,2022-07-09,PREMIUM
1310,Joseph Guzman,kirkwilliams@example.net,2025-12-13,VIP
1311,Christopher Richards,torresterri@example.com,2022-01-30,REGULAR
1312,Juan Gonzalez,christopher05@example.org,2025-01-28,REGULAR
1313,Felicia Scott,kgonzalez@example.org,2024-02-16,VIP
1314,Roy Warren,broberts@example.net,2024-09-09,REGULAR
1315,Barbara Pearson,wilsonmark@example.net,2026-01-04,REGULAR
1316,Sophia Chavez,hodgetyler@,2022-01-15,VIP
1317,Daniel Murray,victorweiss@example.org,2025-03-14,REGULAR
1318,Jesse Combs,rblack@example.com,2025-12-06,PREMIUM
1319,Tyler Barnett,gatesronnie@example.com,2026-04-11,PREMIUM
1320,Amanda James,ericarodriguez@example.org,2021-08-25,REGULAR
1321,Ashley Perez,susandunn@example.net,2025-01-17,PREMIUM
1322,Adam Price,brenda96@example.com,2025-03-04,PREMIUM
1323,Amy Nelson,sanfordtanya@example.com,2025-04-30,REGULAR
1324,Tristan Nunez,josephdavis@example.org,2026-03-01,REGULAR
1325,Cynthia Mullen,albertgrimes@example.com,2026-04-18,VIP
1326,Katherine Gonzalez,williamsangela@example.org,2022-12-16,REGULAR
1327,Patrick Hernandez,samanthacardenas@example.org,2025-12-21,REGULAR
1328,Nancy Casey,arthurthompson@example.org,2025-05-25,REGULAR
1329,James Austin,oholden@example.net,2025-03-08,REGULAR
1330,Melissa Guerrero MD,johntaylor@example.org,2023-05-31,REGULAR
1331,Savannah Morgan,traviscook@example.com,2025-05-20,REGULAR
1332,Kelly Johnson,davidvazquez@example.org,2021-12-07,REGULAR
1333,Cynthia Wells,matthewhayes@example.net,2023-10-26,REGULAR
1334,Matthew Wilson,pereznina@example.net,2022-08-18,REGULAR
1335,Billy Lewis,grossvanessa@example.org,2024-01-18,REGULAR
1336,Betty Khan,cobbjennifer@example.net,2022-10-31,REGULAR
1337,Charles Alexander,sdunn@example.org,2024-01-06,PREMIUM
1338,Mrs. Julie Jackson MD,xwood@example.org,2023-07-09,REGULAR
1339,Tammy Fox,jamesharris@example.com,2024-11-06,REGULAR
1340,Andrea Brown,harrisjennifer@example.com,2025-11-18,VIP
1341,Charles Miller,cameronjason@example.net,2025-03-27,PREMIUM
1342,Timothy Hodges,gmoore@example.org,2022-11-03,REGULAR
1343,Roger Escobar,pmcdowell@example.org,2025-07-28,REGULAR
1344,Lisa Davies,josephanderson@example.net,2022-01-07,REGULAR
1345,Regina Ellis,gailmoore@example.com,2024-01-24,REGULAR
1346,Ian Banks,mary85@example.net,2024-08-07,PREMIUM
1347,John Stanton,xlee@example.com,2024-02-05,REGULAR
1348,Robin Collins,jeffreyconley,2022-11-18,REGULAR
1349,Stephanie Skinner,johnmills@example.org,2024-11-26,VIP
1350,Larry Robinson,qroberts@example.org,2024-10-14,REGULAR
1351,Logan Adams,qvillarreal@example.com,2022-09-09,REGULAR
1352,Matthew Hoover,qmcgee@example.com,2024-04-20,REGULAR
1353,Christine Oliver,umeadows@example.org,2023-03-12,REGULAR
1354,Teresa Jones,jeffreyjones@example.com,2025-01-05,VIP
1355,Erica Long,thompsonamber@example.org,2026-06-26,PREMIUM
1356,Donna Montes,joseph79@example.org,2023-03-27,VIP
1357,Christopher Harrison,steven74@example.com,2025-09-03,REGULAR
1358,Michelle Wright,garyallen@example.com,2021-12-06,PREMIUM
1359,Christina White,rfrancis@example.org,2023-04-04,PREMIUM
1360,Alicia Stephens,james03@example.org,2024-10-01,REGULAR
1361,Thomas Tapia,james20@example.org,2025-07-16,REGULAR
1362,Erin Logan,hallnicholas@example.net,2025-03-22,REGULAR
1363,Donna Villarreal,evanpeterson@example.com,2025-12-05,REGULAR
1364,Debra Garcia,shannon51@example.org,2025-11-30,REGULAR
1365,Jennifer Hoover,cathymartinez@example.org,2024-11-27,REGULAR
1366,Ian Carter,watkinsjoann@example.net,2023-08-30,REGULAR
1367,Melissa Murray,ctanner@example.org,2024-11-10,VIP
1368,Erica Jackson,nelsonvictor@example.net,2025-02-05,REGULAR
1369,Heather Lewis,teresaalexander@example.com,2026-02-27,REGULAR
1370,Carmen Phillips,mendozamatthew@example.net,2021-12-09,REGULAR
1371,James Howell,michelle12@example.net,2024-02-13,REGULAR
1372,Maria Rodriguez,zacharyjohnson@example.net,2024-05-22,PREMIUM
1373,Samantha Hernandez,mcclainwilliam@example.com,2025-05-15,REGULAR
1374,David Huerta,fordmichael@example.org,2024-09-21,REGULAR
1375,Tamara Rodriguez,jacquelinepeterson@example.net,2022-08-20,REGULAR
1376,Jason Rodriguez,maureen01@example.com,2024-09-27,VIP
1377,Carrie Jones,hendricksbrian@example.net,2023-04-23,VIP
1378,Joshua Larsen,icordova@example.net,2024-03-26,PREMIUM
1379,Karen Benson,kknight@example.com,2025-07-16,REGULAR
1380,Kevin Nunez,rhiggins@example.net,2021-11-23,REGULAR
1381,Michael Velez,uhughes@example.org,2021-11-05,REGULAR
1382,Daniel Reed,heather47@example.net,2022-08-28,REGULAR
1383,Joseph Cox,batescharles@example.net,2024-06-25,REGULAR
1384,Miss Amanda Anderson,michelle15@example.org,2023-10-22,VIP
1385,Nicole Espinoza,fward@example.net,2022-03-29,REGULAR
1386,Gina Harris,lisafischer@example.org,2025-04-24,REGULAR
1387,Jennifer Hall,eric12@example.net,2023-11-16,REGULAR
1388,Justin Smith,thomasnavarro@example.com,2021-08-20,REGULAR
1389,Patrick Reed,kevin93@example.org,2021-07-15,PREMIUM
1390,Ronald Weiss,znichols@example.org,2026-06-05,VIP
1391,Michael Lawrence,yvonnebuchanan@example.org,2023-05-11,PREMIUM
1392,Veronica Cunningham,kelly85@example.org,2022-03-14,PREMIUM
1393,Kelly Figueroa,slittle@example.com,2023-04-29,REGULAR
1394,Chad Anderson,frank49@example.org,2024-03-01,REGULAR
1395,Jennifer Aguirre,gcarter@example.net,2025-06-06,PREMIUM
1396,Brian Chapman,ybeasley@example.com,2026-03-18,PREMIUM
1397,Scott Kerr,carl45@example.com,2025-12-03,PREMIUM
1398,Ronald Barry,hwilson@example.com,2022-10-16,REGULAR
1399,Deborah Castro,plara@example.net,2025-06-30,REGULAR
1400,Nicholas West,denglish@example.net,2023-04-21,PREMIUM
1401,Michael Robinson,sharmon@example.org,2024-05-02,VIP
1402,Amy Meyers,anthonyhopkins@example.com,2025-04-22,REGULAR
1403,Brittany Howard,mwright@example.org,2022-05-10,PREMIUM
1404,Bryan Hahn,gallowayjoshua@example.net,2025-01-23,REGULAR
1405,Jill Leon,ramosronald@example.net,2023-07-03,PREMIUM
1406,Ronald Zuniga,maxwell05@example.org,2021-10-05,REGULAR
1407,Luis Meyers,karamoore@example.org,2022-08-21,REGULAR
1408,Shelby Martin,christophersmith@example.com,2022-03-31,REGULAR
1409,Valerie Sims,williamramirez@example.com,2025-01-21,PREMIUM
1410,Sharon Marquez,jennifer83@example.com,2024-07-14,REGULAR
1411,Latoya Jacobson,wilsoneric@example.com,2022-09-09,REGULAR
1412,Amanda Davis,christyharper@example.net,2026-03-04,REGULAR
1413,Jennifer Jones,dschroeder@example.com,2025-07-14,PREMIUM
1414,Richard Pruitt,michael11@example.org,2024-11-06,PREMIUM
1415,Kyle Jones,thomasrobert,2021-08-06,VIP
1416,Brian Gutierrez,wesparza@example.com,2024-01-13,REGULAR
1417,Christopher Hoover,tracykeller@example.net,2025-05-15,REGULAR
1418,Sydney Flores,elizabeth81@example.net,2022-04-21,REGULAR
1419,Kenneth Schmidt,madisonjohnson@example.com,2024-02-21,PREMIUM
1420,Glenn Roberts,kathryn67@example.com,2023-08-30,REGULAR
1421,Joanna Rodriguez,jo63@example.org,2021-09-13,REGULAR
1422,Samuel Young,cmccullough@example.org,2022-10-21,REGULAR
1423,Jessica Dickerson,ferickson@example.com,2023-10-15,REGULAR
1424,David Lopez,vaughanlori@example.net,2023-04-03,VIP
1425,Ariana Gutierrez,david58@example.org,2024-01-27,PREMIUM
1426,Sarah Flores,amanda04@example.net,2026-02-24,PREMIUM
1427,Mr. James Williams,greynolds@example.com,2025-04-12,REGULAR
1428,Tammy James,njames@example.net,2025-07-02,PREMIUM
1429,Sydney Martin,thomas54@example.org,2021-08-20,REGULAR
1430,Brittany Hull,tarabenjamin@example.net,2024-06-08,REGULAR
1431,Raymond Bennett,jefferymorris@example.net,2024-06-09,PREMIUM
1432,Stacey Gordon,fergusondebra@example.org,2024-04-26,REGULAR
1433,Jon Pierce,elizabeth16@example.org,2026-03-23,REGULAR
1434,Patricia Gibson,charlesclarke@example.com,2025-01-13,REGULAR
1435,Michelle Williams,melissa81@example.org,2024-07-18,REGULAR
1436,Austin Miller,margaretcarter@example.net,2022-10-19,PREMIUM
1437,Monica Pearson,frank81@example.net,2022-03-21,VIP
1438,Frank Jones,eedwards@example.com,2023-04-06,REGULAR
1439,Karen Barrett,darryl55@example.org,2024-02-15,REGULAR
1440,Kenneth Trujillo,millerashley@example.net,2022-05-29,REGULAR
1441,Carl Zhang,kristinaharmon@example.com,2024-10-11,REGULAR
1442,Gary Rosario,ddouglas@example.org,2026-04-20,REGULAR
1443,Jesse Gutierrez,whitewayne@example.org,2023-07-06,REGULAR
1444,Paul Rowe,vzamora@example.org,2021-08-18,REGULAR
1445,James Miller,atorres@example.com,2024-10-02,REGULAR
1446,Holly Bowen,ledonna@example.com,2025-04-01,VIP
1447,Sandra Aguilar,paulfrost@example.com,2022-10-09,REGULAR
1448,Maxwell Moyer,richardward@example.net,2023-12-11,VIP
1449,Daniel Hall,swilson@example.org,2024-01-27,REGULAR
1450,Angela Morris,steven04@example.org,2025-02-19,REGULAR
1451,Darren Berger,jay36@example.org,2023-10-04,PREMIUM
1452,Kristin Vargas,oliverpaul@example.com,2024-08-12,VIP
1453,Angela David,nphillips@example.com,2022-08-19,REGULAR
1454,Danielle Davis,jackanderson@example.com,2025-01-17,REGULAR
1455,Elizabeth Sanders,vargaschristina@example.net,2024-01-10,REGULAR
1456,Craig Harris,lauren08@example.com,2026-02-07,REGULAR
1457,Troy Ortiz,johnny51@example.com,2025-03-19,REGULAR
1458,Anna Johnson,brittany05@example.com,2024-11-02,PREMIUM
1459,Jennifer Smith,petersjordan@example.net,2021-11-03,REGULAR
1460,Nicholas Lawrence,mariaramirez@example.net,2025-04-21,PREMIUM
1461,Isaac Willis,wrightveronica,2026-03-09,REGULAR
1462,Thomas Walters,pattonmeghan@example.org,2026-05-15,REGULAR
1463,Emma Lee,myoder@example.com,2022-07-02,REGULAR
1464,Christopher Green,steven30@example.org,2024-02-23,REGULAR
1465,Kevin Hanna,zharris@example.org,2023-12-20,REGULAR
1466,Jennifer Garcia,richard58@example.org,2025-12-17,REGULAR
1467,Bruce Williams,jlynn@example.net,2022-10-04,VIP
1468,Maria Ramirez,tammyrodriguez@example.org,2023-01-30,REGULAR
1469,Trevor Ayala,mckenziepatrick@example.org,2022-05-31,PREMIUM
1470,Erik Smith,mallen@example.com,2023-07-21,PREMIUM
1471,Mary Frederick,stevenallen@example.com,2023-08-15,REGULAR
1472,Alexandra Richards,julie22example.org,2024-03-01,REGULAR
1473,Danielle Keller,seanhernandez@example.net,2025-06-09,REGULAR
1474,Alexis Garcia,jason57@example.org,2024-12-26,REGULAR
1475,Kelly Johnson,matthewrodriguez@example.com,2026-05-18,PREMIUM
1476,Emily Knight,ffreeman@example.org,2025-02-17,PREMIUM
1477,Richard Jackson,derrick66@example.org,2023-08-20,REGULAR
1478,Kenneth Ibarra,kelly94@example.net,2025-12-23,REGULAR
1479,Robert Williams,ryanjennifer@example.org,2022-10-27,REGULAR
1480,Emily Garcia,racheljohnson@example.com,2023-09-12,REGULAR
1481,Donna Brown,sheilacollins@example.com,2024-01-09,REGULAR
1482,Matthew Benitez,shaunbrady@example.net,2022-12-19,REGULAR
1483,Katie Taylor,chelsea19@example.org,2024-04-13,REGULAR
1484,Diana Ortiz,ogregory@example.com,2023-10-22,PREMIUM
1485,Scott Davis,guerrajeremy@example.org,2021-07-13,REGULAR
1486,Samantha Harrison,bryan38@example.com,2024-03-11,PREMIUM
1487,Brittany Smith,brandon75@example.com,2026-04-11,REGULAR
1488,Patricia Boyd,taylorkatherine@example.org,2025-12-28,VIP
1489,Brandon Carroll,ortizpatricia@example.net,2023-09-26,REGULAR
1490,Erin Roth,williamsongabriella@example.com,2026-01-26,REGULAR
1491,Nathan Ramsey,tammybell@example.net,2024-10-22,REGULAR
1492,Grace Pearson,wgreen@example.com,2023-06-29,PREMIUM
1493,Daniel Stone,henrymoody@example.com,2023-09-24,REGULAR
1494,Jay Kim,rbarnes@example.com,2026-01-06,PREMIUM
1495,Andre Carr,ycamacho@example.com,2023-07-31,REGULAR
1496,Jacob Cooper,raymond55@example.net,2022-11-09,REGULAR
1497,Kathryn Mayo,buchanandavid@example.org,2025-01-08,VIP
1498,Tiffany Harrington,michelle29@example.org,2024-08-11,REGULAR
1499,Stephen Newman,john88@example.org,2023-03-15,PREMIUM
1500,Wayne Johnson,barnesmatthew@example.org,2023-06-30,VIP
1501,April Johnson,harrisruth@example.com,2021-07-16,REGULAR
1502,Jessica Castro,williamssophia@example.com,2023-05-14,REGULAR
1503,Omar Torres,contrerasterri@example.com,2023-05-12,REGULAR
1504,Jill Howard MD,barbarataylor@example.com,2021-08-12,REGULAR
1505,Carolyn Richards,drichardson@example.org,2026-01-10,REGULAR
1506,Matthew Davis,ksmith@example.net,2025-05-16,REGULAR
1507,Shaun Yates,andrewgraham@example.com,2025-07-03,REGULAR
1508,Kristin Melton,sandra86@example.com,2025-08-16,PREMIUM
1509,Sean Crane,brittany54@example.org,2024-07-27,REGULAR
1510,Daniel Austin,richardsondaniel@example.com,2025-11-15,REGULAR
1511,Alexis Griffin,john31@example.org,2025-08-14,VIP
1512,Sharon House,tategrant@example.net,2022-03-01,PREMIUM
1513,Michelle Cameron,pmarshall@example.org,2021-08-05,PREMIUM
1514,Sarah Golden,washingtonrobert@example.com,2024-07-17,REGULAR
1515,Pamela Arnold,jbates@example.com,2021-12-01,VIP
1516,Daniel Hubbard,ashley22@example.org,2023-09-08,REGULAR
1517,Daniel Klein,nicole67@example.net,2025-02-06,VIP
1518,Lisa Fowler,frenchdiane@example.net,2026-06-14,REGULAR
1519,Jerry Austin,ypope@example.net,2026-04-17,REGULAR
1520,Virginia Haney,narmstrong@example.net,2023-02-18,REGULAR
1521,Matthew Gibson DVM,eugene72@example.com,2022-11-16,REGULAR
1522,Michael Conley,victoria03@example.com,2022-08-23,VIP
1523,Ashlee Nunez,hamptonjenna@example.com,2026-01-01,REGULAR
1524,Ryan Orr,scottanthony@example.com,2021-12-09,VIP
1525,Ryan Roberts,areyes@example.net,2024-01-15,REGULAR
1526,Ricardo Ramirez,mooresydney@example.net,2025-09-29,REGULAR
1527,Andrew Lucas,williamsantonio@example.com,2026-06-16,REGULAR
1528,Kimberly Thompson,aevans@example.net,2023-05-02,REGULAR
1529,Bonnie Jones,mguzman@example.net,2024-02-02,REGULAR
1530,Ryan Richards,jonesspencer@example.org,2024-09-24,REGULAR
1531,Samuel Paul,holly03@example.net,2021-12-09,PREMIUM
1532,Mr. William Powell,thompsonlisa@example.com,2022-09-24,PREMIUM
1533,Jeremy Stewart,folson@example.net,2023-12-22,PREMIUM
1534,James Collins,brandijimenez@example.org,2024-02-22,PREMIUM
1535,David Shah,adam77@example.net,2025-03-16,REGULAR
1536,Samantha Shepherd,yfaulkner@example.com,2023-03-31,VIP
1537,Jeffery May,rmyers@example.net,2021-09-11,VIP
1538,Lisa Bradley,morrisdawn@example.org,2025-08-21,VIP
1539,Jasmine Alexander,bross@example.com,2021-10-16,REGULAR
1540,Amanda Lowe,judy45@example.com,2023-04-22,REGULAR
1541,Mr. Robert Preston,buchananwanda@example.net,2024-02-10,REGULAR
1542,Melissa Adams,william42@example.org,2026-06-09,REGULAR
1543,Jennifer Scott,kristenanderson@example.net,2023-04-05,REGULAR
1544,Sarah Davis,daniel93@example.org,2025-03-31,PREMIUM
1545,Ashley Hernandez,josephcook@example.net,2022-04-12,REGULAR
1546,Mr. Robert Little,mooremichael@example.org,2026-02-12,REGULAR
1547,Nancy Gardner,eddiehobbs@example.net,2022-03-12,PREMIUM
1548,Stacey Nelson,rebecca73@example.org,2023-09-12,REGULAR
1549,Roy Boyer,lewismichelle@example.net,2021-08-31,PREMIUM
1550,Dennis Williams,aaron13@,2023-04-11,REGULAR
1551,Stephen Bennett,jason04@example.org,2021-09-11,REGULAR
1552,Andrew Yu,kimberlyjackson@example.org,2022-10-04,PREMIUM
1553,Marie Curtis,davismeagan@example.com,2025-09-14,REGULAR
1554,Joanna Johnson,glandry@example.com,2023-04-09,PREMIUM
1555,Charles Bennett,lsilva@example.org,2024-06-12,REGULAR
1556,Regina Moore,andreasmith@example.org,2026-03-06,REGULAR
1557,Angela Hart,robertkaufman@example.com,2025-10-21,REGULAR
1558,Taylor Barnett,pjohnson@example.com,2026-03-17,PREMIUM
1559,Kara Bender,jacqueline12@example.org,2023-04-12,REGULAR
1560,John Monroe,cmoreno@example.net,2022-07-14,REGULAR
1561,Karen Cole,paul93@example.org,2026-04-27,VIP
1562,Jessica Wilson,lrodriguez@example.com,2023-07-18,REGULAR
1563,Amanda Delacruz,qmichael@example.com,2025-07-18,REGULAR
1564,Joseph Gibson,allenhunt@example.net,2022-01-26,PREMIUM
1565,Jose Dixon,laurastephenson@example.net,2024-03-12,REGULAR
1566,Glenn Callahan,hector06@example.org,2023-10-28,REGULAR
1567,Keith Peters,salazarmary@example.org,2023-06-09,PREMIUM
1568,Antonio Hoffman,xharrington@example.org,2025-12-03,REGULAR
1569,Kelly Wolf,angelareyes@example.org,2021-11-05,REGULAR
1570,Ronald Murray,paulajohnson@example.com,2024-01-16,REGULAR
1571,Rachel Johnson,dunnjames@example.com,2022-03-04,PREMIUM
1572,Jeremiah Ward,melinda87@example.net,2023-04-26,REGULAR
1573,Darren Jones,kimberlygarcia@example.org,2024-03-02,REGULAR
1574,Kaitlin Graves,dgilmore@example.net,2021-08-13,PREMIUM
1575,Lauren Montes,william15@example.com,2021-12-07,REGULAR
1576,Steven Ruiz,nrichard@example.net,2025-02-03,PREMIUM
1577,Gerald Medina,fbryant@example.com,2026-03-26,REGULAR
1578,Connie Wang,nathan11@example.com,2023-01-27,PREMIUM
1579,Thomas Crane,karajohnson@example.net,2023-10-20,REGULAR
1580,William Martinez,sbaker@example.org,2023-02-16,REGULAR
1581,Devin Grant,ncisneros@example.net,2025-03-03,PREMIUM
1582,Kara Bryant,hughesanita@example.net,2025-03-01,REGULAR
1583,Jacqueline Taylor DVM,hooderic@example.com,2025-12-05,REGULAR
1584,Melissa Bernard,camposphillip@example.com,2024-07-31,REGULAR
1585,Stephanie Lewis,sarahbaker@example.net,2025-12-31,PREMIUM
1586,Amy Woods,lisa11@example.net,2022-03-31,REGULAR
1587,Lindsey Cooke,combscarolyn@example.com,2023-10-22,REGULAR
1588,Danielle Saunders,katherine66@example.org,2022-03-13,PREMIUM
1589,Lisa Larsen,jeffrey15@example.net,2023-03-06,VIP
1590,Amanda Price,holderterry@example.org,2023-06-17,REGULAR
1591,Thomas Hicks,monicamccoy@example.net,2022-10-28,REGULAR
1592,Tammy Garza,michael95@example.org,2026-01-03,REGULAR
1593,Diana Ryan,taylor44@example.org,2021-09-07,REGULAR
1594,Donald Vincent,bartlettwilliam@example.com,2022-06-15,PREMIUM
1595,Veronica Levine,fergusonjames@example.com,2025-11-25,VIP
1596,Robin Wilson,cellis@example.org,2025-07-01,VIP
1597,David Lloyd,taylorhale@example.net,2023-07-21,PREMIUM
1598,Justin Pope,myersdaniel@example.com,2024-05-21,REGULAR
1599,Christopher Perkins,cortezjames@example.org,2026-02-13,REGULAR
1600,Miranda Coleman,bryan03@example.net,2023-01-21,PREMIUM
1601,Tracy Hart,nancy57@example.net,2025-04-07,REGULAR
1602,Steven Perry,nwatkins@example.com,2024-04-14,REGULAR
1603,Stefanie Boyd,emily29@example.net,2021-08-05,REGULAR
1604,Kevin Waters,victoriacochran@example.com,2022-06-25,PREMIUM
1605,Daniel Middleton,thompsonmegan@example.net,2024-09-26,REGULAR
1606,Brenda Brooks,sriley@example.com,2024-08-11,PREMIUM
1607,Kathleen Cline,tglass@example.com,2026-04-11,REGULAR
1608,John Mcclain,candice35@example.com,2025-12-10,REGULAR
1609,Nicholas Lindsey,sarahcalderon@example.org,2022-02-01,REGULAR
1610,Vanessa Andrews,paulsmith@example.org,2025-03-16,REGULAR
1611,Michael Lowe,whitney84@example.net,2022-05-28,REGULAR
1612,Anna Thomas,chantimothy@example.net,2022-06-10,REGULAR
1613,Mark Greer,frazierkelsey@example.net,2024-11-07,REGULAR
1614,Stephen Santana,hhenderson@example.org,2022-10-22,REGULAR
1615,Michael Welch,curtisdarin@example.com,2024-04-09,PREMIUM
1616,Leslie Perez,allenrogers@example.org,2022-02-28,REGULAR
1617,William Porter,john67@example.org,2026-01-13,REGULAR
1618,Steven Melton,robleskara@example.org,2022-11-10,PREMIUM
1619,Elizabeth Mckenzie DDS,elizabeth79@example.org,2024-05-18,REGULAR
1620,David Harris,trodriguez@example.org,2023-06-04,PREMIUM
1621,John Todd,arthur37@example.com,2025-05-19,REGULAR
1622,Jennifer Jones,arice@example.net,2023-04-28,REGULAR
1623,Sean Molina,ufrench@example.org,2022-06-09,REGULAR
1624,Elizabeth Koch,brettmcdaniel@example.net,2025-03-28,REGULAR
1625,John Perez,patrick96@example.net,2025-02-15,REGULAR
1626,Keith Kerr,hannahhamilton@example.org,2024-05-06,REGULAR
1627,Richard Moore,hking@example.net,2022-08-11,PREMIUM
1628,Nicholas Graham,robertsmitchell@example.org,2021-10-17,REGULAR
1629,Benjamin Velez,amandamccoy@example.com,2021-11-06,PREMIUM
1630,Rachel Hess,donaldwaters@example.org,2022-12-17,REGULAR
1631,Terri Nelson,katrinacampbell@example.net,2022-07-31,REGULAR
1632,Dustin Cooper,averychristine@example.net,2025-10-24,REGULAR
1633,Laura White,youngbrianna@example.com,2022-07-20,REGULAR
1634,Miss Jennifer Jones,bmcgee@example.com,2022-09-21,REGULAR
1635,Keith Miller,edward58@example.org,2025-02-14,PREMIUM
1636,Timothy Russell,gjohnston@example.net,2021-08-28,PREMIUM
1637,Dakota Ramirez,james25@example.net,2024-06-03,PREMIUM
1638,Kendra Garner,mark86@example.com,2023-07-24,REGULAR
1639,Michael Savage,ewilson@example.org,2024-08-16,REGULAR
1640,Frank Ramsey,qsampson@example.org,2024-04-05,REGULAR
1641,Tanya Chan,donaldmiller@example.net,2022-01-05,REGULAR
1642,Steven Blackwell,john76@example.org,2023-10-02,REGULAR
1643,Rebecca Taylor,danielleanderson@example.org,2022-07-12,REGULAR
1644,Sarah Rhodes,taylormary@example.com,2025-08-11,PREMIUM
1645,Helen Nelson,efisher@example.org,2025-07-22,REGULAR
1646,Amber Powell,martin50@example.org,2025-05-29,PREMIUM
1647,Christopher Thornton,emack@example.org,2022-05-27,PREMIUM
1648,Claudia Young,djames@example.com,2021-09-19,REGULAR
1649,Lauren Gomez,rojasapril@example.net,2023-12-16,REGULAR
1650,Cathy Ross,garciakenneth@example.org,2022-03-21,REGULAR
1651,Kayla Rhodes,bryantsteven@example.net,2022-12-21,REGULAR
1652,Tracy Clark,stacy40@example.org,2024-08-31,REGULAR
1653,Bonnie Schmitt,lawrencewalker@example.net,2025-10-01,PREMIUM
1654,Stephen Harmon,johnrogers@example.com,2021-12-07,VIP
1655,Dustin Acevedo,nwolfe@example.com,2024-12-19,REGULAR
1656,Jason Curtis,thomas69@example.com,2025-03-02,REGULAR
1657,Tonya Gonzales,dyang@example.net,2026-05-04,PREMIUM
1658,Todd Mullins,xpierce@example.com,2022-11-05,PREMIUM
1659,Alexa Potter,mitchell54@example.org,2025-02-05,REGULAR
1660,Rebecca Martinez,wheelermorgan@example.org,2025-01-25,PREMIUM
1661,Chelsea Terry,cynthia26@,2022-06-22,REGULAR
1662,Annette Hudson,michaelmorgan,2025-04-11,REGULAR
1663,Brandon Rodriguez,jonathan24@example.net,2023-02-09,REGULAR
1664,Cody Arnold,carrkevin@example.com,2022-10-19,REGULAR
1665,Andres Patterson,hartlynn@example.org,2025-03-12,REGULAR
1666,Samuel Moore,matthew78@example.net,2023-12-02,REGULAR
1667,Laura Stuart,connerbonnie@example.net,2021-09-29,REGULAR
1668,Nicholas Bird,tchambers@example.com,2022-03-14,REGULAR
1669,Kelly Odonnell,jonespatrickexample.org,2024-04-15,REGULAR
1670,Wayne Novak,jacob74@example.com,2022-12-22,REGULAR
1671,Alexis Brown,stevensmith@example.org,2025-02-02,REGULAR
1672,Jesse Griffin,sarahrice@example.org,2026-06-25,PREMIUM
1673,Kathy Roberts,gharrington@example.com,2024-09-27,REGULAR
1674,Daniel Ramos,daniel77@example.org,2022-06-14,REGULAR
1675,Debbie Taylor,kathy21@example.net,2025-03-14,REGULAR
1676,Ryan Lane,lisa42@example.com,2025-07-22,REGULAR
1677,Kyle Ruiz DDS,wdavis@example.org,2023-12-09,REGULAR
1678,Patricia Walker,kelleyheidi@example.com,2025-12-18,REGULAR
1679,Briana Chandler,kellygina@example.org,2023-04-09,VIP
1680,Michael Garcia,klong,2025-05-23,VIP
1681,Gregory Sanders,tracisnyder@example.net,2022-12-03,REGULAR
1682,Thomas Bauer,victoria15@example.net,2024-12-27,PREMIUM
1683,Daniel Strickland,johnsonjennifer@example.org,2021-10-24,REGULAR
1684,Jennifer Anderson,douglaskristina@example.net,2022-07-09,REGULAR
1685,Jessica Kim,fsilva@example.net,2026-03-06,VIP
1686,Jeffrey Calhoun,ewinters@example.org,2026-04-18,VIP
1687,Veronica Becker,johndiaz@example.org,2025-07-20,REGULAR
1688,Henry Lin,klynch@example.com,2025-07-17,VIP
1689,Erin Wyatt,smithjessica@example.net,2022-07-09,REGULAR
1690,Christian Garcia,lindsey07@example.org,2022-11-05,PREMIUM
1691,Andrea Gutierrez,thorntoncatherine@example.com,2026-06-01,VIP
1692,Gabriel Sawyer,crystalwilliams@,2023-05-17,REGULAR
1693,Jeffrey Taylor,suzannewelch@example.org,2025-08-29,REGULAR
1694,Samantha Roberts,susandixon@example.com,2025-11-05,PREMIUM
1695,Jonathan Knight,williamsutton@example.net,2024-04-21,PREMIUM
1696,Jeremy Phillips,mitchellwebb@example.com,2021-08-20,REGULAR
1697,Denise Austin,landryashley@example.org,2024-05-20,REGULAR
1698,David Nelson,sarawilliams@example.com,2021-09-27,REGULAR
1699,Julie Smith,igutierrez@example.com,2024-01-17,PREMIUM
1700,Heather Werner,peterclark@example.org,2025-01-28,PREMIUM
1701,Sierra Walker,eestrada@example.com,2025-04-06,REGULAR
1702,Patricia Hughes,rebecca56@example.org,2023-09-07,PREMIUM
1703,Kevin Allen,martinlisa@example.com,2022-11-11,REGULAR
1704,Kristin Macias,brandi64@example.org,2022-12-14,PREMIUM
1705,Gary Flowers,ronnie15@example.com,2023-10-29,REGULAR
1706,Christopher Hensley,derrick87@example.org,2025-06-15,REGULAR
1707,Antonio Gonzalez,hmatthews@example.com,2023-05-22,REGULAR
1708,Allison Scott,marie76@example.net,2023-10-12,REGULAR
1709,Victoria Petty,debbie93@example.com,2026-07-07,REGULAR
1710,Jennifer Williams,elizabethwoodexample.com,2023-12-21,REGULAR
1711,Lori Mitchell,burtonlori@example.net,2021-11-28,PREMIUM
1712,Cheryl Taylor,jasonaguilar@example.com,2023-11-14,PREMIUM
1713,Mary Day,alyssaguerrero@example.org,2025-01-20,PREMIUM
1714,David Holt,josephwilson@example.com,2022-12-28,REGULAR
1715,Jennifer Payne,brandon45@example.com,2026-04-06,PREMIUM
1716,Clayton Mendoza,tyleranderson@example.com,2024-06-06,REGULAR
1717,David Hines,lknight@example.org,2022-07-01,PREMIUM
1718,Erin Travis,stephen98@example.org,2022-08-31,REGULAR
1719,Terri Brown,nguyenkatherine@example.com,2021-11-04,PREMIUM
1720,Gavin Goodman,anthony63@example.net,2022-08-31,REGULAR
1721,David Green,kochraymond@example.net,2025-12-05,VIP
1722,John Perry,medinanancy@example.com,2023-10-28,REGULAR
1723,Anthony Henry,irichardson@,2023-01-11,REGULAR
1724,Kyle Frederick,qwatson@example.net,2023-01-09,REGULAR
1725,Nicole Pratt,jasonmendoza@example.org,2024-01-18,REGULAR
1726,William Romero,bauermichelle@example.org,2026-03-25,REGULAR
1727,Carolyn Vaughan,wwood@example.com,2021-07-12,VIP
1728,Sabrina Chandler,dcampbell@example.org,2021-12-16,REGULAR
1729,William Kelley,deborah77@example.com,2024-02-24,REGULAR
1730,Alice Cross,adamsleslie,2021-10-10,REGULAR
1731,Jessica Carter,bgonzales@example.org,2021-09-27,REGULAR
1732,Hannah Gallagher,brendajohnson@example.net,2023-11-07,REGULAR
1733,Brandon Durham,lloydjennifer@example.com,2024-01-28,REGULAR
1734,Cynthia Sampson,gclayton@example.org,2023-04-03,REGULAR
1735,Stephanie Burton,jessica36@example.com,2025-10-13,REGULAR
1736,Kenneth Garcia,brettfrank@example.com,2022-05-09,REGULAR
1737,Mark Ibarra,anthony35@example.net,2025-05-25,REGULAR
1738,Kendra Schwartz,gomezheather@example.net,2022-02-07,PREMIUM
1739,Crystal Ellis,chadfinley@example.net,2022-08-10,REGULAR
1740,Ann Smith,flopez@example.net,2022-07-14,REGULAR
1741,Kenneth Williams,greenpeggy@example.net,2026-06-13,REGULAR
1742,Renee Mitchell,panderson@example.net,2026-06-06,REGULAR
1743,Robert Bass,maryreid@example.net,2022-03-26,REGULAR
1744,Stephanie Howard,kyle35@example.org,2022-11-15,REGULAR
1745,Edward Leach,glendaarmstrong@example.com,2026-07-06,REGULAR
1746,Adrian Wiley,bonnie79@example.com,2022-02-14,REGULAR
1747,Peter Garcia,paulagraham@example.com,2022-10-07,REGULAR
1748,Adam Vargas,qjohnson@example.net,2022-02-22,PREMIUM
1749,Eric Simpson,cphillips@example.org,2025-08-24,REGULAR
1750,Jonathan Kelly,sprice@example.net,2024-09-07,REGULAR
1751,Julia Sanchez,shannonreynolds@example.net,2022-01-19,REGULAR
1752,John Ruiz MD,melissasanders@example.com,2024-11-04,REGULAR
1753,Kirsten Cervantes,stephanie80@example.org,2023-06-26,REGULAR
1754,Amanda Bennett,dfuller@example.org,2023-12-26,VIP
1755,John May,ngarcia@example.com,2025-01-13,REGULAR
1756,Derrick Hubbard,austin24@example.org,2025-07-07,REGULAR
1757,Andrew Johnson,wpitts@example.net,2023-01-06,REGULAR
1758,Adrian Young,hmann@example.net,2022-08-07,REGULAR
1759,Joan Phillips,walkertracy@example.org,2026-01-24,REGULAR
1760,Laurie Stewart,michael94@example.net,2026-01-06,REGULAR
1761,Erik Pena,nvasquez@example.org,2025-04-06,REGULAR
1762,Paula Daniel,wlane@example.net,2021-08-23,REGULAR
1763,Devin Bolton,jose29@example.com,2024-04-20,REGULAR
1764,Vanessa Shelton,wpatel@example.org,2022-10-13,VIP
1765,Timothy Jennings,joshua89@example.net,2026-03-29,REGULAR
1766,Kyle Wilson,tiffany78@example.com,2024-03-30,REGULAR
1767,Amber Smith,mcgrathnoah@example.net,2026-03-01,REGULAR
1768,Keith Campos,barry65@example.com,2026-01-26,REGULAR
1769,Tiffany Peters,ronald02@example.org,2022-06-18,PREMIUM
1770,Jose Byrd,hendersonpaul@example.org,2023-05-21,REGULAR
1771,Joshua Green,ashleyrussell@example.com,2021-12-23,REGULAR
1772,Deborah Berry,wilkinsscott@example.net,2025-07-20,REGULAR
1773,Lisa Davila,sharonrobinson@example.com,2022-02-04,REGULAR
1774,David Murphy,victoria35@example.org,2023-11-13,REGULAR
1775,Darren Torres,hubbardrobin@example.com,2026-02-21,REGULAR
1776,Ann Ramirez,georgevaughn@example.com,2024-04-02,REGULAR
1777,Brett English,juanmarshall@example.com,2024-10-27,REGULAR
1778,Scott Holloway,millerdavid@,2022-04-30,REGULAR
1779,Glen Delgado,traviswolf@example.com,2024-04-07,REGULAR
1780,David Travis,wilsonnicholas@example.org,2026-03-11,REGULAR
1781,James Black,kbanks@example.org,2023-09-30,REGULAR
1782,Robert Castro,kclark@example.net,2022-11-01,REGULAR
1783,Tammy Gonzalez,ijames@example.com,2021-07-16,REGULAR
1784,Melanie Morrison,josephcombs@example.org,2023-12-15,REGULAR
1785,Logan Diaz,ewatson@example.com,2024-12-28,VIP
1786,Erica Adams,dmcdaniel@example.org,2022-02-06,REGULAR
1787,Andrea Collins,jonessteven@example.net,2021-07-14,REGULAR
1788,Patrick Cunningham,whiteryan@example.net,2021-12-26,REGULAR
1789,Bradley Benson,estradamonica@example.net,2023-02-26,REGULAR
1790,Edward Gonzalez,cherylortiz@example.org,2025-07-30,REGULAR
1791,Michael Thompson,ginadeleon@example.org,2025-06-20,REGULAR
1792,Mr. David Baker,pweber@example.com,2023-07-15,REGULAR
1793,Steven Johnson,chad37@example.com,2026-01-23,REGULAR
1794,Michelle Boyd,gary26@example.net,2021-08-02,REGULAR
1795,Teresa Jackson,castrobrooke@example.com,2023-10-18,VIP
1796,Natalie Cherry,hturner@example.org,2026-06-20,REGULAR
1797,Rebecca Palmer,lroy@example.com,2025-05-11,REGULAR
1798,Stephanie Wade,ybenson@example.net,2022-07-08,REGULAR
1799,Leslie Clark,ztorres@example.com,2024-04-25,REGULAR
1800,Chad Walker,juliebartlett@example.org,2025-03-27,REGULAR
